Feature,Mean_Absolute_SHAP
num__company_size_after,0.027330942418141154
num__funds_raised_mil,0.02247088562969799
cat__stage_Seed,0.016309856705057257
cat__stage_Post-IPO,0.012318037324587187
num__company_size_before,0.010585706689119265
num__days_to_report,0.009295493427835306
num__total_laid_off,0.007074230469679841
num__year,0.0063299592953871865
cat__industry_Food,0.0028629691060724836
cat__industry_Healthcare,0.002654308739993983
cat__industry_FOOD,0.0023883032075159316
cat__date_added_2025-07-25,0.002298888651738434
cat__city_Jersey City,0.0018638129546612822
cat__industry_Data,0.000907127647287675
cat__industry_Transportation,0.0007080679942152164
cat__stage_Series J,0.0006850329741749706
cat__is_weekend_False,0.0006702489904859519
cat__country_Nigeria,0.0006329659991908241
cat__city_SF Bay Area,0.000617376597902163
cat__industry_Finance,0.0005928481734040853
cat__is_weekend_True,0.0003807706496337688
cat__stage_Series A,0.0003742485036240434
cat__day_of_week_Wednesday,0.00036911466537640884
cat__is_us_False,0.00035145852125122916
cat__month_name_August,0.0003355371203437888
cat__industry_Sales,0.0002807668108642535
cat__date_added_2023-12-10,0.000278055054678944
cat__stage_SEED,0.00024995575819445254
cat__day_of_week_Monday,0.00024704188435093356
cat__month_name_April,0.0002079303239281783
cat__country_Vietnam,0.00019361799793425494
cat__stage_Unknown,0.000187955134829557
cat__country_Poland,0.00018001352497035744
cat__date_added_2022-06-04,0.0001637906408318439
cat__date_added_2023-06-14,0.00015613993799453972
num__quarter,0.00015446752305906623
cat__date_added_2024-02-03,0.00014116755409876049
cat__date_added_2023-01-29,0.00012162614334312406
cat__date_added_2026-01-23,0.0001208057997242862
cat__date_added_2024-10-07,0.00011029593153917653
cat__industry_edtech,0.00010840189910735517
cat__date_added_2023-04-05,0.00010787959667190362
cat__date_added_2026-01-14,9.47345710994149e-05
cat__date_added_2026-03-07,9.403295781111212e-05
cat__country_United Arab Emirates,8.372020460441736e-05
cat__stage_seed,8.062143704729389e-05
cat__date_added_2023-03-03,6.424565718871879e-05
cat__city_Dallas,6.159132095921362e-05
cat__city_Unknown,4.674447193433418e-05
cat__day_of_week_Tuesday,4.66809501420005e-05
cat__city_Philadelphia,4.641535599384916e-05
cat__date_added_2023-12-22,4.026795572731686e-05
cat__date_added_2020-05-01,3.527859629037718e-05
cat__stage_Series B,2.543592882850184e-05
cat__date_added_2024-04-30,2.230262280080242e-05
cat__industry_Consumer,2.1765659175375134e-05
cat__date_added_2020-04-15,1.3757736819890253e-06
cat__date_added_2024-05-23,1.3215796322015832e-06
cat__industry_HR,1.2787556719795821e-06
cat__country_Brazil,3.139336563662511e-08
cat__record_id_layoff_05552,0.0
cat__record_id_layoff_05553,0.0
cat__record_id_layoff_05551,0.0
cat__record_id_layoff_05549,0.0
cat__record_id_layoff_05548,0.0
cat__record_id_layoff_05546,0.0
cat__record_id_layoff_05545,0.0
cat__record_id_layoff_05544,0.0
cat__record_id_layoff_05543,0.0
cat__record_id_layoff_05542,0.0
cat__record_id_layoff_05541,0.0
cat__record_id_layoff_05540,0.0
cat__record_id_layoff_05538,0.0
cat__record_id_layoff_05554,0.0
cat__record_id_layoff_05587,0.0
cat__record_id_layoff_05586,0.0
cat__record_id_layoff_05585,0.0
cat__record_id_layoff_05584,0.0
cat__record_id_layoff_05583,0.0
cat__record_id_layoff_05580,0.0
cat__record_id_layoff_05579,0.0
cat__record_id_layoff_05578,0.0
cat__record_id_layoff_05577,0.0
cat__record_id_layoff_05576,0.0
cat__record_id_layoff_05574,0.0
cat__record_id_layoff_05572,0.0
cat__record_id_layoff_05539,0.0
cat__record_id_layoff_05570,0.0
cat__record_id_layoff_05569,0.0
cat__record_id_layoff_05567,0.0
cat__record_id_layoff_05565,0.0
cat__record_id_layoff_05564,0.0
cat__record_id_layoff_05563,0.0
cat__record_id_layoff_05561,0.0
cat__record_id_layoff_05559,0.0
cat__record_id_layoff_05558,0.0
cat__record_id_layoff_05557,0.0
cat__record_id_layoff_05556,0.0
cat__record_id_layoff_05555,0.0
cat__record_id_layoff_05571,0.0
cat__record_id_layoff_05502,0.0
cat__record_id_layoff_05501,0.0
cat__record_id_layoff_05500,0.0
cat__record_id_layoff_05499,0.0
cat__record_id_layoff_05498,0.0
cat__record_id_layoff_05497,0.0
cat__record_id_layoff_05496,0.0
cat__record_id_layoff_05495,0.0
cat__record_id_layoff_05494,0.0
cat__record_id_layoff_05493,0.0
cat__record_id_layoff_05491,0.0
cat__record_id_layoff_05490,0.0
cat__record_id_layoff_05590,0.0
cat__record_id_layoff_05488,0.0
cat__record_id_layoff_05487,0.0
cat__record_id_layoff_05486,0.0
cat__record_id_layoff_05485,0.0
cat__record_id_layoff_05484,0.0
cat__record_id_layoff_05483,0.0
cat__record_id_layoff_05482,0.0
cat__record_id_layoff_05481,0.0
cat__record_id_layoff_05479,0.0
cat__record_id_layoff_05477,0.0
cat__record_id_layoff_05476,0.0
cat__record_id_layoff_05474,0.0
cat__record_id_layoff_05489,0.0
cat__record_id_layoff_05537,0.0
cat__record_id_layoff_05535,0.0
cat__record_id_layoff_05534,0.0
cat__record_id_layoff_05533,0.0
cat__record_id_layoff_05532,0.0
cat__record_id_layoff_05531,0.0
cat__record_id_layoff_05530,0.0
cat__record_id_layoff_05529,0.0
cat__record_id_layoff_05527,0.0
cat__record_id_layoff_05526,0.0
cat__record_id_layoff_05525,0.0
cat__record_id_layoff_05523,0.0
cat__record_id_layoff_05504,0.0
cat__record_id_layoff_05521,0.0
cat__record_id_layoff_05518,0.0
cat__record_id_layoff_05517,0.0
cat__record_id_layoff_05516,0.0
cat__record_id_layoff_05515,0.0
cat__record_id_layoff_05514,0.0
cat__record_id_layoff_05513,0.0
cat__record_id_layoff_05512,0.0
cat__record_id_layoff_05511,0.0
cat__record_id_layoff_05508,0.0
cat__record_id_layoff_05507,0.0
cat__record_id_layoff_05506,0.0
cat__record_id_layoff_05505,0.0
cat__record_id_layoff_05522,0.0
cat__city_AUSTIN,0.0
cat__city_AUCKLAND,0.0
cat__city_ATLANTA,0.0
cat__city_AMSTERDAM,0.0
cat__record_id_layoff_new_0014,0.0
cat__record_id_layoff_new_0013,0.0
cat__record_id_layoff_new_0012,0.0
cat__record_id_layoff_new_0011,0.0
cat__record_id_layoff_new_0010,0.0
cat__record_id_layoff_new_0009,0.0
cat__record_id_layoff_new_0008,0.0
cat__record_id_layoff_05475,0.0
cat__record_id_layoff_new_0006,0.0
cat__record_id_layoff_new_0005,0.0
cat__record_id_layoff_new_0004,0.0
cat__record_id_layoff_new_0003,0.0
cat__record_id_layoff_new_0002,0.0
cat__record_id_layoff_new_0001,0.0
cat__record_id_layoff_05660,0.0
cat__record_id_layoff_05658,0.0
cat__record_id_layoff_05656,0.0
cat__record_id_layoff_05654,0.0
cat__record_id_layoff_05653,0.0
cat__record_id_layoff_05651,0.0
cat__record_id_layoff_new_0007,0.0
cat__city_Baton Rouge,0.0
cat__city_Barcelona,0.0
cat__city_Bangkok,0.0
cat__city_Baltimore,0.0
cat__city_BRNO,0.0
cat__city_BRISBANE,0.0
cat__city_BOSTON,0.0
cat__city_BERLIN,0.0
cat__city_BERKELEY,0.0
cat__city_BENGALURU,0.0
cat__city_BELLEVUE,0.0
cat__city_BEIJING,0.0
cat__city_Abuja,0.0
cat__city_Austin,0.0
cat__city_Auckland,0.0
cat__city_Atlanta,0.0
cat__city_Ann Arbor,0.0
cat__city_Amsterdam,0.0
"cat__city_Alpharetta, GA",0.0
cat__city_Albany,0.0
"cat__city_Alameda, CA",0.0
cat__city_Alameda,0.0
cat__city_Ahmedabad,0.0
cat__city_Agoura Hills,0.0
cat__city_Accra,0.0
"cat__city_Austin, TX",0.0
cat__record_id_layoff_05616,0.0
cat__record_id_layoff_05614,0.0
cat__record_id_layoff_05613,0.0
cat__record_id_layoff_05612,0.0
cat__record_id_layoff_05611,0.0
cat__record_id_layoff_05610,0.0
cat__record_id_layoff_05609,0.0
cat__record_id_layoff_05608,0.0
cat__record_id_layoff_05607,0.0
cat__record_id_layoff_05606,0.0
cat__record_id_layoff_05605,0.0
cat__record_id_layoff_05649,0.0
cat__record_id_layoff_05602,0.0
cat__record_id_layoff_05601,0.0
cat__record_id_layoff_05600,0.0
cat__record_id_layoff_05599,0.0
cat__record_id_layoff_05598,0.0
cat__record_id_layoff_05597,0.0
cat__record_id_layoff_05596,0.0
cat__record_id_layoff_05595,0.0
cat__record_id_layoff_05594,0.0
cat__record_id_layoff_05593,0.0
cat__record_id_layoff_05592,0.0
cat__record_id_layoff_05591,0.0
cat__record_id_layoff_05603,0.0
cat__record_id_layoff_05648,0.0
cat__record_id_layoff_05647,0.0
cat__record_id_layoff_05644,0.0
cat__record_id_layoff_05643,0.0
cat__record_id_layoff_05641,0.0
cat__record_id_layoff_05640,0.0
cat__record_id_layoff_05639,0.0
cat__record_id_layoff_05638,0.0
cat__record_id_layoff_05637,0.0
cat__record_id_layoff_05636,0.0
cat__record_id_layoff_05635,0.0
cat__record_id_layoff_05634,0.0
cat__record_id_layoff_05617,0.0
cat__record_id_layoff_05632,0.0
cat__record_id_layoff_05631,0.0
cat__record_id_layoff_05630,0.0
cat__record_id_layoff_05629,0.0
cat__record_id_layoff_05628,0.0
cat__record_id_layoff_05627,0.0
cat__record_id_layoff_05626,0.0
cat__record_id_layoff_05625,0.0
cat__record_id_layoff_05624,0.0
cat__record_id_layoff_05622,0.0
cat__record_id_layoff_05620,0.0
cat__record_id_layoff_05618,0.0
cat__record_id_layoff_05633,0.0
cat__record_id_layoff_05307,0.0
cat__record_id_layoff_05306,0.0
cat__record_id_layoff_05305,0.0
cat__record_id_layoff_05304,0.0
cat__record_id_layoff_05303,0.0
cat__record_id_layoff_05302,0.0
cat__record_id_layoff_05301,0.0
cat__record_id_layoff_05299,0.0
cat__record_id_layoff_05298,0.0
cat__record_id_layoff_05297,0.0
cat__record_id_layoff_05296,0.0
cat__record_id_layoff_05467,0.0
cat__record_id_layoff_05294,0.0
cat__record_id_layoff_05292,0.0
cat__record_id_layoff_05291,0.0
cat__record_id_layoff_05290,0.0
cat__record_id_layoff_05288,0.0
cat__record_id_layoff_05287,0.0
cat__record_id_layoff_05285,0.0
cat__record_id_layoff_05284,0.0
cat__record_id_layoff_05282,0.0
cat__record_id_layoff_05279,0.0
cat__record_id_layoff_05278,0.0
cat__record_id_layoff_05277,0.0
cat__record_id_layoff_05295,0.0
cat__record_id_layoff_05339,0.0
cat__record_id_layoff_05338,0.0
cat__record_id_layoff_05337,0.0
cat__record_id_layoff_05336,0.0
cat__record_id_layoff_05335,0.0
cat__record_id_layoff_05334,0.0
cat__record_id_layoff_05333,0.0
cat__record_id_layoff_05332,0.0
cat__record_id_layoff_05330,0.0
cat__record_id_layoff_05329,0.0
cat__record_id_layoff_05328,0.0
cat__record_id_layoff_05327,0.0
cat__record_id_layoff_05308,0.0
cat__record_id_layoff_05325,0.0
cat__record_id_layoff_05323,0.0
cat__record_id_layoff_05322,0.0
cat__record_id_layoff_05321,0.0
cat__record_id_layoff_05320,0.0
cat__record_id_layoff_05319,0.0
cat__record_id_layoff_05317,0.0
cat__record_id_layoff_05316,0.0
cat__record_id_layoff_05315,0.0
cat__record_id_layoff_05313,0.0
cat__record_id_layoff_05311,0.0
cat__record_id_layoff_05309,0.0
cat__record_id_layoff_05326,0.0
cat__record_id_layoff_05245,0.0
cat__record_id_layoff_05244,0.0
cat__record_id_layoff_05243,0.0
cat__record_id_layoff_05242,0.0
cat__record_id_layoff_05241,0.0
cat__record_id_layoff_05240,0.0
cat__record_id_layoff_05237,0.0
cat__record_id_layoff_05236,0.0
cat__record_id_layoff_05235,0.0
cat__record_id_layoff_05233,0.0
cat__record_id_layoff_05232,0.0
cat__record_id_layoff_05231,0.0
cat__record_id_layoff_05276,0.0
cat__record_id_layoff_05227,0.0
cat__record_id_layoff_05226,0.0
cat__record_id_layoff_05223,0.0
cat__record_id_layoff_05222,0.0
cat__record_id_layoff_05221,0.0
cat__record_id_layoff_05220,0.0
cat__record_id_layoff_05218,0.0
cat__record_id_layoff_05217,0.0
cat__record_id_layoff_05216,0.0
cat__record_id_layoff_05215,0.0
cat__record_id_layoff_05214,0.0
cat__record_id_layoff_05213,0.0
cat__record_id_layoff_05228,0.0
cat__record_id_layoff_05275,0.0
cat__record_id_layoff_05274,0.0
cat__record_id_layoff_05272,0.0
cat__record_id_layoff_05271,0.0
cat__record_id_layoff_05270,0.0
cat__record_id_layoff_05269,0.0
cat__record_id_layoff_05267,0.0
cat__record_id_layoff_05266,0.0
cat__record_id_layoff_05265,0.0
cat__record_id_layoff_05264,0.0
cat__record_id_layoff_05263,0.0
cat__record_id_layoff_05262,0.0
cat__record_id_layoff_05246,0.0
cat__record_id_layoff_05260,0.0
cat__record_id_layoff_05259,0.0
cat__record_id_layoff_05258,0.0
cat__record_id_layoff_05257,0.0
cat__record_id_layoff_05256,0.0
cat__record_id_layoff_05254,0.0
cat__record_id_layoff_05253,0.0
cat__record_id_layoff_05252,0.0
cat__record_id_layoff_05250,0.0
cat__record_id_layoff_05249,0.0
cat__record_id_layoff_05248,0.0
cat__record_id_layoff_05247,0.0
cat__record_id_layoff_05261,0.0
cat__record_id_layoff_05444,0.0
cat__record_id_layoff_05443,0.0
cat__record_id_layoff_05442,0.0
cat__record_id_layoff_05440,0.0
cat__record_id_layoff_05439,0.0
cat__record_id_layoff_05438,0.0
cat__record_id_layoff_05437,0.0
cat__record_id_layoff_05435,0.0
cat__record_id_layoff_05434,0.0
cat__record_id_layoff_05433,0.0
cat__record_id_layoff_05432,0.0
cat__record_id_layoff_05431,0.0
cat__record_id_layoff_05340,0.0
cat__record_id_layoff_05429,0.0
cat__record_id_layoff_05427,0.0
cat__record_id_layoff_05426,0.0
cat__record_id_layoff_05424,0.0
cat__record_id_layoff_05422,0.0
cat__record_id_layoff_05421,0.0
cat__record_id_layoff_05418,0.0
cat__record_id_layoff_05417,0.0
cat__record_id_layoff_05416,0.0
cat__record_id_layoff_05415,0.0
cat__record_id_layoff_05414,0.0
cat__record_id_layoff_05413,0.0
cat__record_id_layoff_05430,0.0
cat__record_id_layoff_05472,0.0
cat__record_id_layoff_05471,0.0
cat__record_id_layoff_05470,0.0
cat__record_id_layoff_05469,0.0
cat__record_id_layoff_05468,0.0
"cat__city_Bay Area, CA",0.0
cat__record_id_layoff_05466,0.0
cat__record_id_layoff_05465,0.0
cat__record_id_layoff_05464,0.0
cat__record_id_layoff_05463,0.0
cat__record_id_layoff_05462,0.0
cat__record_id_layoff_05461,0.0
cat__record_id_layoff_05446,0.0
cat__record_id_layoff_05459,0.0
cat__record_id_layoff_05458,0.0
cat__record_id_layoff_05457,0.0
cat__record_id_layoff_05456,0.0
cat__record_id_layoff_05455,0.0
cat__record_id_layoff_05454,0.0
cat__record_id_layoff_05452,0.0
cat__record_id_layoff_05451,0.0
cat__record_id_layoff_05450,0.0
cat__record_id_layoff_05449,0.0
cat__record_id_layoff_05448,0.0
cat__record_id_layoff_05447,0.0
cat__record_id_layoff_05460,0.0
cat__record_id_layoff_05375,0.0
cat__record_id_layoff_05371,0.0
cat__record_id_layoff_05369,0.0
cat__record_id_layoff_05368,0.0
cat__record_id_layoff_05367,0.0
cat__record_id_layoff_05365,0.0
cat__record_id_layoff_05364,0.0
cat__record_id_layoff_05363,0.0
cat__record_id_layoff_05362,0.0
cat__record_id_layoff_05361,0.0
cat__record_id_layoff_05360,0.0
cat__record_id_layoff_05358,0.0
cat__record_id_layoff_05411,0.0
cat__record_id_layoff_05355,0.0
cat__record_id_layoff_05354,0.0
cat__record_id_layoff_05353,0.0
cat__record_id_layoff_05352,0.0
cat__record_id_layoff_05350,0.0
cat__record_id_layoff_05348,0.0
cat__record_id_layoff_05347,0.0
cat__record_id_layoff_05346,0.0
cat__record_id_layoff_05345,0.0
cat__record_id_layoff_05343,0.0
cat__record_id_layoff_05342,0.0
cat__record_id_layoff_05341,0.0
cat__record_id_layoff_05357,0.0
cat__record_id_layoff_05409,0.0
cat__record_id_layoff_05408,0.0
cat__record_id_layoff_05406,0.0
cat__record_id_layoff_05405,0.0
cat__record_id_layoff_05404,0.0
cat__record_id_layoff_05403,0.0
cat__record_id_layoff_05401,0.0
cat__record_id_layoff_05400,0.0
cat__record_id_layoff_05398,0.0
cat__record_id_layoff_05397,0.0
cat__record_id_layoff_05396,0.0
cat__record_id_layoff_05395,0.0
cat__record_id_layoff_05377,0.0
cat__record_id_layoff_05392,0.0
cat__record_id_layoff_05391,0.0
cat__record_id_layoff_05390,0.0
cat__record_id_layoff_05388,0.0
cat__record_id_layoff_05385,0.0
cat__record_id_layoff_05384,0.0
cat__record_id_layoff_05383,0.0
cat__record_id_layoff_05382,0.0
cat__record_id_layoff_05381,0.0
cat__record_id_layoff_05380,0.0
cat__record_id_layoff_05379,0.0
cat__record_id_layoff_05378,0.0
cat__record_id_layoff_05393,0.0
cat__city_SAN DIEGO,0.0
cat__city_SAN ANTONIO,0.0
cat__city_SALT LAKE CITY,0.0
cat__city_SACRAMENTO,0.0
cat__city_Rochester,0.0
cat__city_Riyadh,0.0
cat__city_Richmond,0.0
"cat__city_Reston, VA",0.0
cat__city_Reno,0.0
"cat__city_Redwood City, CA",0.0
cat__city_Redwood City,0.0
cat__city_Bend,0.0
cat__city_Raleigh,0.0
cat__city_Ra'anana,0.0
cat__city_Quebec,0.0
"cat__city_Purchase, NY",0.0
cat__city_Pune,0.0
"cat__city_Provo, UT",0.0
cat__city_Providence,0.0
cat__city_Prague,0.0
cat__city_Porto Alegre,0.0
cat__city_Portland,0.0
cat__city_Port St. Lucie,0.0
cat__city_Pleasanton,0.0
cat__city_Ramat Gan,0.0
cat__city_San Leandro,0.0
"cat__city_San Jose, CA",0.0
cat__city_San Jose,0.0
cat__city_San Franicsco,0.0
cat__city_San Francsico,0.0
cat__city_San Francisco,0.0
cat__city_San Diego,0.0
"cat__city_San Carlos, CA",0.0
cat__city_San Carlos,0.0
cat__city_San Bruno,0.0
cat__city_San Antonio,0.0
cat__city_Salt Lake City,0.0
cat__city_SAN FRANCISCO,0.0
cat__city_Sacramento,0.0
cat__city_SYDNEY,0.0
cat__city_SUNNYVALE,0.0
cat__city_STOCKHOLM,0.0
cat__city_STAMFORD,0.0
cat__city_SINGAPORE,0.0
cat__city_SF BAY AREA,0.0
cat__city_SEATTLE,0.0
"cat__city_SARATOGA, CA",0.0
cat__city_SAO PAULO,0.0
cat__city_SANTA CLARA,0.0
cat__city_SAN MATEO,0.0
cat__city_Salisbury,0.0
cat__city_New York City,0.0
cat__city_New York,0.0
cat__city_New Orleans,0.0
cat__city_New Hope,0.0
cat__city_New Haven,0.0
"cat__city_New Delhi, New York City",0.0
cat__city_New Delhi,0.0
"cat__city_New City, NY",0.0
cat__city_Ness Ziona,0.0
cat__city_Needham,0.0
"cat__city_Nebraska City, NE",0.0
cat__city_Nebraska City,0.0
"cat__city_Playa Visa, California",0.0
cat__city_Nashua,0.0
cat__city_Nashik,0.0
cat__city_Nairobi,0.0
cat__city_NEW YORK CITY,0.0
cat__city_NEW YORK,0.0
cat__city_NEW DELHI,0.0
"cat__city_NAPA, CA",0.0
cat__city_NAIROBI,0.0
cat__city_Munich,0.0
"cat__city_Mumbai, India",0.0
cat__city_Mumbai,0.0
"cat__city_Mountain View, CA",0.0
cat__city_Nashville,0.0
cat__city_Pittsburgh,0.0
cat__city_Phoenix,0.0
cat__city_Paris,0.0
"cat__city_Palo Alto, CA",0.0
cat__city_Palo Alto,0.0
cat__city_PORTLAND,0.0
cat__city_PLEASANTON,0.0
cat__city_PITTSBURGH,0.0
cat__city_PALO ALTO,0.0
cat__city_Oxford,0.0
"cat__city_Ottawa, Canada",0.0
cat__city_Ottawa,0.0
cat__city_Newark,0.0
cat__city_Orlando,0.0
cat__city_Omaha,0.0
"cat__city_Oakland, CA",0.0
cat__city_Oakland,0.0
cat__city_OSLO,0.0
cat__city_OKLAHOMA CITY,0.0
cat__city_Novato,0.0
cat__city_Norwalk,0.0
cat__city_North Bethesda,0.0
cat__city_Noida,0.0
cat__city_Nicosia,0.0
"cat__city_Newark, DE",0.0
cat__city_Oslo,0.0
"cat__city_Wilmington, NC",0.0
cat__city_Wilmington,0.0
"cat__city_Williston, VT",0.0
cat__city_Wellington,0.0
cat__city_Waterloo,0.0
"cat__city_Waterford, MI",0.0
"cat__city_Washington, DC",0.0
cat__city_Washington DC,0.0
cat__city_Washington D.C.,0.0
cat__city_Warsaw,0.0
cat__city_Waltham,0.0
cat__city_San Luis Obispo,0.0
"cat__city_Walnut Creek, CA",0.0
cat__city_Walnut Creek,0.0
cat__city_Walnut,0.0
cat__city_Walldorf,0.0
cat__city_WATERLOO,0.0
cat__city_WASHINGTON DC,0.0
cat__city_WASHINGTON D.C.,0.0
cat__city_WALNUT,0.0
cat__city_Vilnius,0.0
cat__city_Vienna,0.0
cat__city_Ventura,0.0
cat__city_Vancouver,0.0
"cat__city_Walpole, MA",0.0
cat__city_dresden,0.0
cat__city_detroit,0.0
cat__city_denver,0.0
cat__city_coral gables,0.0
cat__city_columbus,0.0
cat__city_cologne,0.0
cat__city_chicago,0.0
cat__city_chennai,0.0
cat__city_charlotte,0.0
cat__city_calgary,0.0
cat__city_cairo,0.0
cat__city_burlington,0.0
cat__city_Winnipeg,0.0
cat__city_berlin,0.0
cat__city_bengaluru,0.0
cat__city_baltimore,0.0
cat__city_austin,0.0
cat__city_atlanta,0.0
cat__city_amsterdam,0.0
cat__city_adelaide,0.0
cat__city_Zurich,0.0
cat__city_Zug,0.0
cat__city_Zephyr Cove,0.0
cat__city_Yangon,0.0
cat__city_Xi'an,0.0
cat__city_boston,0.0
"cat__city_South Jordan, Utah",0.0
cat__city_Sofia,0.0
cat__city_Sliema,0.0
cat__city_Singapore,0.0
cat__city_Shenzen,0.0
cat__city_Sheffield,0.0
cat__city_Shanghai,0.0
cat__city_Seoul,0.0
cat__city_Selangor,0.0
cat__city_Seattle,0.0
cat__city_Sderot,0.0
cat__city_Saskatoon,0.0
cat__city_VIENNA,0.0
cat__city_Santiago,0.0
"cat__city_Santa Monica, CA",0.0
cat__city_Santa Monica,0.0
cat__city_Santa Fe,0.0
"cat__city_Santa Clara, CA",0.0
cat__city_Santa Clara,0.0
"cat__city_Santa Barbara, CA",0.0
cat__city_Santa Barbara,0.0
cat__city_San Ramon,0.0
cat__city_San Rafael,0.0
"cat__city_San Mateo, CA",0.0
cat__city_San Mateo,0.0
cat__city_Sao Paulo,0.0
cat__city_VERNON HILLS,0.0
"cat__city_VENICE, CA",0.0
cat__city_VANCOUVER,0.0
cat__city_Utrecht,0.0
cat__city_Trondheim,0.0
cat__city_Trivandrum,0.0
cat__city_Toulouse,0.0
"cat__city_Torrance, California",0.0
cat__city_Toronto,0.0
cat__city_Tokyo,0.0
"cat__city_Tempe, AZ",0.0
cat__city_Tel Aviv,0.0
cat__city_Spokane,0.0
cat__city_Tallinn,0.0
cat__city_TORONTO,0.0
cat__city_TEL AVIV,0.0
cat__city_TALLINN,0.0
cat__city_Sydney,0.0
"cat__city_Sunnyvale, CA",0.0
cat__city_Sunnyvale,0.0
"cat__city_Stockholm, Sweden",0.0
cat__city_Stockholm,0.0
"cat__city_Stamford, CT",0.0
cat__city_Stamford,0.0
cat__city_St. Louis,0.0
cat__city_Tampa Bay,0.0
cat__city_El Segundo,0.0
cat__city_Eindhoven,0.0
cat__city_Edinburgh,0.0
cat__city_Düsseldorf,0.0
cat__city_Dusseldorf,0.0
"cat__city_Durham, North Carolina",0.0
cat__city_Durham,0.0
cat__city_Dublin,0.0
cat__city_Dubai,0.0
"cat__city_Dover, DE",0.0
cat__city_Dover,0.0
cat__city_Mountain View,0.0
cat__city_Detroit,0.0
cat__city_Denver,0.0
cat__city_Dakar,0.0
cat__city_DENVER,0.0
cat__city_DALLAS,0.0
cat__city_Curitiba,0.0
cat__city_Cupertino,0.0
cat__city_Culver City,0.0
cat__city_Corvallis,0.0
cat__city_Copenhagen,0.0
cat__city_Columbus,0.0
cat__city_Cologne,0.0
cat__city_Dever,0.0
cat__city_Gurugram,0.0
cat__city_Guildford,0.0
cat__city_Greenwood Village,0.0
"cat__city_Greenville, SC",0.0
"cat__city_Grand Rapids, MI",0.0
cat__city_Grand Rapids,0.0
cat__city_Gothenburg,0.0
cat__city_Ghent,0.0
cat__city_George Town,0.0
cat__city_Geneva,0.0
cat__city_GURUGRAM,0.0
cat__city_Førde,0.0
"cat__city_Emeryville, California",0.0
cat__city_Fremont,0.0
cat__city_Frankfurt am Main,0.0
cat__city_Frankfurt,0.0
"cat__city_Framingham, MA",0.0
cat__city_Foster City,0.0
"cat__city_Fort Lauderdale, FL",0.0
cat__city_Fort Collins,0.0
cat__city_Forster City,0.0
cat__city_Florianópolis,0.0
cat__city_Ferdericton,0.0
cat__city_Fayetteville,0.0
cat__city_Espoo,0.0
cat__city_Fresno,0.0
cat__city_Budapest,0.0
cat__city_Bucharest,0.0
cat__city_Brno,0.0
cat__city_Bristol,0.0
cat__city_Brisbane,0.0
cat__city_Brasilia,0.0
cat__city_Boulder,0.0
cat__city_Boston,0.0
cat__city_Boise,0.0
cat__city_Bogota,0.0
cat__city_Blumenau,0.0
cat__city_Birmingham,0.0
cat__city_Cluj-Napoca,0.0
cat__city_Berlin,0.0
cat__city_Berkeley,0.0
cat__city_Bengaluru,0.0
"cat__city_Bend, Oregon",0.0
cat__record_id_layoff_05211,0.0
cat__city_Belo Horizonte,0.0
"cat__city_Belmont, CA",0.0
"cat__city_Bellevue, WA",0.0
cat__city_Bellevue,0.0
cat__city_Belleville,0.0
cat__city_Beijing,0.0
cat__city_Beau Vallon,0.0
cat__city_Bethesda,0.0
cat__city_Cleveland,0.0
cat__city_Cincinnati,0.0
cat__city_Chicago,0.0
"cat__city_Chesterfield, MO",0.0
cat__city_Chennai,0.0
cat__city_Chattanooga,0.0
cat__city_Charlottesville,0.0
"cat__city_Charlotte, NC",0.0
cat__city_Charlotte,0.0
cat__city_Charleston,0.0
cat__city_Cayman Islands,0.0
cat__city_Cary,0.0
cat__city_Buenos Aires,0.0
cat__city_Campbell,0.0
"cat__city_Cambridge, MA",0.0
cat__city_Camarillo,0.0
cat__city_Calgary,0.0
cat__city_Cairo,0.0
cat__city_COLUMBUS,0.0
cat__city_CHICAGO,0.0
cat__city_CHENNAI,0.0
cat__city_CHARLOTTE,0.0
"cat__city_Burlington, MA",0.0
cat__city_Burlington,0.0
cat__city_Burlingame,0.0
cat__city_Cape Town,0.0
cat__city_MIAMI,0.0
cat__city_MENLO PARK,0.0
cat__city_MEMPHIS,0.0
"cat__city_Luxembourg, Raleigh",0.0
cat__city_Luxembourg,0.0
cat__city_Louisville,0.0
"cat__city_Los Gatos, CA",0.0
cat__city_Los Gatos,0.0
cat__city_Los Angeles,0.0
cat__city_Los Altos,0.0
cat__city_London Colney,0.0
cat__city_Gydnia,0.0
cat__city_Logan,0.0
cat__city_Lodz,0.0
cat__city_Livermore,0.0
cat__city_Little Rock,0.0
cat__city_Lisbon,0.0
cat__city_Linz,0.0
"cat__city_Lincoln, NE",0.0
cat__city_Lincoln,0.0
cat__city_Lima,0.0
cat__city_Lexington,0.0
"cat__city_Lehi, UT",0.0
cat__city_Lehi,0.0
cat__city_London,0.0
cat__city_Morrisville,0.0
cat__city_Montreal,0.0
cat__city_Montevideo,0.0
cat__city_Monterrey,0.0
cat__city_Missoula,0.0
cat__city_Minneapolis,0.0
cat__city_Minato,0.0
cat__city_Milwaukee,0.0
cat__city_Milpitas,0.0
"cat__city_Miami, FL",0.0
cat__city_Miami,0.0
cat__city_Mexico City,0.0
cat__city_MINNEAPOLIS,0.0
cat__city_Memphis,0.0
cat__city_Melbourne,0.0
cat__city_Massachusetts,0.0
cat__city_Manila,0.0
cat__city_Manchester,0.0
cat__city_Malmö,0.0
cat__city_Malmo,0.0
cat__city_Madrid,0.0
cat__city_Madison,0.0
cat__city_MUMBAI,0.0
cat__city_MOUNTAIN VIEW,0.0
cat__city_MONTREAL,0.0
cat__city_Menlo Park,0.0
cat__city_JAKARTA,0.0
cat__city_Islamabad,0.0
"cat__city_Irvine, CA",0.0
cat__city_Indore,0.0
cat__city_Indianapolis,0.0
"cat__city_Incline Village, NV",0.0
cat__city_Ibadan,0.0
cat__city_Hyderabad,0.0
"cat__city_Hyattsville, MD",0.0
cat__city_Huntsville,0.0
cat__city_Huntington Beach,0.0
cat__city_Houston,0.0
cat__city_Leeds,0.0
cat__city_Hong Kong,0.0
"cat__city_Hoboken, New Jersey",0.0
cat__city_Ho Chi Minh City,0.0
cat__city_Herzliya,0.0
cat__city_Helsinki,0.0
"cat__city_Hayward, California",0.0
"cat__city_Hayward, CA",0.0
cat__city_Hayward,0.0
cat__city_Hangzhou,0.0
"cat__city_Hamilton, OH",0.0
cat__city_Hamburg,0.0
cat__city_Haifa,0.0
cat__city_Hoofddorp,0.0
"cat__city_Leawood, KS",0.0
cat__city_Leamington Spa,0.0
cat__city_Las Vegas,0.0
cat__city_Lahore,0.0
cat__city_Lagos,0.0
cat__city_LOUISVILLE,0.0
cat__city_LOS ANGELES,0.0
cat__city_LONDON,0.0
cat__city_LIMASSOL,0.0
cat__city_LEHI,0.0
cat__city_LAGOS,0.0
cat__city_Kyiv,0.0
cat__city_JERUSALEM,0.0
cat__city_Kitchener,0.0
cat__city_Kiel,0.0
cat__city_Kfar Saba,0.0
cat__city_Karlsruhe,0.0
cat__city_Karachi,0.0
cat__city_Kansas City,0.0
cat__city_Kadoma,0.0
cat__city_Joinville,0.0
cat__city_Jerusalem,0.0
cat__record_id_layoff_00012,0.0
cat__city_Jakarta,0.0
cat__city_Jacksonville,0.0
cat__city_Krakow,0.0
cat__record_id_layoff_04550,0.0
cat__record_id_layoff_04549,0.0
cat__record_id_layoff_04548,0.0
cat__record_id_layoff_04547,0.0
cat__record_id_layoff_04546,0.0
cat__record_id_layoff_04544,0.0
cat__record_id_layoff_04543,0.0
cat__record_id_layoff_04542,0.0
cat__record_id_layoff_04541,0.0
cat__record_id_layoff_04539,0.0
cat__record_id_layoff_04537,0.0
cat__record_id_layoff_05204,0.0
cat__record_id_layoff_04534,0.0
cat__record_id_layoff_04533,0.0
cat__record_id_layoff_04530,0.0
cat__record_id_layoff_04529,0.0
cat__record_id_layoff_04528,0.0
cat__record_id_layoff_04527,0.0
cat__record_id_layoff_04526,0.0
cat__record_id_layoff_04523,0.0
cat__record_id_layoff_04521,0.0
cat__record_id_layoff_04520,0.0
cat__record_id_layoff_04519,0.0
cat__record_id_layoff_04518,0.0
cat__record_id_layoff_04535,0.0
cat__record_id_layoff_04584,0.0
cat__record_id_layoff_04582,0.0
cat__record_id_layoff_04580,0.0
cat__record_id_layoff_04579,0.0
cat__record_id_layoff_04578,0.0
cat__record_id_layoff_04577,0.0
cat__record_id_layoff_04576,0.0
cat__record_id_layoff_04572,0.0
cat__record_id_layoff_04570,0.0
cat__record_id_layoff_04569,0.0
cat__record_id_layoff_04568,0.0
cat__record_id_layoff_04567,0.0
cat__record_id_layoff_04551,0.0
cat__record_id_layoff_04564,0.0
cat__record_id_layoff_04563,0.0
cat__record_id_layoff_04562,0.0
cat__record_id_layoff_04561,0.0
cat__record_id_layoff_04559,0.0
cat__record_id_layoff_04558,0.0
cat__record_id_layoff_04557,0.0
cat__record_id_layoff_04556,0.0
cat__record_id_layoff_04555,0.0
cat__record_id_layoff_04554,0.0
cat__record_id_layoff_04553,0.0
cat__record_id_layoff_04552,0.0
cat__record_id_layoff_04566,0.0
cat__record_id_layoff_04485,0.0
cat__record_id_layoff_04484,0.0
cat__record_id_layoff_04483,0.0
cat__record_id_layoff_04482,0.0
cat__record_id_layoff_04479,0.0
cat__record_id_layoff_04478,0.0
cat__record_id_layoff_04477,0.0
cat__record_id_layoff_04476,0.0
cat__record_id_layoff_04474,0.0
cat__record_id_layoff_04472,0.0
cat__record_id_layoff_04471,0.0
cat__record_id_layoff_04470,0.0
cat__record_id_layoff_04517,0.0
cat__record_id_layoff_04468,0.0
cat__record_id_layoff_04467,0.0
cat__record_id_layoff_04465,0.0
cat__record_id_layoff_04464,0.0
cat__record_id_layoff_04463,0.0
cat__record_id_layoff_04462,0.0
cat__record_id_layoff_04461,0.0
cat__record_id_layoff_04460,0.0
cat__record_id_layoff_04458,0.0
cat__record_id_layoff_04457,0.0
cat__record_id_layoff_04456,0.0
cat__record_id_layoff_04454,0.0
cat__record_id_layoff_04469,0.0
cat__record_id_layoff_04516,0.0
cat__record_id_layoff_04515,0.0
cat__record_id_layoff_04514,0.0
cat__record_id_layoff_04513,0.0
cat__record_id_layoff_04512,0.0
cat__record_id_layoff_04511,0.0
cat__record_id_layoff_04510,0.0
cat__record_id_layoff_04509,0.0
cat__record_id_layoff_04508,0.0
cat__record_id_layoff_04507,0.0
cat__record_id_layoff_04506,0.0
cat__record_id_layoff_04505,0.0
cat__record_id_layoff_04486,0.0
cat__record_id_layoff_04503,0.0
cat__record_id_layoff_04501,0.0
cat__record_id_layoff_04500,0.0
cat__record_id_layoff_04498,0.0
cat__record_id_layoff_04497,0.0
cat__record_id_layoff_04496,0.0
cat__record_id_layoff_04494,0.0
cat__record_id_layoff_04492,0.0
cat__record_id_layoff_04491,0.0
cat__record_id_layoff_04489,0.0
cat__record_id_layoff_04488,0.0
cat__record_id_layoff_04487,0.0
cat__record_id_layoff_04504,0.0
cat__record_id_layoff_04677,0.0
cat__record_id_layoff_04676,0.0
cat__record_id_layoff_04675,0.0
cat__record_id_layoff_04674,0.0
cat__record_id_layoff_04673,0.0
cat__record_id_layoff_04672,0.0
cat__record_id_layoff_04671,0.0
cat__record_id_layoff_04670,0.0
cat__record_id_layoff_04669,0.0
cat__record_id_layoff_04668,0.0
cat__record_id_layoff_04667,0.0
cat__record_id_layoff_04665,0.0
cat__record_id_layoff_04585,0.0
cat__record_id_layoff_04662,0.0
cat__record_id_layoff_04661,0.0
cat__record_id_layoff_04660,0.0
cat__record_id_layoff_04659,0.0
cat__record_id_layoff_04658,0.0
cat__record_id_layoff_04657,0.0
cat__record_id_layoff_04656,0.0
cat__record_id_layoff_04655,0.0
cat__record_id_layoff_04654,0.0
cat__record_id_layoff_04653,0.0
cat__record_id_layoff_04652,0.0
cat__record_id_layoff_04651,0.0
cat__record_id_layoff_04663,0.0
cat__record_id_layoff_04710,0.0
cat__record_id_layoff_04708,0.0
cat__record_id_layoff_04707,0.0
cat__record_id_layoff_04705,0.0
cat__record_id_layoff_04704,0.0
cat__record_id_layoff_04703,0.0
cat__record_id_layoff_04702,0.0
cat__record_id_layoff_04701,0.0
cat__record_id_layoff_04700,0.0
cat__record_id_layoff_04699,0.0
cat__record_id_layoff_04697,0.0
cat__record_id_layoff_04696,0.0
cat__record_id_layoff_04678,0.0
cat__record_id_layoff_04692,0.0
cat__record_id_layoff_04691,0.0
cat__record_id_layoff_04689,0.0
cat__record_id_layoff_04688,0.0
cat__record_id_layoff_04687,0.0
cat__record_id_layoff_04686,0.0
cat__record_id_layoff_04684,0.0
cat__record_id_layoff_04683,0.0
cat__record_id_layoff_04682,0.0
cat__record_id_layoff_04681,0.0
cat__record_id_layoff_04680,0.0
cat__record_id_layoff_04679,0.0
cat__record_id_layoff_04693,0.0
cat__record_id_layoff_04618,0.0
cat__record_id_layoff_04617,0.0
cat__record_id_layoff_04616,0.0
cat__record_id_layoff_04614,0.0
cat__record_id_layoff_04613,0.0
cat__record_id_layoff_04612,0.0
cat__record_id_layoff_04609,0.0
cat__record_id_layoff_04608,0.0
cat__record_id_layoff_04606,0.0
cat__record_id_layoff_04604,0.0
cat__record_id_layoff_04603,0.0
cat__record_id_layoff_04602,0.0
cat__record_id_layoff_04650,0.0
cat__record_id_layoff_04600,0.0
cat__record_id_layoff_04599,0.0
cat__record_id_layoff_04598,0.0
cat__record_id_layoff_04597,0.0
cat__record_id_layoff_04595,0.0
cat__record_id_layoff_04594,0.0
cat__record_id_layoff_04593,0.0
cat__record_id_layoff_04592,0.0
cat__record_id_layoff_04591,0.0
cat__record_id_layoff_04590,0.0
cat__record_id_layoff_04587,0.0
cat__record_id_layoff_04586,0.0
cat__record_id_layoff_04601,0.0
cat__record_id_layoff_04649,0.0
cat__record_id_layoff_04648,0.0
cat__record_id_layoff_04646,0.0
cat__record_id_layoff_04645,0.0
cat__record_id_layoff_04643,0.0
cat__record_id_layoff_04641,0.0
cat__record_id_layoff_04640,0.0
cat__record_id_layoff_04638,0.0
cat__record_id_layoff_04637,0.0
cat__record_id_layoff_04636,0.0
cat__record_id_layoff_04635,0.0
cat__record_id_layoff_04634,0.0
cat__record_id_layoff_04619,0.0
cat__record_id_layoff_04632,0.0
cat__record_id_layoff_04631,0.0
cat__record_id_layoff_04630,0.0
cat__record_id_layoff_04629,0.0
cat__record_id_layoff_04628,0.0
cat__record_id_layoff_04627,0.0
cat__record_id_layoff_04626,0.0
cat__record_id_layoff_04625,0.0
cat__record_id_layoff_04624,0.0
cat__record_id_layoff_04622,0.0
cat__record_id_layoff_04621,0.0
cat__record_id_layoff_04620,0.0
cat__record_id_layoff_04633,0.0
cat__record_id_layoff_04292,0.0
cat__record_id_layoff_04291,0.0
cat__record_id_layoff_04290,0.0
cat__record_id_layoff_04289,0.0
cat__record_id_layoff_04288,0.0
cat__record_id_layoff_04287,0.0
cat__record_id_layoff_04286,0.0
cat__record_id_layoff_04284,0.0
cat__record_id_layoff_04283,0.0
cat__record_id_layoff_04282,0.0
cat__record_id_layoff_04281,0.0
cat__record_id_layoff_04453,0.0
cat__record_id_layoff_04279,0.0
cat__record_id_layoff_04278,0.0
cat__record_id_layoff_04277,0.0
cat__record_id_layoff_04276,0.0
cat__record_id_layoff_04275,0.0
cat__record_id_layoff_04273,0.0
cat__record_id_layoff_04271,0.0
cat__record_id_layoff_04270,0.0
cat__record_id_layoff_04269,0.0
cat__record_id_layoff_04265,0.0
cat__record_id_layoff_04264,0.0
cat__record_id_layoff_04263,0.0
cat__record_id_layoff_04280,0.0
cat__record_id_layoff_04325,0.0
cat__record_id_layoff_04324,0.0
cat__record_id_layoff_04322,0.0
cat__record_id_layoff_04321,0.0
cat__record_id_layoff_04320,0.0
cat__record_id_layoff_04319,0.0
cat__record_id_layoff_04318,0.0
cat__record_id_layoff_04317,0.0
cat__record_id_layoff_04315,0.0
cat__record_id_layoff_04314,0.0
cat__record_id_layoff_04313,0.0
cat__record_id_layoff_04312,0.0
cat__record_id_layoff_04293,0.0
cat__record_id_layoff_04308,0.0
cat__record_id_layoff_04307,0.0
cat__record_id_layoff_04306,0.0
cat__record_id_layoff_04305,0.0
cat__record_id_layoff_04304,0.0
cat__record_id_layoff_04303,0.0
cat__record_id_layoff_04302,0.0
cat__record_id_layoff_04301,0.0
cat__record_id_layoff_04300,0.0
cat__record_id_layoff_04299,0.0
cat__record_id_layoff_04297,0.0
cat__record_id_layoff_04296,0.0
cat__record_id_layoff_04311,0.0
cat__record_id_layoff_04223,0.0
cat__record_id_layoff_04222,0.0
cat__record_id_layoff_04218,0.0
cat__record_id_layoff_04217,0.0
cat__record_id_layoff_04216,0.0
cat__record_id_layoff_04215,0.0
cat__record_id_layoff_04214,0.0
cat__record_id_layoff_04213,0.0
cat__record_id_layoff_04211,0.0
cat__record_id_layoff_04210,0.0
cat__record_id_layoff_04209,0.0
cat__record_id_layoff_04208,0.0
cat__record_id_layoff_04262,0.0
cat__record_id_layoff_04206,0.0
cat__record_id_layoff_04205,0.0
cat__record_id_layoff_04204,0.0
cat__record_id_layoff_04203,0.0
cat__record_id_layoff_04202,0.0
cat__record_id_layoff_04201,0.0
cat__record_id_layoff_04200,0.0
cat__record_id_layoff_04199,0.0
cat__record_id_layoff_04198,0.0
cat__record_id_layoff_04197,0.0
cat__record_id_layoff_04196,0.0
cat__record_id_layoff_04194,0.0
cat__record_id_layoff_04207,0.0
cat__record_id_layoff_04260,0.0
cat__record_id_layoff_04258,0.0
cat__record_id_layoff_04257,0.0
cat__record_id_layoff_04256,0.0
cat__record_id_layoff_04254,0.0
cat__record_id_layoff_04253,0.0
cat__record_id_layoff_04252,0.0
cat__record_id_layoff_04249,0.0
cat__record_id_layoff_04248,0.0
cat__record_id_layoff_04247,0.0
cat__record_id_layoff_04244,0.0
cat__record_id_layoff_04241,0.0
cat__record_id_layoff_04226,0.0
cat__record_id_layoff_04238,0.0
cat__record_id_layoff_04237,0.0
cat__record_id_layoff_04236,0.0
cat__record_id_layoff_04235,0.0
cat__record_id_layoff_04234,0.0
cat__record_id_layoff_04233,0.0
cat__record_id_layoff_04232,0.0
cat__record_id_layoff_04231,0.0
cat__record_id_layoff_04230,0.0
cat__record_id_layoff_04229,0.0
cat__record_id_layoff_04228,0.0
cat__record_id_layoff_04227,0.0
cat__record_id_layoff_04240,0.0
cat__record_id_layoff_04424,0.0
cat__record_id_layoff_04422,0.0
cat__record_id_layoff_04421,0.0
cat__record_id_layoff_04420,0.0
cat__record_id_layoff_04419,0.0
cat__record_id_layoff_04418,0.0
cat__record_id_layoff_04416,0.0
cat__record_id_layoff_04415,0.0
cat__record_id_layoff_04414,0.0
cat__record_id_layoff_04413,0.0
cat__record_id_layoff_04412,0.0
cat__record_id_layoff_04411,0.0
cat__record_id_layoff_04326,0.0
cat__record_id_layoff_04406,0.0
cat__record_id_layoff_04405,0.0
cat__record_id_layoff_04403,0.0
cat__record_id_layoff_04402,0.0
cat__record_id_layoff_04401,0.0
cat__record_id_layoff_04400,0.0
cat__record_id_layoff_04398,0.0
cat__record_id_layoff_04395,0.0
cat__record_id_layoff_04394,0.0
cat__record_id_layoff_04393,0.0
cat__record_id_layoff_04392,0.0
cat__record_id_layoff_04391,0.0
cat__record_id_layoff_04407,0.0
cat__record_id_layoff_04452,0.0
cat__record_id_layoff_04451,0.0
cat__record_id_layoff_04450,0.0
cat__record_id_layoff_04449,0.0
cat__record_id_layoff_04448,0.0
cat__record_id_layoff_04447,0.0
cat__record_id_layoff_04446,0.0
cat__record_id_layoff_04445,0.0
cat__record_id_layoff_04442,0.0
cat__record_id_layoff_04441,0.0
cat__record_id_layoff_04440,0.0
cat__record_id_layoff_04439,0.0
cat__record_id_layoff_04425,0.0
cat__record_id_layoff_04437,0.0
cat__record_id_layoff_04436,0.0
cat__record_id_layoff_04435,0.0
cat__record_id_layoff_04434,0.0
cat__record_id_layoff_04433,0.0
cat__record_id_layoff_04432,0.0
cat__record_id_layoff_04431,0.0
cat__record_id_layoff_04430,0.0
cat__record_id_layoff_04429,0.0
cat__record_id_layoff_04428,0.0
cat__record_id_layoff_04427,0.0
cat__record_id_layoff_04426,0.0
cat__record_id_layoff_04438,0.0
cat__record_id_layoff_04355,0.0
cat__record_id_layoff_04354,0.0
cat__record_id_layoff_04353,0.0
cat__record_id_layoff_04352,0.0
cat__record_id_layoff_04351,0.0
cat__record_id_layoff_04350,0.0
cat__record_id_layoff_04347,0.0
cat__record_id_layoff_04346,0.0
cat__record_id_layoff_04345,0.0
cat__record_id_layoff_04344,0.0
cat__record_id_layoff_04342,0.0
cat__record_id_layoff_04341,0.0
cat__record_id_layoff_04390,0.0
cat__record_id_layoff_04338,0.0
cat__record_id_layoff_04337,0.0
cat__record_id_layoff_04336,0.0
cat__record_id_layoff_04335,0.0
cat__record_id_layoff_04334,0.0
cat__record_id_layoff_04333,0.0
cat__record_id_layoff_04332,0.0
cat__record_id_layoff_04331,0.0
cat__record_id_layoff_04330,0.0
cat__record_id_layoff_04329,0.0
cat__record_id_layoff_04328,0.0
cat__record_id_layoff_04327,0.0
cat__record_id_layoff_04339,0.0
cat__record_id_layoff_04388,0.0
cat__record_id_layoff_04386,0.0
cat__record_id_layoff_04385,0.0
cat__record_id_layoff_04384,0.0
cat__record_id_layoff_04382,0.0
cat__record_id_layoff_04381,0.0
cat__record_id_layoff_04380,0.0
cat__record_id_layoff_04379,0.0
cat__record_id_layoff_04378,0.0
cat__record_id_layoff_04376,0.0
cat__record_id_layoff_04375,0.0
cat__record_id_layoff_04374,0.0
cat__record_id_layoff_04356,0.0
cat__record_id_layoff_04371,0.0
cat__record_id_layoff_04370,0.0
cat__record_id_layoff_04369,0.0
cat__record_id_layoff_04368,0.0
cat__record_id_layoff_04367,0.0
cat__record_id_layoff_04366,0.0
cat__record_id_layoff_04363,0.0
cat__record_id_layoff_04362,0.0
cat__record_id_layoff_04360,0.0
cat__record_id_layoff_04359,0.0
cat__record_id_layoff_04358,0.0
cat__record_id_layoff_04357,0.0
cat__record_id_layoff_04372,0.0
cat__record_id_layoff_05051,0.0
cat__record_id_layoff_05050,0.0
cat__record_id_layoff_05047,0.0
cat__record_id_layoff_05046,0.0
cat__record_id_layoff_05045,0.0
cat__record_id_layoff_05043,0.0
cat__record_id_layoff_05042,0.0
cat__record_id_layoff_05041,0.0
cat__record_id_layoff_05040,0.0
cat__record_id_layoff_05039,0.0
cat__record_id_layoff_05037,0.0
cat__record_id_layoff_04711,0.0
cat__record_id_layoff_05033,0.0
cat__record_id_layoff_05032,0.0
cat__record_id_layoff_05031,0.0
cat__record_id_layoff_05029,0.0
cat__record_id_layoff_05028,0.0
cat__record_id_layoff_05027,0.0
cat__record_id_layoff_05025,0.0
cat__record_id_layoff_05024,0.0
cat__record_id_layoff_05023,0.0
cat__record_id_layoff_05022,0.0
cat__record_id_layoff_05021,0.0
cat__record_id_layoff_05020,0.0
cat__record_id_layoff_05034,0.0
cat__record_id_layoff_05083,0.0
cat__record_id_layoff_05081,0.0
cat__record_id_layoff_05080,0.0
cat__record_id_layoff_05079,0.0
cat__record_id_layoff_05078,0.0
cat__record_id_layoff_05077,0.0
cat__record_id_layoff_05076,0.0
cat__record_id_layoff_05075,0.0
cat__record_id_layoff_05072,0.0
cat__record_id_layoff_05071,0.0
cat__record_id_layoff_05070,0.0
cat__record_id_layoff_05068,0.0
cat__record_id_layoff_05053,0.0
cat__record_id_layoff_05065,0.0
cat__record_id_layoff_05064,0.0
cat__record_id_layoff_05063,0.0
cat__record_id_layoff_05062,0.0
cat__record_id_layoff_05061,0.0
cat__record_id_layoff_05060,0.0
cat__record_id_layoff_05059,0.0
cat__record_id_layoff_05058,0.0
cat__record_id_layoff_05057,0.0
cat__record_id_layoff_05056,0.0
cat__record_id_layoff_05055,0.0
cat__record_id_layoff_05054,0.0
cat__record_id_layoff_05066,0.0
cat__record_id_layoff_04986,0.0
cat__record_id_layoff_04984,0.0
cat__record_id_layoff_04983,0.0
cat__record_id_layoff_04982,0.0
cat__record_id_layoff_04981,0.0
cat__record_id_layoff_04980,0.0
cat__record_id_layoff_04979,0.0
cat__record_id_layoff_04978,0.0
cat__record_id_layoff_04977,0.0
cat__record_id_layoff_04972,0.0
cat__record_id_layoff_04971,0.0
cat__record_id_layoff_04970,0.0
cat__record_id_layoff_05019,0.0
cat__record_id_layoff_04967,0.0
cat__record_id_layoff_04966,0.0
cat__record_id_layoff_04965,0.0
cat__record_id_layoff_04963,0.0
cat__record_id_layoff_04962,0.0
cat__record_id_layoff_04961,0.0
cat__record_id_layoff_04960,0.0
cat__record_id_layoff_04959,0.0
cat__record_id_layoff_04958,0.0
cat__record_id_layoff_04957,0.0
cat__record_id_layoff_04956,0.0
cat__record_id_layoff_04955,0.0
cat__record_id_layoff_04968,0.0
cat__record_id_layoff_05018,0.0
cat__record_id_layoff_05017,0.0
cat__record_id_layoff_05016,0.0
cat__record_id_layoff_05015,0.0
cat__record_id_layoff_05014,0.0
cat__record_id_layoff_05012,0.0
cat__record_id_layoff_05011,0.0
cat__record_id_layoff_05009,0.0
cat__record_id_layoff_05006,0.0
cat__record_id_layoff_05005,0.0
cat__record_id_layoff_05004,0.0
cat__record_id_layoff_05003,0.0
cat__record_id_layoff_04987,0.0
cat__record_id_layoff_05001,0.0
cat__record_id_layoff_05000,0.0
cat__record_id_layoff_04999,0.0
cat__record_id_layoff_04998,0.0
cat__record_id_layoff_04996,0.0
cat__record_id_layoff_04994,0.0
cat__record_id_layoff_04993,0.0
cat__record_id_layoff_04992,0.0
cat__record_id_layoff_04991,0.0
cat__record_id_layoff_04990,0.0
cat__record_id_layoff_04989,0.0
cat__record_id_layoff_04988,0.0
cat__record_id_layoff_05002,0.0
cat__record_id_layoff_05178,0.0
cat__record_id_layoff_05177,0.0
cat__record_id_layoff_05175,0.0
cat__record_id_layoff_05173,0.0
cat__record_id_layoff_05172,0.0
cat__record_id_layoff_05170,0.0
cat__record_id_layoff_05169,0.0
cat__record_id_layoff_05168,0.0
cat__record_id_layoff_05167,0.0
cat__record_id_layoff_05166,0.0
cat__record_id_layoff_05165,0.0
cat__record_id_layoff_05162,0.0
cat__record_id_layoff_05084,0.0
cat__record_id_layoff_05160,0.0
cat__record_id_layoff_05159,0.0
cat__record_id_layoff_05157,0.0
cat__record_id_layoff_05156,0.0
cat__record_id_layoff_05155,0.0
cat__record_id_layoff_05154,0.0
cat__record_id_layoff_05153,0.0
cat__record_id_layoff_05151,0.0
cat__record_id_layoff_05149,0.0
cat__record_id_layoff_05148,0.0
cat__record_id_layoff_05146,0.0
cat__record_id_layoff_05144,0.0
cat__record_id_layoff_05161,0.0
cat__record_id_layoff_05210,0.0
cat__record_id_layoff_05208,0.0
cat__record_id_layoff_05207,0.0
cat__record_id_layoff_05206,0.0
cat__city_dublin,0.0
cat__record_id_layoff_05203,0.0
cat__record_id_layoff_05202,0.0
cat__record_id_layoff_05201,0.0
cat__record_id_layoff_05200,0.0
cat__record_id_layoff_05199,0.0
cat__record_id_layoff_05198,0.0
cat__record_id_layoff_05197,0.0
cat__record_id_layoff_05179,0.0
cat__record_id_layoff_05195,0.0
cat__record_id_layoff_05193,0.0
cat__record_id_layoff_05192,0.0
cat__record_id_layoff_05191,0.0
cat__record_id_layoff_05190,0.0
cat__record_id_layoff_05189,0.0
cat__record_id_layoff_05187,0.0
cat__record_id_layoff_05186,0.0
cat__record_id_layoff_05185,0.0
cat__record_id_layoff_05184,0.0
cat__record_id_layoff_05181,0.0
cat__record_id_layoff_05180,0.0
cat__record_id_layoff_05196,0.0
cat__record_id_layoff_05109,0.0
cat__record_id_layoff_05108,0.0
cat__record_id_layoff_05107,0.0
cat__record_id_layoff_05106,0.0
cat__record_id_layoff_05105,0.0
cat__record_id_layoff_05104,0.0
cat__record_id_layoff_05103,0.0
cat__record_id_layoff_05102,0.0
cat__record_id_layoff_05101,0.0
cat__record_id_layoff_05100,0.0
cat__record_id_layoff_05099,0.0
cat__record_id_layoff_05098,0.0
cat__record_id_layoff_05142,0.0
cat__record_id_layoff_05096,0.0
cat__record_id_layoff_05095,0.0
cat__record_id_layoff_05094,0.0
cat__record_id_layoff_05093,0.0
cat__record_id_layoff_05092,0.0
cat__record_id_layoff_05091,0.0
cat__record_id_layoff_05090,0.0
cat__record_id_layoff_05089,0.0
cat__record_id_layoff_05088,0.0
cat__record_id_layoff_05087,0.0
cat__record_id_layoff_05086,0.0
cat__record_id_layoff_05085,0.0
cat__record_id_layoff_05097,0.0
cat__record_id_layoff_05141,0.0
cat__record_id_layoff_05140,0.0
cat__record_id_layoff_05139,0.0
cat__record_id_layoff_05138,0.0
cat__record_id_layoff_05137,0.0
cat__record_id_layoff_05136,0.0
cat__record_id_layoff_05135,0.0
cat__record_id_layoff_05134,0.0
cat__record_id_layoff_05133,0.0
cat__record_id_layoff_05132,0.0
cat__record_id_layoff_05131,0.0
cat__record_id_layoff_05130,0.0
cat__record_id_layoff_05112,0.0
cat__record_id_layoff_05128,0.0
cat__record_id_layoff_05127,0.0
cat__record_id_layoff_05126,0.0
cat__record_id_layoff_05125,0.0
cat__record_id_layoff_05124,0.0
cat__record_id_layoff_05123,0.0
cat__record_id_layoff_05122,0.0
cat__record_id_layoff_05121,0.0
cat__record_id_layoff_05120,0.0
cat__record_id_layoff_05118,0.0
cat__record_id_layoff_05115,0.0
cat__record_id_layoff_05114,0.0
cat__record_id_layoff_05129,0.0
cat__record_id_layoff_04802,0.0
cat__record_id_layoff_04801,0.0
cat__record_id_layoff_04800,0.0
cat__record_id_layoff_04799,0.0
cat__record_id_layoff_04798,0.0
cat__record_id_layoff_04797,0.0
cat__record_id_layoff_04796,0.0
cat__record_id_layoff_04795,0.0
cat__record_id_layoff_04794,0.0
cat__record_id_layoff_04793,0.0
cat__record_id_layoff_04792,0.0
cat__record_id_layoff_04954,0.0
cat__record_id_layoff_04790,0.0
cat__record_id_layoff_04789,0.0
cat__record_id_layoff_04788,0.0
cat__record_id_layoff_04786,0.0
cat__record_id_layoff_04785,0.0
cat__record_id_layoff_04783,0.0
cat__record_id_layoff_04782,0.0
cat__record_id_layoff_04781,0.0
cat__record_id_layoff_04780,0.0
cat__record_id_layoff_04778,0.0
cat__record_id_layoff_04777,0.0
cat__record_id_layoff_04776,0.0
cat__record_id_layoff_04791,0.0
cat__record_id_layoff_04833,0.0
cat__record_id_layoff_04832,0.0
cat__record_id_layoff_04831,0.0
cat__record_id_layoff_04830,0.0
cat__record_id_layoff_04829,0.0
cat__record_id_layoff_04828,0.0
cat__record_id_layoff_04827,0.0
cat__record_id_layoff_04826,0.0
cat__record_id_layoff_04825,0.0
cat__record_id_layoff_04824,0.0
cat__record_id_layoff_04823,0.0
cat__record_id_layoff_04822,0.0
cat__record_id_layoff_04804,0.0
cat__record_id_layoff_04819,0.0
cat__record_id_layoff_04816,0.0
cat__record_id_layoff_04815,0.0
cat__record_id_layoff_04814,0.0
cat__record_id_layoff_04813,0.0
cat__record_id_layoff_04812,0.0
cat__record_id_layoff_04811,0.0
cat__record_id_layoff_04810,0.0
cat__record_id_layoff_04809,0.0
cat__record_id_layoff_04807,0.0
cat__record_id_layoff_04806,0.0
cat__record_id_layoff_04805,0.0
cat__record_id_layoff_04820,0.0
cat__record_id_layoff_04740,0.0
cat__record_id_layoff_04739,0.0
cat__record_id_layoff_04738,0.0
cat__record_id_layoff_04737,0.0
cat__record_id_layoff_04736,0.0
cat__record_id_layoff_04734,0.0
cat__record_id_layoff_04733,0.0
cat__record_id_layoff_04732,0.0
cat__record_id_layoff_04731,0.0
cat__record_id_layoff_04730,0.0
cat__record_id_layoff_04728,0.0
cat__record_id_layoff_04727,0.0
cat__record_id_layoff_04775,0.0
cat__record_id_layoff_04725,0.0
cat__record_id_layoff_04724,0.0
cat__record_id_layoff_04723,0.0
cat__record_id_layoff_04721,0.0
cat__record_id_layoff_04720,0.0
cat__record_id_layoff_04719,0.0
cat__record_id_layoff_04718,0.0
cat__record_id_layoff_04716,0.0
cat__record_id_layoff_04715,0.0
cat__record_id_layoff_04714,0.0
cat__record_id_layoff_04713,0.0
cat__record_id_layoff_04712,0.0
cat__record_id_layoff_04726,0.0
cat__record_id_layoff_04773,0.0
cat__record_id_layoff_04772,0.0
cat__record_id_layoff_04771,0.0
cat__record_id_layoff_04770,0.0
cat__record_id_layoff_04769,0.0
cat__record_id_layoff_04768,0.0
cat__record_id_layoff_04767,0.0
cat__record_id_layoff_04766,0.0
cat__record_id_layoff_04765,0.0
cat__record_id_layoff_04764,0.0
cat__record_id_layoff_04763,0.0
cat__record_id_layoff_04762,0.0
cat__record_id_layoff_04743,0.0
cat__record_id_layoff_04760,0.0
cat__record_id_layoff_04759,0.0
cat__record_id_layoff_04758,0.0
cat__record_id_layoff_04757,0.0
cat__record_id_layoff_04756,0.0
cat__record_id_layoff_04754,0.0
cat__record_id_layoff_04750,0.0
cat__record_id_layoff_04749,0.0
cat__record_id_layoff_04747,0.0
cat__record_id_layoff_04746,0.0
cat__record_id_layoff_04745,0.0
cat__record_id_layoff_04744,0.0
cat__record_id_layoff_04761,0.0
cat__record_id_layoff_04919,0.0
cat__record_id_layoff_04918,0.0
cat__record_id_layoff_04917,0.0
cat__record_id_layoff_04915,0.0
cat__record_id_layoff_04914,0.0
cat__record_id_layoff_04913,0.0
cat__record_id_layoff_04912,0.0
cat__record_id_layoff_04911,0.0
cat__record_id_layoff_04910,0.0
cat__record_id_layoff_04909,0.0
cat__record_id_layoff_04908,0.0
cat__record_id_layoff_04907,0.0
cat__record_id_layoff_04834,0.0
cat__record_id_layoff_04905,0.0
cat__record_id_layoff_04904,0.0
cat__record_id_layoff_04903,0.0
cat__record_id_layoff_04902,0.0
cat__record_id_layoff_04901,0.0
cat__record_id_layoff_04900,0.0
cat__record_id_layoff_04899,0.0
cat__record_id_layoff_04898,0.0
cat__record_id_layoff_04897,0.0
cat__record_id_layoff_04896,0.0
cat__record_id_layoff_04895,0.0
cat__record_id_layoff_04894,0.0
cat__record_id_layoff_04906,0.0
cat__record_id_layoff_04953,0.0
cat__record_id_layoff_04952,0.0
cat__record_id_layoff_04951,0.0
cat__record_id_layoff_04950,0.0
cat__record_id_layoff_04948,0.0
cat__record_id_layoff_04946,0.0
cat__record_id_layoff_04945,0.0
cat__record_id_layoff_04944,0.0
cat__record_id_layoff_04943,0.0
cat__record_id_layoff_04942,0.0
cat__record_id_layoff_04941,0.0
cat__record_id_layoff_04940,0.0
cat__record_id_layoff_04921,0.0
cat__record_id_layoff_04938,0.0
cat__record_id_layoff_04934,0.0
cat__record_id_layoff_04932,0.0
cat__record_id_layoff_04931,0.0
cat__record_id_layoff_04930,0.0
cat__record_id_layoff_04929,0.0
cat__record_id_layoff_04928,0.0
cat__record_id_layoff_04927,0.0
cat__record_id_layoff_04925,0.0
cat__record_id_layoff_04924,0.0
cat__record_id_layoff_04923,0.0
cat__record_id_layoff_04922,0.0
cat__record_id_layoff_04939,0.0
cat__record_id_layoff_04861,0.0
cat__record_id_layoff_04860,0.0
cat__record_id_layoff_04859,0.0
cat__record_id_layoff_04858,0.0
cat__record_id_layoff_04857,0.0
cat__record_id_layoff_04855,0.0
cat__record_id_layoff_04854,0.0
cat__record_id_layoff_04853,0.0
cat__record_id_layoff_04852,0.0
cat__record_id_layoff_04851,0.0
cat__record_id_layoff_04850,0.0
cat__record_id_layoff_04849,0.0
cat__record_id_layoff_04893,0.0
cat__record_id_layoff_04847,0.0
cat__record_id_layoff_04846,0.0
cat__record_id_layoff_04845,0.0
cat__record_id_layoff_04844,0.0
cat__record_id_layoff_04843,0.0
cat__record_id_layoff_04842,0.0
cat__record_id_layoff_04841,0.0
cat__record_id_layoff_04840,0.0
cat__record_id_layoff_04839,0.0
cat__record_id_layoff_04837,0.0
cat__record_id_layoff_04836,0.0
cat__record_id_layoff_04835,0.0
cat__record_id_layoff_04848,0.0
cat__record_id_layoff_04892,0.0
cat__record_id_layoff_04891,0.0
cat__record_id_layoff_04890,0.0
cat__record_id_layoff_04889,0.0
cat__record_id_layoff_04888,0.0
cat__record_id_layoff_04887,0.0
cat__record_id_layoff_04886,0.0
cat__record_id_layoff_04885,0.0
cat__record_id_layoff_04884,0.0
cat__record_id_layoff_04883,0.0
cat__record_id_layoff_04882,0.0
cat__record_id_layoff_04880,0.0
cat__record_id_layoff_04865,0.0
cat__record_id_layoff_04878,0.0
cat__record_id_layoff_04877,0.0
cat__record_id_layoff_04876,0.0
cat__record_id_layoff_04875,0.0
cat__record_id_layoff_04874,0.0
cat__record_id_layoff_04873,0.0
cat__record_id_layoff_04872,0.0
cat__record_id_layoff_04871,0.0
cat__record_id_layoff_04870,0.0
cat__record_id_layoff_04869,0.0
cat__record_id_layoff_04868,0.0
cat__record_id_layoff_04866,0.0
cat__record_id_layoff_04879,0.0
cat__date_added_2023-10-06,0.0
cat__date_added_2023-10-05,0.0
cat__date_added_2023-10-04,0.0
cat__date_added_2023-10-02,0.0
cat__date_added_2023-09-29,0.0
cat__date_added_2023-09-28,0.0
cat__date_added_2023-09-27,0.0
cat__date_added_2023-09-25,0.0
cat__date_added_2023-09-24,0.0
cat__date_added_2023-09-22,0.0
cat__date_added_2023-09-21,0.0
cat__city_lagos,0.0
cat__date_added_2023-09-14,0.0
cat__date_added_2023-09-13,0.0
cat__date_added_2023-09-11,0.0
cat__date_added_2023-09-09,0.0
cat__date_added_2023-09-08,0.0
cat__date_added_2023-09-07,0.0
cat__date_added_2023-09-06,0.0
cat__date_added_2023-09-04,0.0
cat__date_added_2023-09-01,0.0
cat__date_added_2023-08-31,0.0
cat__date_added_2023-08-30,0.0
cat__date_added_2023-08-29,0.0
cat__date_added_2023-09-20,0.0
cat__date_added_2023-11-10,0.0
cat__date_added_2023-11-09,0.0
cat__date_added_2023-11-07,0.0
cat__date_added_2023-11-06,0.0
cat__date_added_2023-11-03,0.0
cat__date_added_2023-11-02,0.0
cat__date_added_2023-11-01,0.0
cat__date_added_2023-10-31,0.0
cat__date_added_2023-10-27,0.0
cat__date_added_2023-10-26,0.0
cat__date_added_2023-10-25,0.0
cat__date_added_2023-10-24,0.0
cat__date_added_2023-10-07,0.0
cat__date_added_2023-10-20,0.0
cat__date_added_2023-10-19,0.0
cat__date_added_2023-10-18,0.0
cat__date_added_2023-10-17,0.0
cat__date_added_2023-10-16,0.0
cat__date_added_2023-10-15,0.0
cat__date_added_2023-10-13,0.0
cat__date_added_2023-10-12,0.0
cat__date_added_2023-10-11,0.0
cat__date_added_2023-10-10,0.0
cat__date_added_2023-10-09,0.0
cat__date_added_2023-10-08,0.0
cat__date_added_2023-10-23,0.0
cat__date_added_2023-07-19,0.0
cat__date_added_2023-07-17,0.0
cat__date_added_2023-07-15,0.0
cat__date_added_2023-07-14,0.0
cat__date_added_2023-07-13,0.0
cat__date_added_2023-07-11,0.0
cat__date_added_2023-07-10,0.0
cat__date_added_2023-07-08,0.0
cat__date_added_2023-07-07,0.0
cat__date_added_2023-07-06,0.0
cat__date_added_2023-07-05,0.0
cat__date_added_2023-08-28,0.0
cat__date_added_2023-07-01,0.0
cat__date_added_2023-06-30,0.0
cat__date_added_2023-06-29,0.0
cat__date_added_2023-06-28,0.0
cat__date_added_2023-06-27,0.0
cat__date_added_2023-06-26,0.0
cat__date_added_2023-06-24,0.0
cat__date_added_2023-06-23,0.0
cat__date_added_2023-06-22,0.0
cat__date_added_2023-06-20,0.0
cat__date_added_2023-06-18,0.0
cat__date_added_2023-06-17,0.0
cat__date_added_2023-07-04,0.0
cat__date_added_2023-08-27,0.0
cat__date_added_2023-08-25,0.0
cat__date_added_2023-08-24,0.0
cat__date_added_2023-08-23,0.0
cat__date_added_2023-08-22,0.0
cat__date_added_2023-08-19,0.0
cat__date_added_2023-08-18,0.0
cat__date_added_2023-08-17,0.0
cat__date_added_2023-08-15,0.0
cat__date_added_2023-08-14,0.0
cat__date_added_2023-08-11,0.0
cat__date_added_2023-08-09,0.0
cat__date_added_2023-07-20,0.0
cat__date_added_2023-08-06,0.0
cat__date_added_2023-08-05,0.0
cat__date_added_2023-08-04,0.0
cat__date_added_2023-08-03,0.0
cat__date_added_2023-08-02,0.0
cat__date_added_2023-08-01,0.0
cat__date_added_2023-07-30,0.0
cat__date_added_2023-07-29,0.0
cat__date_added_2023-07-27,0.0
cat__date_added_2023-07-26,0.0
cat__date_added_2023-07-22,0.0
cat__date_added_2023-07-21,0.0
cat__date_added_2023-08-08,0.0
cat__date_added_2024-02-29,0.0
cat__date_added_2024-02-28,0.0
cat__date_added_2024-02-27,0.0
cat__date_added_2024-02-24,0.0
cat__date_added_2024-02-23,0.0
cat__date_added_2024-02-22,0.0
cat__date_added_2024-02-21,0.0
cat__date_added_2024-02-20,0.0
cat__date_added_2024-02-16,0.0
cat__date_added_2024-02-15,0.0
cat__date_added_2024-02-14,0.0
cat__date_added_2023-11-13,0.0
cat__date_added_2024-02-12,0.0
cat__date_added_2024-02-10,0.0
cat__date_added_2024-02-09,0.0
cat__date_added_2024-02-08,0.0
cat__date_added_2024-02-07,0.0
cat__date_added_2024-02-06,0.0
cat__date_added_2024-02-05,0.0
cat__date_added_2024-02-02,0.0
cat__date_added_2024-02-01,0.0
cat__date_added_2024-01-31,0.0
cat__date_added_2024-01-30,0.0
cat__date_added_2024-01-29,0.0
cat__date_added_2024-02-13,0.0
cat__date_added_2024-04-08,0.0
cat__date_added_2024-04-06,0.0
cat__date_added_2024-04-05,0.0
cat__date_added_2024-04-04,0.0
cat__date_added_2024-04-03,0.0
cat__date_added_2024-04-02,0.0
cat__date_added_2024-04-01,0.0
cat__date_added_2024-03-28,0.0
cat__date_added_2024-03-27,0.0
cat__date_added_2024-03-26,0.0
cat__date_added_2024-03-24,0.0
cat__date_added_2024-03-22,0.0
cat__date_added_2024-03-01,0.0
cat__date_added_2024-03-17,0.0
cat__date_added_2024-03-15,0.0
cat__date_added_2024-03-14,0.0
cat__date_added_2024-03-13,0.0
cat__date_added_2024-03-12,0.0
cat__date_added_2024-03-11,0.0
cat__date_added_2024-03-09,0.0
cat__date_added_2024-03-08,0.0
cat__date_added_2024-03-07,0.0
cat__date_added_2024-03-06,0.0
cat__date_added_2024-03-05,0.0
cat__date_added_2024-03-03,0.0
cat__date_added_2024-03-20,0.0
cat__date_added_2023-12-15,0.0
cat__date_added_2023-12-14,0.0
cat__date_added_2023-12-13,0.0
cat__date_added_2023-12-11,0.0
cat__date_added_2026-07-22,0.0
cat__date_added_2023-12-09,0.0
cat__date_added_2023-12-08,0.0
cat__date_added_2023-12-07,0.0
cat__date_added_2023-12-06,0.0
cat__date_added_2023-12-05,0.0
cat__date_added_2023-12-04,0.0
cat__date_added_2023-12-03,0.0
cat__date_added_2024-01-27,0.0
cat__date_added_2023-11-30,0.0
cat__date_added_2023-11-29,0.0
cat__date_added_2023-11-28,0.0
cat__date_added_2023-11-27,0.0
cat__date_added_2023-11-23,0.0
cat__date_added_2023-11-22,0.0
cat__date_added_2023-11-21,0.0
cat__date_added_2023-11-20,0.0
cat__date_added_2023-11-18,0.0
cat__date_added_2023-11-17,0.0
cat__date_added_2023-11-16,0.0
cat__date_added_2023-11-15,0.0
cat__date_added_2023-12-02,0.0
cat__date_added_2024-01-26,0.0
cat__date_added_2024-01-25,0.0
cat__date_added_2024-01-24,0.0
cat__date_added_2024-01-23,0.0
cat__date_added_2024-01-22,0.0
cat__date_added_2024-01-20,0.0
cat__date_added_2024-01-19,0.0
cat__date_added_2024-01-18,0.0
cat__date_added_2024-01-17,0.0
cat__date_added_2024-01-16,0.0
cat__date_added_2024-01-15,0.0
cat__date_added_2024-01-13,0.0
cat__date_added_2023-12-17,0.0
cat__date_added_2024-01-11,0.0
cat__date_added_2024-01-10,0.0
cat__date_added_2024-01-09,0.0
cat__date_added_2024-01-08,0.0
cat__date_added_2024-01-07,0.0
cat__date_added_2024-01-06,0.0
cat__date_added_2024-01-05,0.0
cat__date_added_2024-01-03,0.0
cat__date_added_2024-01-02,0.0
cat__date_added_2023-12-20,0.0
cat__date_added_2023-12-19,0.0
cat__date_added_2023-12-18,0.0
cat__date_added_2024-01-12,0.0
cat__date_added_2023-01-04,0.0
cat__date_added_2023-01-03,0.0
cat__date_added_2023-01-02,0.0
cat__date_added_2022-12-30,0.0
cat__date_added_2022-12-28,0.0
cat__date_added_2022-12-27,0.0
cat__date_added_2022-12-21,0.0
cat__date_added_2022-12-20,0.0
cat__date_added_2022-12-19,0.0
cat__date_added_2022-12-18,0.0
cat__date_added_2022-12-15,0.0
cat__date_added_2023-06-16,0.0
cat__date_added_2022-12-13,0.0
cat__date_added_2022-12-12,0.0
cat__date_added_2022-12-11,0.0
cat__date_added_2022-12-10,0.0
cat__date_added_2022-12-09,0.0
cat__date_added_2022-12-08,0.0
cat__date_added_2022-12-07,0.0
cat__date_added_2022-12-06,0.0
cat__date_added_2022-12-05,0.0
cat__date_added_2022-12-04,0.0
cat__date_added_2022-12-03,0.0
cat__date_added_2022-12-02,0.0
cat__date_added_2022-12-14,0.0
cat__date_added_2023-02-02,0.0
cat__date_added_2023-02-01,0.0
cat__date_added_2023-01-31,0.0
cat__date_added_2023-01-30,0.0
cat__date_added_2023-01-28,0.0
cat__date_added_2023-01-27,0.0
cat__date_added_2023-01-26,0.0
cat__date_added_2023-01-25,0.0
cat__date_added_2023-01-24,0.0
cat__date_added_2023-01-23,0.0
cat__date_added_2023-01-21,0.0
cat__date_added_2023-01-20,0.0
cat__date_added_2023-01-05,0.0
cat__date_added_2023-01-18,0.0
cat__date_added_2023-01-17,0.0
cat__date_added_2023-01-16,0.0
cat__date_added_2023-01-15,0.0
cat__date_added_2023-01-14,0.0
cat__date_added_2023-01-13,0.0
cat__date_added_2023-01-12,0.0
cat__date_added_2023-01-11,0.0
cat__date_added_2023-01-10,0.0
cat__date_added_2023-01-09,0.0
cat__date_added_2023-01-07,0.0
cat__date_added_2023-01-06,0.0
cat__date_added_2023-01-19,0.0
cat__date_added_2022-11-03,0.0
cat__date_added_2022-11-02,0.0
cat__date_added_2022-11-01,0.0
cat__date_added_2022-10-31,0.0
cat__date_added_2022-10-30,0.0
cat__date_added_2022-10-28,0.0
cat__date_added_2022-10-27,0.0
cat__date_added_2022-10-26,0.0
cat__date_added_2022-10-25,0.0
cat__date_added_2022-10-24,0.0
cat__date_added_2022-10-22,0.0
cat__date_added_2022-10-21,0.0
cat__date_added_2022-12-01,0.0
cat__date_added_2022-10-19,0.0
cat__date_added_2022-10-18,0.0
cat__date_added_2022-10-16,0.0
cat__date_added_2022-10-15,0.0
cat__date_added_2022-10-14,0.0
cat__date_added_2022-10-13,0.0
cat__date_added_2022-10-12,0.0
cat__date_added_2022-10-11,0.0
cat__date_added_2022-10-10,0.0
cat__date_added_2022-10-08,0.0
cat__date_added_2022-10-07,0.0
cat__date_added_2022-10-06,0.0
cat__date_added_2022-10-20,0.0
cat__date_added_2022-11-30,0.0
cat__date_added_2022-11-29,0.0
cat__date_added_2022-11-28,0.0
cat__date_added_2022-11-27,0.0
cat__date_added_2022-11-26,0.0
cat__date_added_2022-11-25,0.0
cat__date_added_2022-11-23,0.0
cat__date_added_2022-11-22,0.0
cat__date_added_2022-11-21,0.0
cat__date_added_2022-11-20,0.0
cat__date_added_2022-11-19,0.0
cat__date_added_2022-11-18,0.0
cat__date_added_2022-11-04,0.0
cat__date_added_2022-11-16,0.0
cat__date_added_2022-11-15,0.0
cat__date_added_2022-11-14,0.0
cat__date_added_2022-11-13,0.0
cat__date_added_2022-11-12,0.0
cat__date_added_2022-11-11,0.0
cat__date_added_2022-11-10,0.0
cat__date_added_2022-11-09,0.0
cat__date_added_2022-11-08,0.0
cat__date_added_2022-11-07,0.0
cat__date_added_2022-11-06,0.0
cat__date_added_2022-11-05,0.0
cat__date_added_2022-11-17,0.0
cat__date_added_2023-05-08,0.0
cat__date_added_2023-05-07,0.0
cat__date_added_2023-05-05,0.0
cat__date_added_2023-05-04,0.0
cat__date_added_2023-05-03,0.0
cat__date_added_2023-05-02,0.0
cat__date_added_2023-05-01,0.0
cat__date_added_2023-04-29,0.0
cat__date_added_2023-04-28,0.0
cat__date_added_2023-04-27,0.0
cat__date_added_2023-04-26,0.0
cat__date_added_2023-02-03,0.0
cat__date_added_2023-04-24,0.0
cat__date_added_2023-04-22,0.0
cat__date_added_2023-04-21,0.0
cat__date_added_2023-04-20,0.0
cat__date_added_2023-04-19,0.0
cat__date_added_2023-04-18,0.0
cat__date_added_2023-04-17,0.0
cat__date_added_2023-04-15,0.0
cat__date_added_2023-04-14,0.0
cat__date_added_2023-04-12,0.0
cat__date_added_2023-04-11,0.0
cat__date_added_2023-04-09,0.0
cat__date_added_2023-04-25,0.0
cat__date_added_2023-06-15,0.0
cat__record_id_layoff_00000,0.0
cat__date_added_2023-06-12,0.0
cat__date_added_2023-06-11,0.0
cat__date_added_2023-06-09,0.0
cat__date_added_2023-06-08,0.0
cat__date_added_2023-06-06,0.0
cat__date_added_2023-06-05,0.0
cat__date_added_2023-06-04,0.0
cat__date_added_2023-06-02,0.0
cat__date_added_2023-06-01,0.0
cat__date_added_2023-05-31,0.0
cat__date_added_2023-05-09,0.0
cat__date_added_2023-05-25,0.0
cat__date_added_2023-05-24,0.0
cat__date_added_2023-05-22,0.0
cat__date_added_2023-05-19,0.0
cat__date_added_2023-05-18,0.0
cat__date_added_2023-05-17,0.0
cat__date_added_2023-05-15,0.0
cat__date_added_2023-05-14,0.0
cat__date_added_2023-05-13,0.0
cat__date_added_2023-05-12,0.0
cat__date_added_2023-05-11,0.0
cat__date_added_2023-05-10,0.0
cat__date_added_2023-05-26,0.0
cat__date_added_2023-03-04,0.0
cat__date_added_2023-03-02,0.0
cat__date_added_2023-03-01,0.0
cat__date_added_2023-02-28,0.0
cat__date_added_2023-02-27,0.0
cat__date_added_2023-02-26,0.0
cat__date_added_2023-02-25,0.0
cat__date_added_2023-02-24,0.0
cat__date_added_2023-02-23,0.0
cat__date_added_2023-02-22,0.0
cat__date_added_2023-02-21,0.0
cat__date_added_2023-02-20,0.0
cat__date_added_2023-04-08,0.0
cat__date_added_2023-02-16,0.0
cat__date_added_2023-02-15,0.0
cat__date_added_2023-02-14,0.0
cat__date_added_2023-02-13,0.0
cat__date_added_2023-02-11,0.0
cat__date_added_2023-02-10,0.0
cat__date_added_2023-02-09,0.0
cat__date_added_2023-02-08,0.0
cat__date_added_2023-02-07,0.0
cat__date_added_2023-02-06,0.0
cat__date_added_2023-02-05,0.0
cat__date_added_2023-02-04,0.0
cat__date_added_2023-02-17,0.0
cat__date_added_2023-04-06,0.0
cat__date_added_2023-04-04,0.0
cat__date_added_2023-04-03,0.0
cat__date_added_2023-04-01,0.0
cat__date_added_2023-03-31,0.0
cat__date_added_2023-03-30,0.0
cat__date_added_2023-03-29,0.0
cat__date_added_2023-03-28,0.0
cat__date_added_2023-03-26,0.0
cat__date_added_2023-03-24,0.0
cat__date_added_2023-03-23,0.0
cat__date_added_2023-03-22,0.0
cat__date_added_2023-03-05,0.0
cat__date_added_2023-03-20,0.0
cat__date_added_2023-03-19,0.0
cat__date_added_2023-03-18,0.0
cat__date_added_2023-03-17,0.0
cat__date_added_2023-03-16,0.0
cat__date_added_2023-03-15,0.0
cat__date_added_2023-03-14,0.0
cat__date_added_2023-03-11,0.0
cat__date_added_2023-03-10,0.0
cat__date_added_2023-03-09,0.0
cat__date_added_2023-03-08,0.0
cat__date_added_2023-03-07,0.0
cat__date_added_2023-03-21,0.0
cat__date_added_2025-10-09,0.0
cat__date_added_2025-10-06,0.0
cat__date_added_2025-10-02,0.0
cat__date_added_2025-10-01,0.0
cat__date_added_2025-09-29,0.0
cat__date_added_2025-09-27,0.0
cat__date_added_2025-09-25,0.0
cat__date_added_2025-09-19,0.0
cat__date_added_2025-09-18,0.0
cat__date_added_2025-09-17,0.0
cat__date_added_2025-09-16,0.0
cat__date_added_2024-04-09,0.0
cat__date_added_2025-09-13,0.0
cat__date_added_2025-09-11,0.0
cat__date_added_2025-09-10,0.0
cat__date_added_2025-09-09,0.0
cat__date_added_2025-09-08,0.0
cat__date_added_2025-09-04,0.0
cat__date_added_2025-09-02,0.0
cat__date_added_2025-08-30,0.0
cat__date_added_2025-08-25,0.0
cat__date_added_2025-08-23,0.0
cat__date_added_2025-08-22,0.0
cat__date_added_2025-08-18,0.0
cat__date_added_2025-09-15,0.0
cat__date_added_2025-11-26,0.0
cat__date_added_2025-11-23,0.0
cat__date_added_2025-11-22,0.0
cat__date_added_2025-11-21,0.0
cat__date_added_2025-11-18,0.0
cat__date_added_2025-11-17,0.0
cat__date_added_2025-11-16,0.0
cat__date_added_2025-11-14,0.0
cat__date_added_2025-11-13,0.0
cat__date_added_2025-11-11,0.0
cat__date_added_2025-11-10,0.0
cat__date_added_2025-11-09,0.0
cat__date_added_2025-10-12,0.0
cat__date_added_2025-11-07,0.0
cat__date_added_2025-11-05,0.0
cat__date_added_2025-11-04,0.0
cat__date_added_2025-11-01,0.0
cat__date_added_2025-10-31,0.0
cat__date_added_2025-10-29,0.0
cat__date_added_2025-10-28,0.0
cat__date_added_2025-10-25,0.0
cat__date_added_2025-10-22,0.0
cat__date_added_2025-10-21,0.0
cat__date_added_2025-10-20,0.0
cat__date_added_2025-10-15,0.0
cat__date_added_2025-11-08,0.0
cat__date_added_2025-06-27,0.0
cat__date_added_2025-06-25,0.0
cat__date_added_2025-06-24,0.0
cat__date_added_2025-06-21,0.0
cat__date_added_2025-06-20,0.0
cat__date_added_2025-06-12,0.0
cat__date_added_2025-06-10,0.0
cat__date_added_2025-06-05,0.0
cat__date_added_2025-06-01,0.0
cat__date_added_2025-05-28,0.0
cat__date_added_2025-05-26,0.0
cat__date_added_2025-05-25,0.0
cat__date_added_2025-08-14,0.0
cat__date_added_2025-05-23,0.0
cat__date_added_2025-05-22,0.0
cat__date_added_2025-05-20,0.0
cat__date_added_2025-05-16,0.0
cat__date_added_2025-05-13,0.0
cat__date_added_2025-05-12,0.0
cat__date_added_2025-05-09,0.0
cat__date_added_2025-05-07,0.0
cat__date_added_2025-05-05,0.0
cat__date_added_2025-05-03,0.0
cat__date_added_2025-05-01,0.0
cat__date_added_2025-04-29,0.0
cat__date_added_2025-05-24,0.0
cat__date_added_2025-08-13,0.0
cat__date_added_2025-08-12,0.0
cat__date_added_2025-08-10,0.0
cat__date_added_2025-08-05,0.0
cat__date_added_2025-08-04,0.0
cat__date_added_2025-08-03,0.0
cat__date_added_2025-07-30,0.0
cat__date_added_2025-07-28,0.0
cat__date_added_2025-07-27,0.0
cat__date_added_2025-07-26,0.0
cat__record_id_layoff_00020,0.0
cat__date_added_2025-07-24,0.0
cat__date_added_2025-06-29,0.0
cat__date_added_2025-07-22,0.0
cat__date_added_2025-07-21,0.0
cat__date_added_2025-07-18,0.0
cat__date_added_2025-07-17,0.0
cat__date_added_2025-07-16,0.0
cat__date_added_2025-07-15,0.0
cat__date_added_2025-07-14,0.0
cat__date_added_2025-07-11,0.0
cat__date_added_2025-07-10,0.0
cat__date_added_2025-07-08,0.0
cat__date_added_2025-07-07,0.0
cat__date_added_2025-07-02,0.0
cat__date_added_2025-07-23,0.0
cat__date_added_2026-06-26,0.0
cat__date_added_2026-06-25,0.0
cat__date_added_2026-06-24,0.0
cat__date_added_2026-06-23,0.0
cat__date_added_2026-06-22,0.0
cat__date_added_2026-06-19,0.0
cat__date_added_2026-06-16,0.0
cat__date_added_2026-06-12,0.0
cat__date_added_2026-06-10,0.0
cat__date_added_2026-06-09,0.0
cat__date_added_2026-06-08,0.0
cat__date_added_2025-11-27,0.0
cat__date_added_2026-06-04,0.0
cat__date_added_2026-06-03,0.0
cat__date_added_2026-05-29,0.0
cat__date_added_2026-05-28,0.0
cat__date_added_2026-05-27,0.0
cat__date_added_2026-05-26,0.0
cat__date_added_2026-05-25,0.0
cat__date_added_2026-05-21,0.0
cat__date_added_2026-05-20,0.0
cat__date_added_2026-05-16,0.0
cat__date_added_2026-05-15,0.0
cat__date_added_2026-05-13,0.0
cat__date_added_2026-06-07,0.0
cat__month_name_December,0.0
cat__month_name_February,0.0
cat__status_Unknown,0.0
cat__status_Public,0.0
cat__status_Private,0.0
cat__date_added_2026-07-31,0.0
cat__date_added_2026-07-30,0.0
cat__date_added_2026-07-29,0.0
cat__date_added_2026-07-28,0.0
cat__date_added_2026-07-27,0.0
cat__date_added_2026-07-24,0.0
cat__date_added_2026-07-23,0.0
cat__date_added_2026-06-27,0.0
cat__date_added_2026-07-20,0.0
cat__date_added_2026-07-15,0.0
cat__date_added_2026-07-14,0.0
cat__date_added_2026-07-13,0.0
cat__date_added_2026-07-11,0.0
cat__date_added_2026-07-10,0.0
cat__date_added_2026-07-09,0.0
cat__date_added_2026-07-08,0.0
cat__date_added_2026-07-06,0.0
cat__date_added_2026-07-03,0.0
cat__date_added_2026-07-01,0.0
cat__date_added_2026-06-30,0.0
cat__record_id_layoff_00001,0.0
cat__date_added_2026-02-13,0.0
cat__date_added_2026-02-11,0.0
cat__date_added_2026-02-07,0.0
cat__date_added_2026-02-06,0.0
cat__date_added_2026-02-05,0.0
cat__date_added_2026-02-03,0.0
cat__date_added_2026-01-28,0.0
cat__date_added_2026-01-27,0.0
cat__date_added_2026-01-26,0.0
cat__date_added_2026-01-19,0.0
cat__date_added_2026-01-16,0.0
cat__date_added_2026-01-13,0.0
cat__date_added_2026-05-11,0.0
cat__date_added_2025-12-26,0.0
cat__date_added_2025-12-23,0.0
cat__date_added_2025-12-19,0.0
cat__date_added_2025-12-17,0.0
cat__date_added_2025-12-12,0.0
cat__date_added_2025-12-10,0.0
cat__date_added_2025-12-09,0.0
cat__date_added_2025-12-08,0.0
cat__date_added_2025-12-04,0.0
cat__date_added_2025-12-02,0.0
cat__date_added_2025-12-01,0.0
cat__date_added_2025-11-28,0.0
cat__date_added_2025-12-31,0.0
cat__date_added_2026-05-10,0.0
cat__date_added_2026-05-09,0.0
cat__date_added_2026-05-07,0.0
cat__date_added_2026-05-06,0.0
cat__date_added_2026-05-05,0.0
cat__date_added_2026-04-30,0.0
cat__date_added_2026-04-22,0.0
cat__date_added_2026-04-20,0.0
cat__date_added_2026-04-17,0.0
cat__date_added_2026-04-16,0.0
cat__date_added_2026-04-15,0.0
cat__date_added_2026-04-08,0.0
cat__date_added_2026-02-18,0.0
cat__date_added_2026-04-04,0.0
cat__date_added_2026-04-01,0.0
cat__date_added_2026-03-31,0.0
cat__date_added_2026-03-25,0.0
cat__date_added_2026-03-24,0.0
cat__date_added_2026-03-22,0.0
cat__date_added_2026-03-17,0.0
cat__date_added_2026-03-11,0.0
cat__date_added_2026-03-03,0.0
cat__date_added_2026-02-26,0.0
cat__date_added_2026-02-25,0.0
cat__date_added_2026-02-22,0.0
cat__date_added_2026-04-07,0.0
cat__date_added_2024-08-07,0.0
cat__date_added_2024-08-06,0.0
cat__date_added_2024-08-05,0.0
cat__date_added_2024-08-01,0.0
cat__date_added_2024-07-30,0.0
cat__date_added_2024-07-29,0.0
cat__date_added_2024-07-26,0.0
cat__date_added_2024-07-25,0.0
cat__date_added_2024-07-24,0.0
cat__date_added_2024-07-23,0.0
cat__date_added_2024-07-22,0.0
cat__date_added_2025-04-27,0.0
cat__date_added_2024-07-18,0.0
cat__date_added_2024-07-17,0.0
cat__date_added_2024-07-16,0.0
cat__date_added_2024-07-15,0.0
cat__date_added_2024-07-11,0.0
cat__date_added_2024-07-10,0.0
cat__date_added_2024-07-08,0.0
cat__date_added_2024-07-03,0.0
cat__date_added_2024-07-01,0.0
cat__date_added_2024-06-29,0.0
cat__date_added_2024-06-26,0.0
cat__date_added_2024-06-24,0.0
cat__date_added_2024-07-19,0.0
cat__date_added_2024-09-21,0.0
cat__date_added_2024-09-20,0.0
cat__date_added_2024-09-18,0.0
cat__date_added_2024-09-17,0.0
cat__date_added_2024-09-13,0.0
cat__date_added_2024-09-12,0.0
cat__date_added_2024-09-11,0.0
cat__date_added_2024-09-10,0.0
cat__date_added_2024-09-09,0.0
cat__date_added_2024-09-06,0.0
cat__date_added_2024-09-04,0.0
cat__date_added_2024-09-02,0.0
cat__date_added_2024-08-08,0.0
cat__date_added_2024-08-29,0.0
cat__date_added_2024-08-28,0.0
cat__date_added_2024-08-26,0.0
cat__date_added_2024-08-22,0.0
cat__date_added_2024-08-21,0.0
cat__date_added_2024-08-20,0.0
cat__date_added_2024-08-19,0.0
cat__date_added_2024-08-16,0.0
cat__date_added_2024-08-15,0.0
cat__date_added_2024-08-14,0.0
cat__date_added_2024-08-13,0.0
cat__date_added_2024-08-09,0.0
cat__date_added_2024-09-01,0.0
cat__date_added_2024-05-16,0.0
cat__date_added_2024-05-13,0.0
cat__date_added_2024-05-11,0.0
cat__date_added_2024-05-10,0.0
cat__date_added_2024-05-09,0.0
cat__date_added_2024-05-08,0.0
cat__date_added_2024-05-07,0.0
cat__date_added_2024-05-06,0.0
cat__date_added_2024-05-04,0.0
cat__date_added_2024-05-03,0.0
cat__date_added_2024-05-02,0.0
cat__date_added_2024-05-01,0.0
cat__date_added_2024-06-23,0.0
cat__date_added_2024-04-26,0.0
cat__date_added_2024-04-25,0.0
cat__date_added_2024-04-24,0.0
cat__date_added_2024-04-20,0.0
cat__date_added_2024-04-19,0.0
cat__date_added_2024-04-18,0.0
cat__date_added_2024-04-17,0.0
cat__date_added_2024-04-16,0.0
cat__date_added_2024-04-15,0.0
cat__date_added_2024-04-13,0.0
cat__date_added_2024-04-12,0.0
cat__date_added_2024-04-10,0.0
cat__date_added_2024-04-29,0.0
cat__date_added_2024-06-21,0.0
cat__date_added_2024-06-19,0.0
cat__date_added_2024-06-18,0.0
cat__date_added_2024-06-17,0.0
cat__date_added_2024-06-16,0.0
cat__date_added_2024-06-15,0.0
cat__date_added_2024-06-14,0.0
cat__date_added_2024-06-13,0.0
cat__date_added_2024-06-12,0.0
cat__date_added_2024-06-11,0.0
cat__date_added_2024-06-10,0.0
cat__date_added_2024-06-07,0.0
cat__date_added_2024-05-17,0.0
cat__date_added_2024-06-05,0.0
cat__date_added_2024-06-04,0.0
cat__date_added_2024-06-03,0.0
cat__date_added_2024-06-01,0.0
cat__date_added_2024-05-31,0.0
cat__date_added_2024-05-29,0.0
cat__date_added_2024-05-28,0.0
cat__date_added_2024-05-27,0.0
cat__date_added_2024-05-24,0.0
cat__date_added_2024-05-22,0.0
cat__date_added_2024-05-21,0.0
cat__date_added_2024-05-20,0.0
cat__date_added_2024-06-06,0.0
cat__date_added_2025-02-27,0.0
cat__date_added_2025-02-26,0.0
cat__date_added_2025-02-24,0.0
cat__date_added_2025-02-23,0.0
cat__date_added_2025-02-21,0.0
cat__date_added_2025-02-18,0.0
cat__date_added_2025-02-13,0.0
cat__date_added_2025-02-12,0.0
cat__date_added_2025-02-11,0.0
cat__date_added_2025-02-10,0.0
cat__date_added_2025-02-08,0.0
cat__date_added_2024-09-24,0.0
cat__date_added_2025-02-05,0.0
cat__date_added_2025-02-04,0.0
cat__date_added_2025-02-03,0.0
cat__date_added_2025-02-02,0.0
cat__date_added_2025-01-30,0.0
cat__date_added_2025-01-29,0.0
cat__date_added_2025-01-28,0.0
cat__date_added_2025-01-21,0.0
cat__date_added_2025-01-17,0.0
cat__date_added_2025-01-16,0.0
cat__date_added_2025-01-15,0.0
cat__date_added_2025-01-14,0.0
cat__date_added_2025-02-06,0.0
cat__date_added_2025-04-26,0.0
cat__date_added_2025-04-25,0.0
cat__date_added_2025-04-24,0.0
cat__date_added_2025-04-23,0.0
cat__date_added_2025-04-22,0.0
cat__date_added_2025-04-21,0.0
cat__date_added_2025-04-20,0.0
cat__date_added_2025-04-19,0.0
cat__date_added_2025-04-18,0.0
cat__date_added_2025-04-16,0.0
cat__date_added_2025-04-06,0.0
cat__date_added_2025-04-02,0.0
cat__date_added_2025-02-28,0.0
cat__date_added_2025-03-31,0.0
cat__date_added_2025-03-28,0.0
cat__date_added_2025-03-27,0.0
cat__date_added_2025-03-26,0.0
cat__date_added_2025-03-25,0.0
cat__date_added_2025-03-21,0.0
cat__date_added_2025-03-18,0.0
cat__date_added_2025-03-17,0.0
cat__date_added_2025-03-12,0.0
cat__date_added_2025-03-07,0.0
cat__date_added_2025-03-05,0.0
cat__date_added_2025-03-01,0.0
cat__date_added_2025-04-01,0.0
cat__date_added_2024-11-09,0.0
cat__date_added_2024-11-08,0.0
cat__date_added_2024-11-07,0.0
cat__date_added_2024-11-06,0.0
cat__date_added_2024-11-05,0.0
cat__date_added_2024-11-04,0.0
cat__date_added_2024-11-02,0.0
cat__date_added_2024-10-31,0.0
cat__date_added_2024-10-30,0.0
cat__date_added_2024-10-29,0.0
cat__date_added_2024-10-26,0.0
cat__date_added_2024-10-25,0.0
cat__date_added_2025-01-13,0.0
cat__date_added_2024-10-18,0.0
cat__date_added_2024-10-17,0.0
cat__date_added_2024-10-16,0.0
cat__date_added_2024-10-15,0.0
cat__date_added_2024-10-11,0.0
cat__date_added_2024-10-10,0.0
cat__date_added_2024-10-09,0.0
cat__date_added_2024-10-04,0.0
cat__date_added_2024-10-03,0.0
cat__date_added_2024-10-02,0.0
cat__date_added_2024-10-01,0.0
cat__date_added_2024-09-26,0.0
cat__date_added_2024-10-23,0.0
cat__date_added_2025-01-12,0.0
cat__date_added_2025-01-11,0.0
cat__date_added_2025-01-08,0.0
cat__date_added_2025-01-07,0.0
cat__date_added_2025-01-05,0.0
cat__date_added_2025-01-04,0.0
cat__date_added_2024-12-28,0.0
cat__date_added_2024-12-18,0.0
cat__date_added_2024-12-13,0.0
cat__date_added_2024-12-12,0.0
cat__date_added_2024-12-11,0.0
cat__date_added_2024-12-07,0.0
cat__date_added_2024-11-10,0.0
cat__date_added_2024-12-04,0.0
cat__date_added_2024-12-03,0.0
cat__date_added_2024-12-01,0.0
cat__date_added_2024-11-28,0.0
cat__date_added_2024-11-24,0.0
cat__date_added_2024-11-21,0.0
cat__date_added_2024-11-16,0.0
cat__date_added_2024-11-15,0.0
cat__date_added_2024-11-14,0.0
cat__date_added_2024-11-13,0.0
cat__date_added_2024-11-12,0.0
cat__date_added_2024-11-11,0.0
cat__date_added_2024-12-05,0.0
"cat__industry_Mobile Apps, Developer Tools",0.0
cat__industry_Media/entertainment,0.0
cat__industry_Media/Entertainment,0.0
"cat__industry_Media, video editing",0.0
cat__industry_Media,0.0
"cat__industry_Marketing Tech, SMS Marketing",0.0
cat__industry_Marketing Tech,0.0
cat__industry_Marketing Automation,0.0
cat__industry_Marketing,0.0
"cat__industry_Marijuana, marketing",0.0
cat__industry_Manufacturing,0.0
cat__date_added_2022-10-05,0.0
cat__industry_MEDIA,0.0
cat__industry_MARKETING,0.0
cat__industry_MANUFACTURING,0.0
cat__industry_Logistics,0.0
cat__industry_Logistic,0.0
cat__industry_Legal Tech,0.0
cat__industry_Legal,0.0
cat__industry_LOGISTICS,0.0
cat__industry_Job Search,0.0
"cat__industry_Insurtech, machine learning",0.0
"cat__industry_Insurtech, fintech",0.0
"cat__industry_Insurtech, cloud computing",0.0
"cat__industry_MEDIA, NEWS",0.0
cat__industry_Real Estate,0.0
cat__industry_RETAIL,0.0
cat__industry_RECRUITING,0.0
cat__industry_REAL ESTATE,0.0
cat__industry_Publishing,0.0
"cat__industry_Proptech, hospitality",0.0
cat__industry_Proptech,0.0
"cat__industry_PropTech, Real Estate",0.0
cat__industry_PropTech,0.0
cat__industry_Productivity Tools,0.0
"cat__industry_Product design, apparel",0.0
cat__industry_Product Design,0.0
"cat__industry_Mobile Apps, Gaming",0.0
"cat__industry_Pet tech, health care",0.0
cat__industry_PRODUCT,0.0
cat__industry_Outsourcing and Offshoring Consulting,0.0
cat__industry_Other,0.0
cat__industry_Online travel agency and search engine,0.0
cat__industry_Online gaming,0.0
cat__industry_Online Gaming,0.0
cat__industry_OTHER,0.0
"cat__industry_News, media",0.0
cat__industry_News,0.0
cat__industry_Natural Language Processing,0.0
cat__industry_Motor Vehicle Manufacturing,0.0
cat__industry_Product,0.0
cat__industry_Game studio,0.0
cat__industry_Foodtech,0.0
"cat__industry_Food delivery, ecommerce",0.0
"cat__industry_Food Tech, Software, Grocery Tech",0.0
cat__record_id_layoff_00006,0.0
cat__industry_Fitness/Digital Health,0.0
cat__industry_Fitness,0.0
"cat__industry_Fintech, software",0.0
"cat__industry_Fintech, payments",0.0
"cat__industry_Fintech, analytics",0.0
cat__industry_Fintech,0.0
cat__industry_Financial Services,0.0
cat__industry_Insurtech,0.0
"cat__industry_FinTech, loan repayments",0.0
cat__industry_FinTech,0.0
"cat__industry_FOOD DELIVERY, ECOMMERCE",0.0
cat__record_id_layoff_00007,0.0
cat__industry_FITNESS,0.0
"cat__industry_FINTECH, AI",0.0
cat__industry_FINTECH,0.0
cat__industry_FINANCE,0.0
cat__industry_Entertainment Providers,0.0
"cat__industry_Enterprise software, e-commerce",0.0
"cat__industry_Enterprise software, Management information systems",0.0
cat__industry_Enterprise Software,0.0
cat__month_name_September,0.0
"cat__industry_Insurance, fintech",0.0
cat__industry_Insurance,0.0
cat__industry_InsurTech,0.0
cat__industry_Infrastructure,0.0
cat__industry_IT Services and IT Consulting,0.0
cat__industry_IT Services,0.0
cat__industry_IT Infrastructure,0.0
"cat__industry_INSURTECH, TRANSPORTATION",0.0
cat__industry_INFRASTRUCTURE,0.0
"cat__industry_Human resources, recruiting",0.0
cat__industry_Hospitality,0.0
cat__industry_Higher Education Industry,0.0
cat__industry_Gaming,0.0
cat__record_id_layoff_00005,0.0
"cat__industry_Health care, nutrition",0.0
"cat__industry_Health care, analytics",0.0
cat__industry_Health care,0.0
"cat__industry_Health Care, Biotech",0.0
cat__industry_Health Care,0.0
cat__industry_Hardware,0.0
cat__industry_HR and payroll software,0.0
cat__industry_HR Tech,0.0
cat__industry_HEALTHCARE,0.0
cat__industry_HARDWARE,0.0
"cat__industry_Grocery, e-commerce, delivery service",0.0
cat__industry_Higher Education,0.0
"cat__industry_delivery, e-commerce",0.0
"cat__industry_data center, enterprise software",0.0
cat__industry_data,0.0
"cat__industry_cybsersecurity, predictive analytics",0.0
"cat__industry_cybersecurity, cloud infrastructure",0.0
cat__industry_cryptocurrency,0.0
cat__industry_crypto,0.0
cat__industry_conversational chatbot tools,0.0
cat__industry_conversational ai,0.0
"cat__industry_consumer lending, fintech",0.0
cat__industry_consumer,0.0
"cat__industry_Real Estate, PropTech",0.0
cat__industry_cloud,0.0
"cat__industry_big data, cloud computing",0.0
"cat__industry_automotive, electric vehicles",0.0
cat__industry_automotive,0.0
"cat__industry_automation, IT",0.0
"cat__industry_analytics, SaaS",0.0
"cat__industry_ai, coding",0.0
cat__industry_ai,0.0
cat__industry_aerospace,0.0
"cat__industry_Visual collaboration, Apps",0.0
cat__industry_Video-sharing social network,0.0
"cat__industry_Video production, marketing",0.0
cat__industry_construction,0.0
cat__industry_healthcare,0.0
cat__industry_health diagnostics,0.0
"cat__industry_health care, telehealth",0.0
"cat__industry_health care, health insurance",0.0
"cat__industry_health care, clinical trials",0.0
"cat__industry_health care, analytics",0.0
cat__industry_hardware,0.0
cat__industry_gaming,0.0
"cat__industry_food and beverage, restaurants",0.0
cat__industry_food and beverage,0.0
cat__industry_food,0.0
cat__industry_fitness,0.0
"cat__industry_developer APIs, enterprise software",0.0
"cat__industry_fintech, crypto",0.0
cat__industry_finance,0.0
"cat__industry_enterprise tech, analytics",0.0
"cat__industry_enterprise software, productivity",0.0
"cat__industry_enterprise software, SaaS",0.0
"cat__industry_engineering, software",0.0
"cat__industry_electric vehicle, transportation",0.0
cat__industry_education,0.0
"cat__industry_edtech, artificial intelligence",0.0
"cat__industry_e-commerce, retail",0.0
cat__industry_e-commerce,0.0
cat__industry_digital marketing,0.0
"cat__industry_fintech, personal finance",0.0
cat__industry_Social Media,0.0
"cat__industry_Smart Home, Security",0.0
"cat__industry_Shipping, Logistics",0.0
cat__industry_Semiconductors,0.0
cat__industry_Semiconductor Manufacturing,0.0
"cat__industry_Security, SaaS",0.0
cat__industry_Security,0.0
"cat__industry_SecOps, security",0.0
cat__month_name_October,0.0
"cat__industry_Saas, APIs",0.0
"cat__industry_SaaS, meeting software",0.0
"cat__industry_SaaS, enterprise software",0.0
"cat__industry_Video games, blockchain",0.0
cat__industry_SaaS,0.0
cat__industry_SUPPORT,0.0
cat__industry_SOFTWARE DEVELOPMENT,0.0
"cat__industry_SOCIAL MEDIA, CREATOR ECONOMY",0.0
cat__industry_SEO Software,0.0
cat__industry_SECURITY,0.0
cat__industry_SALES,0.0
"cat__industry_Retail, e-commerce",0.0
cat__industry_Retail,0.0
"cat__industry_Restaurant Tech, Food Tech",0.0
"cat__industry_Renewable energy, forestry",0.0
cat__industry_Recruiting,0.0
"cat__industry_SaaS, data",0.0
cat__industry_Video Conferencing Software,0.0
cat__industry_Venture capital fund,0.0
cat__industry_Vehicle Cybersecurity,0.0
cat__industry_Unknown,0.0
"cat__industry_Travel, hotels",0.0
cat__industry_Travel Guidance Platform,0.0
cat__industry_Travel,0.0
cat__industry_Transportion,0.0
cat__record_id_layoff_00003,0.0
cat__industry_Transporation,0.0
cat__industry_Translation and Localization,0.0
cat__industry_Telecommunications,0.0
cat__industry_Social media,0.0
cat__industry_Technology. Information and Internet,0.0
cat__industry_TRAVEL,0.0
cat__industry_TRANSPORTATION,0.0
cat__industry_Surveillance,0.0
cat__industry_Support,0.0
"cat__industry_Speech recognition, artificial intelligence",0.0
cat__industry_Spectator Sports,0.0
"cat__industry_Solar, Software",0.0
cat__industry_Software Development,0.0
cat__industry_Software,0.0
cat__industry_Social posting site,0.0
cat__industry_Social media startup,0.0
"cat__industry_Telecommunication, wireless",0.0
cat__country_Hong Kong,0.0
cat__country_Ghana,0.0
cat__country_Germany,0.0
cat__country_France,0.0
cat__country_Finland,0.0
cat__country_Estonia,0.0
cat__country_Egypt,0.0
cat__country_Denmark,0.0
cat__country_Czech Republic,0.0
cat__country_Cyprus,0.0
cat__country_Colombia,0.0
cat__industry_Enterprise Apple device management,0.0
cat__country_Chile,0.0
cat__country_Cayman Islands,0.0
cat__country_Canada,0.0
cat__country_Bulgaria,0.0
cat__country_Belgium,0.0
cat__country_Austria,0.0
cat__country_Australia,0.0
cat__country_Argentina,0.0
cat__city_zurich,0.0
cat__city_washington d.c.,0.0
cat__city_walldorf,0.0
cat__city_vancouver,0.0
cat__country_China,0.0
cat__country_Senegal,0.0
cat__country_Saudi Arabia,0.0
cat__country_Russia,0.0
cat__country_Romania,0.0
cat__country_Portugal,0.0
cat__day_of_week_Sunday,0.0
cat__country_Philippines,0.0
cat__country_Peru,0.0
cat__country_Pakistan,0.0
cat__country_Norway,0.0
cat__day_of_week_Thursday,0.0
cat__country_New Zealand,0.0
cat__country_Hungary,0.0
cat__country_Myanmar,0.0
cat__country_Mexico,0.0
cat__country_Malta,0.0
cat__country_Malaysia,0.0
cat__country_Luxembourg,0.0
cat__country_Lithuania,0.0
cat__country_Kenya,0.0
cat__country_Japan,0.0
cat__country_Israel,0.0
cat__country_Ireland,0.0
cat__country_Indonesia,0.0
cat__country_India,0.0
cat__country_Netherlands,0.0
cat__city_norwalk,0.0
cat__city_noida,0.0
cat__city_new york city,0.0
cat__city_new york,0.0
cat__city_mumbai,0.0
cat__city_mountain view,0.0
cat__city_moscow,0.0
cat__city_montreal,0.0
cat__city_milwaukee,0.0
cat__city_miami,0.0
cat__city_menlo park,0.0
cat__city_melbourne,0.0
"cat__city_truckee, ca",0.0
cat__city_los angeles,0.0
cat__city_london,0.0
cat__city_kuala lumpur,0.0
cat__city_kolkata,0.0
cat__city_jakarta,0.0
cat__city_ibadan,0.0
cat__city_ho chi minh city,0.0
cat__city_helsinki,0.0
"cat__city_healdsburg, ca",0.0
cat__city_guadalajara,0.0
cat__city_espoo,0.0
cat__city_durham,0.0
"cat__city_manhattan beach, ca",0.0
cat__city_toronto,0.0
"cat__city_the bronx, ny",0.0
cat__city_tel aviv,0.0
cat__city_sydney,0.0
cat__city_sunnyvale,0.0
cat__city_stockholm,0.0
cat__city_stamford,0.0
cat__city_spokane,0.0
cat__city_singapore,0.0
cat__city_shanghai,0.0
cat__city_sf bay area,0.0
cat__city_seattle,0.0
cat__city_palo alto,0.0
cat__city_santa fe,0.0
cat__city_santa clara,0.0
cat__city_santa barbara,0.0
cat__city_san francisco,0.0
cat__city_san diego,0.0
cat__city_salt lake city,0.0
cat__city_reno,0.0
cat__city_redwood city,0.0
cat__city_raleigh,0.0
cat__city_portland,0.0
cat__city_pittsburgh,0.0
cat__city_philadelphia,0.0
cat__city_sao paulo,0.0
cat__industry_Cybersecurity,0.0
cat__industry_Customer service,0.0
"cat__industry_Cryptocurrency, blockchain",0.0
cat__industry_Cryptocurrency,0.0
"cat__industry_Crypto, NFT marketplace",0.0
cat__industry_Crypto,0.0
cat__industry_Crowdfunding,0.0
cat__industry_Coworking,0.0
cat__industry_Conversation Media Platform,0.0
cat__industry_Construction,0.0
cat__industry_Computer memory,0.0
cat__country_Seychelles,0.0
cat__industry_Computer and Network Security,0.0
cat__industry_Computer Games,0.0
"cat__industry_Collaboration, productivity",0.0
cat__industry_Cloud technology,0.0
"cat__industry_Cloud computing, web hosting",0.0
"cat__industry_Cloud computing, IT",0.0
cat__industry_Cloud Technology Company,0.0
"cat__industry_CleanTech, energy",0.0
cat__industry_Cannabis,0.0
cat__industry_CRYPTOCURRENCY,0.0
cat__industry_CRYPTO,0.0
"cat__industry_CRM, enterprise software",0.0
cat__industry_Computer games,0.0
cat__industry_Energy,0.0
cat__industry_Employment Marketplace,0.0
"cat__industry_Employee Benefits, HR Tech",0.0
cat__industry_Electronics,0.0
cat__industry_Education,0.0
cat__industry_Edtech,0.0
cat__industry_EdTech,0.0
"cat__industry_Ecommerce, Fashion",0.0
cat__industry_EV financing platform,0.0
"cat__industry_ESPORTS, MEDIA",0.0
cat__industry_ENERGY,0.0
cat__industry_EDUCATION,0.0
"cat__industry_Cybersecurity, enterprise software",0.0
"cat__industry_E-commerce, marketplace",0.0
"cat__industry_E-commerce, fashion",0.0
"cat__industry_E-commerce, SaaS",0.0
"cat__industry_E-commerce, Logistics",0.0
"cat__industry_E-commerce, DTC",0.0
cat__industry_E-commerce,0.0
cat__industry_Digital Marketing,0.0
"cat__industry_Developer APIs, enterprise software",0.0
cat__industry_Data storage,0.0
cat__industry_Data Analytics,0.0
cat__record_id_layoff_00010,0.0
cat__industry_DATA,0.0
cat__industry_E-sport,0.0
"cat__industry_AI, big data",0.0
"cat__industry_AI, analytics",0.0
"cat__industry_AI, Sales",0.0
cat__industry_AI chip startup,0.0
cat__industry_AI,0.0
"cat__industry_AEROSPACE, SPACE",0.0
cat__industry_AEROSPACE,0.0
cat__industry_ADVERTISING SERVICES,0.0
"cat__industry_ADTECH, DIGITAL MARKETING",0.0
cat__is_us_True,0.0
cat__day_of_week_Friday,0.0
cat__country_unknown,0.0
"cat__industry_CRM, IT",0.0
cat__country_Uruguay,0.0
cat__country_Unknown,0.0
cat__country_United States,0.0
cat__country_United Kingdom,0.0
cat__country_Ukraine,0.0
cat__country_Thailand,0.0
cat__country_Switzerland,0.0
cat__country_Sweden,0.0
cat__country_Spain,0.0
cat__country_South Korea,0.0
cat__country_South Africa,0.0
cat__country_Singapore,0.0
cat__day_of_week_Saturday,0.0
cat__industry_CONSUMER,0.0
cat__industry_CONSTRUCTION,0.0
cat__industry_Business catering,0.0
cat__industry_Business Consulting and Services,0.0
"cat__industry_Blockchain, cryptocurrency",0.0
cat__industry_Biotechnology Research,0.0
"cat__industry_Big tech, internet services",0.0
cat__industry_Beauty,0.0
cat__industry_Autonomous-driving vehicles,0.0
cat__industry_Autonomous vehicles,0.0
cat__industry_Autonomous Driving Company,0.0
cat__industry_Automotive Technology,0.0
"cat__industry_AI, enterprise software",0.0
"cat__industry_Auto, E-commerce",0.0
"cat__industry_Artificial intelligence, machine learning",0.0
cat__industry_Artificial Intelligence,0.0
cat__industry_Appliances. Electrical. and Electronics Manufacturing,0.0
cat__industry_Appliances,0.0
cat__industry_Analytics,0.0
"cat__industry_AgTech, food and beverage",0.0
cat__industry_Aerospace,0.0
cat__industry_Advancement of Semiconductor Technology,0.0
"cat__industry_AR, health care",0.0
cat__industry_ANALYTICS,0.0
"cat__industry_AI, health care",0.0
cat__industry_Automotive,0.0
cat__date_added_2022-05-04,0.0
cat__date_added_2022-05-02,0.0
cat__date_added_2022-04-28,0.0
cat__date_added_2022-04-27,0.0
cat__date_added_2022-04-26,0.0
cat__date_added_2022-04-25,0.0
cat__date_added_2022-04-24,0.0
cat__date_added_2022-04-23,0.0
cat__date_added_2022-04-20,0.0
cat__date_added_2022-04-19,0.0
cat__date_added_2022-04-15,0.0
cat__industry_hr,0.0
cat__date_added_2022-04-07,0.0
cat__date_added_2022-04-05,0.0
cat__date_added_2022-03-30,0.0
cat__date_added_2022-03-29,0.0
cat__date_added_2022-03-28,0.0
cat__date_added_2022-03-25,0.0
cat__date_added_2022-03-16,0.0
cat__date_added_2022-03-15,0.0
cat__date_added_2022-03-11,0.0
cat__date_added_2022-03-09,0.0
cat__date_added_2022-03-04,0.0
cat__date_added_2022-03-01,0.0
cat__date_added_2022-04-14,0.0
cat__date_added_2022-06-03,0.0
cat__date_added_2022-06-02,0.0
cat__date_added_2022-06-01,0.0
cat__date_added_2022-05-31,0.0
cat__date_added_2022-05-29,0.0
cat__date_added_2022-05-28,0.0
cat__date_added_2022-05-27,0.0
cat__date_added_2022-05-26,0.0
cat__date_added_2022-05-25,0.0
cat__date_added_2022-05-24,0.0
cat__date_added_2022-05-23,0.0
cat__date_added_2022-05-22,0.0
cat__date_added_2022-05-05,0.0
cat__date_added_2022-05-20,0.0
cat__date_added_2022-05-19,0.0
cat__date_added_2022-05-18,0.0
cat__date_added_2022-05-17,0.0
cat__date_added_2022-05-14,0.0
cat__date_added_2022-05-13,0.0
cat__date_added_2022-05-12,0.0
cat__date_added_2022-05-11,0.0
cat__date_added_2022-05-10,0.0
cat__date_added_2022-05-09,0.0
cat__date_added_2022-05-07,0.0
cat__date_added_2022-05-06,0.0
cat__date_added_2022-05-21,0.0
cat__date_added_2021-02-09,0.0
cat__date_added_2021-02-05,0.0
cat__date_added_2021-02-03,0.0
cat__date_added_2021-01-28,0.0
cat__date_added_2021-01-23,0.0
cat__date_added_2021-01-21,0.0
cat__date_added_2021-01-13,0.0
cat__date_added_2021-01-11,0.0
cat__date_added_2021-01-09,0.0
cat__date_added_2020-12-28,0.0
cat__date_added_2020-12-23,0.0
cat__date_added_2020-12-17,0.0
cat__date_added_2022-02-26,0.0
cat__date_added_2020-12-02,0.0
cat__date_added_2020-12-01,0.0
cat__date_added_2020-11-19,0.0
cat__date_added_2020-11-12,0.0
cat__date_added_2020-11-05,0.0
cat__date_added_2020-11-04,0.0
cat__date_added_2020-10-23,0.0
cat__date_added_2020-10-22,0.0
cat__date_added_2020-10-16,0.0
cat__date_added_2020-10-07,0.0
cat__date_added_2020-09-30,0.0
cat__date_added_2020-09-29,0.0
cat__date_added_2020-12-09,0.0
cat__date_added_2022-02-22,0.0
cat__date_added_2022-02-11,0.0
cat__date_added_2022-02-08,0.0
cat__date_added_2022-02-04,0.0
cat__date_added_2022-01-27,0.0
cat__date_added_2022-01-26,0.0
cat__date_added_2022-01-09,0.0
cat__date_added_2021-12-30,0.0
cat__date_added_2021-12-01,0.0
cat__date_added_2021-11-20,0.0
cat__date_added_2021-11-02,0.0
cat__date_added_2021-10-27,0.0
cat__date_added_2021-02-11,0.0
cat__date_added_2021-09-15,0.0
cat__date_added_2021-08-05,0.0
cat__date_added_2021-07-29,0.0
cat__date_added_2021-06-01,0.0
cat__date_added_2021-04-30,0.0
cat__date_added_2021-04-29,0.0
cat__date_added_2021-04-06,0.0
cat__date_added_2021-03-09,0.0
cat__date_added_2021-03-04,0.0
cat__date_added_2021-02-25,0.0
cat__date_added_2021-02-23,0.0
cat__date_added_2021-02-22,0.0
cat__date_added_2021-09-16,0.0
cat__date_added_2022-08-31,0.0
cat__date_added_2022-08-30,0.0
cat__date_added_2022-08-29,0.0
cat__date_added_2022-08-26,0.0
cat__date_added_2022-08-25,0.0
cat__date_added_2022-08-24,0.0
cat__date_added_2022-08-23,0.0
cat__date_added_2022-08-22,0.0
cat__date_added_2022-08-20,0.0
cat__date_added_2022-08-19,0.0
cat__date_added_2022-08-18,0.0
cat__month_name_June,0.0
cat__date_added_2022-08-16,0.0
cat__date_added_2022-08-15,0.0
cat__date_added_2022-08-14,0.0
cat__date_added_2022-08-13,0.0
cat__date_added_2022-08-12,0.0
cat__date_added_2022-08-11,0.0
cat__date_added_2022-08-10,0.0
cat__date_added_2022-08-09,0.0
cat__date_added_2022-08-08,0.0
cat__date_added_2022-08-05,0.0
cat__date_added_2022-08-04,0.0
cat__date_added_2022-08-03,0.0
cat__date_added_2022-08-17,0.0
cat__date_added_2022-10-04,0.0
cat__date_added_2022-10-02,0.0
cat__date_added_2022-09-30,0.0
cat__date_added_2022-09-29,0.0
cat__date_added_2022-09-28,0.0
cat__date_added_2022-09-27,0.0
cat__date_added_2022-09-24,0.0
cat__date_added_2022-09-23,0.0
cat__date_added_2022-09-22,0.0
cat__date_added_2022-09-21,0.0
cat__date_added_2022-09-19,0.0
cat__date_added_2022-09-17,0.0
cat__date_added_2022-09-01,0.0
cat__date_added_2022-09-15,0.0
cat__date_added_2022-09-14,0.0
cat__date_added_2022-09-13,0.0
cat__date_added_2022-09-12,0.0
cat__date_added_2022-09-11,0.0
cat__date_added_2022-09-10,0.0
cat__date_added_2022-09-09,0.0
cat__date_added_2022-09-08,0.0
cat__date_added_2022-09-07,0.0
cat__date_added_2022-09-06,0.0
cat__date_added_2022-09-05,0.0
cat__date_added_2022-09-02,0.0
cat__date_added_2022-09-16,0.0
cat__date_added_2022-06-30,0.0
cat__date_added_2022-06-29,0.0
cat__date_added_2022-06-28,0.0
cat__date_added_2022-06-27,0.0
cat__date_added_2022-06-26,0.0
cat__date_added_2022-06-25,0.0
cat__date_added_2022-06-24,0.0
cat__date_added_2022-06-23,0.0
cat__date_added_2022-06-22,0.0
cat__date_added_2022-06-21,0.0
cat__date_added_2022-06-20,0.0
cat__date_added_2022-06-19,0.0
cat__date_added_2022-08-02,0.0
cat__date_added_2022-06-17,0.0
cat__date_added_2022-06-16,0.0
cat__date_added_2022-06-15,0.0
cat__date_added_2022-06-14,0.0
cat__date_added_2022-06-13,0.0
cat__date_added_2022-06-11,0.0
cat__date_added_2022-06-10,0.0
cat__date_added_2022-06-09,0.0
cat__date_added_2022-06-08,0.0
cat__date_added_2022-06-07,0.0
cat__date_added_2022-06-06,0.0
cat__date_added_2022-06-05,0.0
cat__date_added_2022-06-18,0.0
cat__date_added_2022-08-01,0.0
cat__date_added_2022-07-30,0.0
cat__date_added_2022-07-29,0.0
cat__date_added_2022-07-28,0.0
cat__date_added_2022-07-27,0.0
cat__date_added_2022-07-26,0.0
cat__date_added_2022-07-25,0.0
cat__date_added_2022-07-22,0.0
cat__date_added_2022-07-21,0.0
cat__date_added_2022-07-20,0.0
cat__date_added_2022-07-19,0.0
cat__date_added_2022-07-18,0.0
cat__date_added_2022-07-01,0.0
cat__date_added_2022-07-15,0.0
cat__date_added_2022-07-14,0.0
cat__date_added_2022-07-13,0.0
cat__date_added_2022-07-12,0.0
cat__date_added_2022-07-11,0.0
cat__date_added_2022-07-08,0.0
cat__date_added_2022-07-07,0.0
cat__date_added_2022-07-06,0.0
cat__date_added_2022-07-05,0.0
cat__date_added_2022-07-04,0.0
cat__date_added_2022-07-03,0.0
cat__date_added_2022-07-02,0.0
cat__date_added_2022-07-16,0.0
cat__stage_series e,0.0
cat__stage_series d,0.0
cat__stage_series c,0.0
cat__stage_series b,0.0
cat__stage_series a,0.0
cat__stage_private equity,0.0
cat__stage_post-ipo,0.0
cat__stage_acquired,0.0
cat__month_name_March,0.0
cat__stage_UNKNOWN,0.0
cat__stage_Subsidiary,0.0
cat__date_added_2020-09-28,0.0
cat__stage_Series I,0.0
cat__stage_Series H,0.0
cat__stage_Series G,0.0
cat__stage_Series F,0.0
cat__stage_Series E,0.0
cat__stage_Series D,0.0
cat__stage_Series C,0.0
cat__month_name_May,0.0
cat__month_name_January,0.0
cat__stage_SERIES J,0.0
cat__stage_SERIES H,0.0
cat__stage_SERIES G,0.0
cat__month_name_July,0.0
cat__date_added_2020-04-10,0.0
cat__date_added_2020-04-09,0.0
cat__date_added_2020-04-08,0.0
cat__date_added_2020-04-07,0.0
cat__date_added_2020-04-06,0.0
cat__date_added_2020-04-05,0.0
cat__date_added_2020-04-04,0.0
cat__date_added_2020-04-03,0.0
cat__date_added_2020-04-02,0.0
cat__date_added_2020-04-01,0.0
cat__date_added_2020-03-31,0.0
cat__date_added_2020-03-30,0.0
cat__stage_series f,0.0
cat__date_added_2020-03-28,0.0
cat__date_added_2020-03-27,0.0
cat__date_added_2020-03-26,0.0
cat__date_added_2020-03-25,0.0
cat__date_added_2020-03-24,0.0
cat__date_added_2020-03-23,0.0
cat__date_added_2020-03-13,0.0
cat__stage_unknown,0.0
cat__stage_subsidiary,0.0
cat__stage_series i,0.0
cat__stage_series h,0.0
cat__stage_series g,0.0
cat__date_added_2020-03-29,0.0
"cat__industry_retail, e-commerce",0.0
cat__industry_retail,0.0
"cat__industry_restaurant tech, food tech",0.0
cat__industry_recruiting,0.0
cat__industry_real estate,0.0
"cat__industry_proptech, advertising",0.0
cat__industry_proptech,0.0
"cat__industry_productivity, enterprise software",0.0
cat__industry_product,0.0
"cat__industry_privacy tech, marketing tech",0.0
"cat__industry_pharmaceutical, health care",0.0
cat__industry_other,0.0
cat__stage_SERIES F,0.0
cat__industry_music,0.0
cat__industry_media/entertainment,0.0
"cat__industry_media, streaming",0.0
cat__industry_media,0.0
cat__industry_marketplace,0.0
cat__industry_marketing,0.0
cat__industry_manufacturing,0.0
cat__industry_logistics,0.0
cat__industry_it services,0.0
cat__industry_infrastructure,0.0
"cat__industry_indoor farming, agtech",0.0
"cat__industry_human resources, SaaS",0.0
cat__industry_networking and security,0.0
cat__stage_SERIES E,0.0
cat__stage_SERIES D,0.0
cat__stage_SERIES C,0.0
cat__stage_SERIES B,0.0
cat__stage_SERIES A,0.0
cat__month_name_November,0.0
cat__stage_Private Equity,0.0
cat__record_id_layoff_00002,0.0
cat__stage_PRIVATE EQUITY,0.0
cat__stage_POST-IPO,0.0
cat__stage_Acquired,0.0
cat__stage_ACQUIRED,0.0
"cat__industry_robotics, ai",0.0
cat__industry_travel,0.0
cat__industry_transportation,0.0
cat__industry_telehealth,0.0
cat__industry_telecommunication,0.0
cat__industry_support,0.0
cat__industry_software development,0.0
"cat__industry_social media, audio",0.0
cat__industry_social media,0.0
"cat__industry_social impact, finance",0.0
"cat__industry_security, enterprise software",0.0
cat__industry_security,0.0
cat__industry_sales,0.0
cat__industry_virtual event,0.0
cat__date_added_2020-07-28,0.0
cat__date_added_2020-07-27,0.0
cat__date_added_2020-07-24,0.0
cat__date_added_2020-07-21,0.0
cat__date_added_2020-07-20,0.0
cat__date_added_2020-07-17,0.0
cat__date_added_2020-07-15,0.0
cat__date_added_2020-07-14,0.0
cat__date_added_2020-07-13,0.0
cat__date_added_2020-07-10,0.0
cat__date_added_2020-07-09,0.0
cat__date_added_2020-04-11,0.0
cat__date_added_2020-07-03,0.0
cat__date_added_2020-07-02,0.0
cat__date_added_2020-06-30,0.0
cat__date_added_2020-06-29,0.0
cat__date_added_2020-06-27,0.0
cat__date_added_2020-06-26,0.0
cat__date_added_2020-06-25,0.0
cat__date_added_2020-06-23,0.0
cat__date_added_2020-06-22,0.0
cat__date_added_2020-06-18,0.0
cat__date_added_2020-06-16,0.0
cat__date_added_2020-06-13,0.0
cat__date_added_2020-07-04,0.0
cat__date_added_2020-09-21,0.0
cat__date_added_2020-09-16,0.0
cat__date_added_2020-09-14,0.0
cat__date_added_2020-09-11,0.0
cat__date_added_2020-09-10,0.0
cat__date_added_2020-09-09,0.0
cat__date_added_2020-09-08,0.0
cat__date_added_2020-09-04,0.0
cat__date_added_2020-09-02,0.0
cat__date_added_2020-08-31,0.0
cat__date_added_2020-08-27,0.0
cat__date_added_2020-08-26,0.0
cat__date_added_2020-07-30,0.0
cat__date_added_2020-08-20,0.0
cat__date_added_2020-08-19,0.0
cat__date_added_2020-08-18,0.0
cat__date_added_2020-08-14,0.0
cat__date_added_2020-08-13,0.0
cat__date_added_2020-08-11,0.0
cat__date_added_2020-08-10,0.0
cat__date_added_2020-08-07,0.0
cat__date_added_2020-08-06,0.0
cat__date_added_2020-08-04,0.0
cat__date_added_2020-08-03,0.0
cat__date_added_2020-07-31,0.0
cat__date_added_2020-08-24,0.0
cat__date_added_2020-05-08,0.0
cat__date_added_2020-05-07,0.0
cat__date_added_2020-05-06,0.0
cat__date_added_2020-05-05,0.0
cat__date_added_2020-05-04,0.0
cat__date_added_2020-05-03,0.0
cat__date_added_2020-05-02,0.0
cat__date_added_2020-04-30,0.0
cat__date_added_2020-04-29,0.0
cat__date_added_2020-04-28,0.0
cat__date_added_2020-04-27,0.0
cat__date_added_2020-04-26,0.0
cat__date_added_2020-06-12,0.0
cat__date_added_2020-04-24,0.0
cat__date_added_2020-04-23,0.0
cat__date_added_2020-04-22,0.0
cat__date_added_2020-04-21,0.0
cat__date_added_2020-04-20,0.0
cat__date_added_2020-04-19,0.0
cat__date_added_2020-04-18,0.0
cat__date_added_2020-04-17,0.0
cat__date_added_2020-04-16,0.0
cat__date_added_2020-04-14,0.0
cat__date_added_2020-04-13,0.0
cat__date_added_2020-04-12,0.0
cat__date_added_2020-04-25,0.0
cat__date_added_2020-06-11,0.0
cat__date_added_2020-06-10,0.0
cat__date_added_2020-06-06,0.0
cat__date_added_2020-06-05,0.0
cat__date_added_2020-06-04,0.0
cat__date_added_2020-06-03,0.0
cat__date_added_2020-06-02,0.0
cat__date_added_2020-06-01,0.0
cat__date_added_2020-05-30,0.0
cat__date_added_2020-05-29,0.0
cat__date_added_2020-05-28,0.0
cat__date_added_2020-05-27,0.0
cat__date_added_2020-05-10,0.0
cat__date_added_2020-05-23,0.0
cat__date_added_2020-05-22,0.0
cat__date_added_2020-05-21,0.0
cat__date_added_2020-05-20,0.0
cat__date_added_2020-05-19,0.0
cat__date_added_2020-05-18,0.0
cat__date_added_2020-05-17,0.0
cat__date_added_2020-05-15,0.0
cat__date_added_2020-05-14,0.0
cat__date_added_2020-05-13,0.0
cat__date_added_2020-05-12,0.0
cat__date_added_2020-05-11,0.0
cat__date_added_2020-05-26,0.0
cat__record_id_layoff_01420,0.0
cat__record_id_layoff_01419,0.0
cat__record_id_layoff_01418,0.0
cat__record_id_layoff_01417,0.0
cat__record_id_layoff_01415,0.0
cat__record_id_layoff_01413,0.0
cat__record_id_layoff_01411,0.0
cat__record_id_layoff_01410,0.0
cat__record_id_layoff_01409,0.0
cat__record_id_layoff_01408,0.0
cat__record_id_layoff_01407,0.0
cat__record_id_layoff_01405,0.0
cat__record_id_layoff_04192,0.0
cat__record_id_layoff_01403,0.0
cat__record_id_layoff_01402,0.0
cat__record_id_layoff_01401,0.0
cat__record_id_layoff_01400,0.0
cat__record_id_layoff_01397,0.0
cat__record_id_layoff_01396,0.0
cat__record_id_layoff_01395,0.0
cat__record_id_layoff_01393,0.0
cat__record_id_layoff_01391,0.0
cat__record_id_layoff_01390,0.0
cat__record_id_layoff_01389,0.0
cat__record_id_layoff_01387,0.0
cat__record_id_layoff_01404,0.0
cat__record_id_layoff_01450,0.0
cat__record_id_layoff_01448,0.0
cat__record_id_layoff_01447,0.0
cat__record_id_layoff_01446,0.0
cat__record_id_layoff_01445,0.0
cat__record_id_layoff_01444,0.0
cat__record_id_layoff_01443,0.0
cat__record_id_layoff_01442,0.0
cat__record_id_layoff_01440,0.0
cat__record_id_layoff_01439,0.0
cat__record_id_layoff_01438,0.0
cat__record_id_layoff_01437,0.0
cat__record_id_layoff_01421,0.0
cat__record_id_layoff_01435,0.0
cat__record_id_layoff_01434,0.0
cat__record_id_layoff_01433,0.0
cat__record_id_layoff_01432,0.0
cat__record_id_layoff_01431,0.0
cat__record_id_layoff_01429,0.0
cat__record_id_layoff_01428,0.0
cat__record_id_layoff_01427,0.0
cat__record_id_layoff_01425,0.0
cat__record_id_layoff_01424,0.0
cat__record_id_layoff_01423,0.0
cat__record_id_layoff_01422,0.0
cat__record_id_layoff_01436,0.0
cat__record_id_layoff_01354,0.0
cat__record_id_layoff_01353,0.0
cat__record_id_layoff_01352,0.0
cat__record_id_layoff_01351,0.0
cat__record_id_layoff_01350,0.0
cat__record_id_layoff_01349,0.0
cat__record_id_layoff_01347,0.0
cat__record_id_layoff_01346,0.0
cat__record_id_layoff_01345,0.0
cat__record_id_layoff_01344,0.0
cat__record_id_layoff_01343,0.0
cat__record_id_layoff_01342,0.0
cat__record_id_layoff_01386,0.0
cat__record_id_layoff_01340,0.0
cat__record_id_layoff_01339,0.0
cat__record_id_layoff_01338,0.0
cat__record_id_layoff_01337,0.0
cat__record_id_layoff_01336,0.0
cat__record_id_layoff_01335,0.0
cat__record_id_layoff_01334,0.0
cat__record_id_layoff_01333,0.0
cat__record_id_layoff_01332,0.0
cat__record_id_layoff_01331,0.0
cat__record_id_layoff_01328,0.0
cat__record_id_layoff_01327,0.0
cat__record_id_layoff_01341,0.0
cat__record_id_layoff_01385,0.0
cat__record_id_layoff_01384,0.0
cat__record_id_layoff_01383,0.0
cat__record_id_layoff_01381,0.0
cat__record_id_layoff_01380,0.0
cat__record_id_layoff_01379,0.0
cat__record_id_layoff_01378,0.0
cat__record_id_layoff_01377,0.0
cat__record_id_layoff_01376,0.0
cat__record_id_layoff_01375,0.0
cat__record_id_layoff_01374,0.0
cat__record_id_layoff_01372,0.0
cat__record_id_layoff_01355,0.0
cat__record_id_layoff_01369,0.0
cat__record_id_layoff_01368,0.0
cat__record_id_layoff_01367,0.0
cat__record_id_layoff_01366,0.0
cat__record_id_layoff_01365,0.0
cat__record_id_layoff_01364,0.0
cat__record_id_layoff_01363,0.0
cat__record_id_layoff_01361,0.0
cat__record_id_layoff_01360,0.0
cat__record_id_layoff_01359,0.0
cat__record_id_layoff_01357,0.0
cat__record_id_layoff_01356,0.0
cat__record_id_layoff_01371,0.0
cat__record_id_layoff_01546,0.0
cat__record_id_layoff_01545,0.0
cat__record_id_layoff_01544,0.0
cat__record_id_layoff_01543,0.0
cat__record_id_layoff_01542,0.0
cat__record_id_layoff_01541,0.0
cat__record_id_layoff_01540,0.0
cat__record_id_layoff_01539,0.0
cat__record_id_layoff_01537,0.0
cat__record_id_layoff_01536,0.0
cat__record_id_layoff_01535,0.0
cat__record_id_layoff_01534,0.0
cat__record_id_layoff_01453,0.0
cat__record_id_layoff_01531,0.0
cat__record_id_layoff_01530,0.0
cat__record_id_layoff_01529,0.0
cat__record_id_layoff_01528,0.0
cat__record_id_layoff_01527,0.0
cat__record_id_layoff_01526,0.0
cat__record_id_layoff_01525,0.0
cat__record_id_layoff_01524,0.0
cat__record_id_layoff_01523,0.0
cat__record_id_layoff_01521,0.0
cat__record_id_layoff_01520,0.0
cat__record_id_layoff_01519,0.0
cat__record_id_layoff_01532,0.0
cat__record_id_layoff_01576,0.0
cat__record_id_layoff_01575,0.0
cat__record_id_layoff_01574,0.0
cat__record_id_layoff_01573,0.0
cat__record_id_layoff_01571,0.0
cat__record_id_layoff_01570,0.0
cat__record_id_layoff_01568,0.0
cat__record_id_layoff_01567,0.0
cat__record_id_layoff_01566,0.0
cat__record_id_layoff_01565,0.0
cat__record_id_layoff_01564,0.0
cat__record_id_layoff_01563,0.0
cat__record_id_layoff_01547,0.0
cat__record_id_layoff_01561,0.0
cat__record_id_layoff_01559,0.0
cat__record_id_layoff_01558,0.0
cat__record_id_layoff_01557,0.0
cat__record_id_layoff_01556,0.0
cat__record_id_layoff_01555,0.0
cat__record_id_layoff_01553,0.0
cat__record_id_layoff_01552,0.0
cat__record_id_layoff_01551,0.0
cat__record_id_layoff_01550,0.0
cat__record_id_layoff_01549,0.0
cat__record_id_layoff_01548,0.0
cat__record_id_layoff_01562,0.0
cat__record_id_layoff_01483,0.0
cat__record_id_layoff_01482,0.0
cat__record_id_layoff_01481,0.0
cat__record_id_layoff_01480,0.0
cat__record_id_layoff_01479,0.0
cat__record_id_layoff_01478,0.0
cat__record_id_layoff_01476,0.0
cat__record_id_layoff_01474,0.0
cat__record_id_layoff_01472,0.0
cat__record_id_layoff_01471,0.0
cat__record_id_layoff_01470,0.0
cat__record_id_layoff_01469,0.0
cat__record_id_layoff_01518,0.0
cat__record_id_layoff_01467,0.0
cat__record_id_layoff_01466,0.0
cat__record_id_layoff_01465,0.0
cat__record_id_layoff_01464,0.0
cat__record_id_layoff_01463,0.0
cat__record_id_layoff_01462,0.0
cat__record_id_layoff_01460,0.0
cat__record_id_layoff_01458,0.0
cat__record_id_layoff_01457,0.0
cat__record_id_layoff_01456,0.0
cat__record_id_layoff_01455,0.0
cat__record_id_layoff_01454,0.0
cat__record_id_layoff_01468,0.0
cat__record_id_layoff_01517,0.0
cat__record_id_layoff_01516,0.0
cat__record_id_layoff_01515,0.0
cat__record_id_layoff_01514,0.0
cat__record_id_layoff_01513,0.0
cat__record_id_layoff_01512,0.0
cat__record_id_layoff_01511,0.0
cat__record_id_layoff_01510,0.0
cat__record_id_layoff_01509,0.0
cat__record_id_layoff_01508,0.0
cat__record_id_layoff_01507,0.0
cat__record_id_layoff_01505,0.0
cat__record_id_layoff_01484,0.0
cat__record_id_layoff_01502,0.0
cat__record_id_layoff_01501,0.0
cat__record_id_layoff_01500,0.0
cat__record_id_layoff_01499,0.0
cat__record_id_layoff_01498,0.0
cat__record_id_layoff_01497,0.0
cat__record_id_layoff_01494,0.0
cat__record_id_layoff_01492,0.0
cat__record_id_layoff_01489,0.0
cat__record_id_layoff_01488,0.0
cat__record_id_layoff_01487,0.0
cat__record_id_layoff_01485,0.0
cat__record_id_layoff_01503,0.0
cat__record_id_layoff_01163,0.0
cat__record_id_layoff_01162,0.0
cat__record_id_layoff_01161,0.0
cat__record_id_layoff_01160,0.0
cat__record_id_layoff_01159,0.0
cat__record_id_layoff_01157,0.0
cat__record_id_layoff_01156,0.0
cat__record_id_layoff_01155,0.0
cat__record_id_layoff_01153,0.0
cat__record_id_layoff_01152,0.0
cat__record_id_layoff_01149,0.0
cat__record_id_layoff_01148,0.0
cat__record_id_layoff_01326,0.0
cat__record_id_layoff_01145,0.0
cat__record_id_layoff_01144,0.0
cat__record_id_layoff_01142,0.0
cat__record_id_layoff_01141,0.0
cat__record_id_layoff_01140,0.0
cat__record_id_layoff_01139,0.0
cat__record_id_layoff_01138,0.0
cat__record_id_layoff_01137,0.0
cat__record_id_layoff_01136,0.0
cat__record_id_layoff_01135,0.0
cat__record_id_layoff_01134,0.0
cat__record_id_layoff_01131,0.0
cat__record_id_layoff_01146,0.0
cat__record_id_layoff_01194,0.0
cat__record_id_layoff_01193,0.0
cat__record_id_layoff_01192,0.0
cat__record_id_layoff_01191,0.0
cat__record_id_layoff_01190,0.0
cat__record_id_layoff_01189,0.0
cat__record_id_layoff_01188,0.0
cat__record_id_layoff_01187,0.0
cat__record_id_layoff_01186,0.0
cat__record_id_layoff_01185,0.0
cat__record_id_layoff_01183,0.0
cat__record_id_layoff_01182,0.0
cat__record_id_layoff_01164,0.0
cat__record_id_layoff_01180,0.0
cat__record_id_layoff_01178,0.0
cat__record_id_layoff_01177,0.0
cat__record_id_layoff_01174,0.0
cat__record_id_layoff_01173,0.0
cat__record_id_layoff_01172,0.0
cat__record_id_layoff_01171,0.0
cat__record_id_layoff_01169,0.0
cat__record_id_layoff_01168,0.0
cat__record_id_layoff_01167,0.0
cat__record_id_layoff_01166,0.0
cat__record_id_layoff_01165,0.0
cat__record_id_layoff_01181,0.0
cat__record_id_layoff_01091,0.0
cat__record_id_layoff_01090,0.0
cat__record_id_layoff_01089,0.0
cat__record_id_layoff_01088,0.0
cat__record_id_layoff_01086,0.0
cat__record_id_layoff_01085,0.0
cat__record_id_layoff_01084,0.0
cat__record_id_layoff_01083,0.0
cat__record_id_layoff_01082,0.0
cat__record_id_layoff_01081,0.0
cat__record_id_layoff_01079,0.0
cat__record_id_layoff_01078,0.0
cat__record_id_layoff_01130,0.0
cat__record_id_layoff_01075,0.0
cat__record_id_layoff_01074,0.0
cat__record_id_layoff_01073,0.0
cat__record_id_layoff_01072,0.0
cat__record_id_layoff_01068,0.0
cat__record_id_layoff_01067,0.0
cat__record_id_layoff_01066,0.0
cat__record_id_layoff_01065,0.0
cat__record_id_layoff_01064,0.0
cat__record_id_layoff_01063,0.0
cat__record_id_layoff_01062,0.0
cat__record_id_layoff_01061,0.0
cat__record_id_layoff_01077,0.0
cat__record_id_layoff_01128,0.0
cat__record_id_layoff_01127,0.0
cat__record_id_layoff_01126,0.0
cat__record_id_layoff_01123,0.0
cat__record_id_layoff_01122,0.0
cat__record_id_layoff_01120,0.0
cat__record_id_layoff_01119,0.0
cat__record_id_layoff_01118,0.0
cat__record_id_layoff_01117,0.0
cat__record_id_layoff_01114,0.0
cat__record_id_layoff_01112,0.0
cat__record_id_layoff_01111,0.0
cat__record_id_layoff_01092,0.0
cat__record_id_layoff_01108,0.0
cat__record_id_layoff_01107,0.0
cat__record_id_layoff_01106,0.0
cat__record_id_layoff_01102,0.0
cat__record_id_layoff_01101,0.0
cat__record_id_layoff_01099,0.0
cat__record_id_layoff_01098,0.0
cat__record_id_layoff_01097,0.0
cat__record_id_layoff_01096,0.0
cat__record_id_layoff_01095,0.0
cat__record_id_layoff_01094,0.0
cat__record_id_layoff_01093,0.0
cat__record_id_layoff_01110,0.0
cat__record_id_layoff_01292,0.0
cat__record_id_layoff_01291,0.0
cat__record_id_layoff_01290,0.0
cat__record_id_layoff_01289,0.0
cat__record_id_layoff_01287,0.0
cat__record_id_layoff_01286,0.0
cat__record_id_layoff_01285,0.0
cat__record_id_layoff_01284,0.0
cat__record_id_layoff_01283,0.0
cat__record_id_layoff_01282,0.0
cat__record_id_layoff_01280,0.0
cat__record_id_layoff_01279,0.0
cat__record_id_layoff_01195,0.0
cat__record_id_layoff_01277,0.0
cat__record_id_layoff_01276,0.0
cat__record_id_layoff_01275,0.0
cat__record_id_layoff_01274,0.0
cat__record_id_layoff_01273,0.0
cat__record_id_layoff_01272,0.0
cat__record_id_layoff_01271,0.0
cat__record_id_layoff_01270,0.0
cat__record_id_layoff_01269,0.0
cat__record_id_layoff_01267,0.0
cat__record_id_layoff_01266,0.0
cat__record_id_layoff_01265,0.0
cat__record_id_layoff_01278,0.0
cat__record_id_layoff_01324,0.0
cat__record_id_layoff_01323,0.0
cat__record_id_layoff_01322,0.0
cat__record_id_layoff_01321,0.0
cat__record_id_layoff_01320,0.0
cat__record_id_layoff_01319,0.0
cat__record_id_layoff_01317,0.0
cat__record_id_layoff_01315,0.0
cat__record_id_layoff_01314,0.0
cat__record_id_layoff_01313,0.0
cat__record_id_layoff_01311,0.0
cat__record_id_layoff_01310,0.0
cat__record_id_layoff_01293,0.0
cat__record_id_layoff_01308,0.0
cat__record_id_layoff_01307,0.0
cat__record_id_layoff_01306,0.0
cat__record_id_layoff_01305,0.0
cat__record_id_layoff_01304,0.0
cat__record_id_layoff_01302,0.0
cat__record_id_layoff_01301,0.0
cat__record_id_layoff_01300,0.0
cat__record_id_layoff_01299,0.0
cat__record_id_layoff_01298,0.0
cat__record_id_layoff_01296,0.0
cat__record_id_layoff_01294,0.0
cat__record_id_layoff_01309,0.0
cat__record_id_layoff_01226,0.0
cat__record_id_layoff_01225,0.0
cat__record_id_layoff_01224,0.0
cat__record_id_layoff_01223,0.0
cat__record_id_layoff_01222,0.0
cat__record_id_layoff_01221,0.0
cat__record_id_layoff_01220,0.0
cat__record_id_layoff_01217,0.0
cat__record_id_layoff_01216,0.0
cat__record_id_layoff_01214,0.0
cat__record_id_layoff_01213,0.0
cat__record_id_layoff_01212,0.0
cat__record_id_layoff_01262,0.0
cat__record_id_layoff_01208,0.0
cat__record_id_layoff_01207,0.0
cat__record_id_layoff_01206,0.0
cat__record_id_layoff_01204,0.0
cat__record_id_layoff_01203,0.0
cat__record_id_layoff_01202,0.0
cat__record_id_layoff_01201,0.0
cat__record_id_layoff_01200,0.0
cat__record_id_layoff_01199,0.0
cat__record_id_layoff_01198,0.0
cat__record_id_layoff_01197,0.0
cat__record_id_layoff_01196,0.0
cat__record_id_layoff_01209,0.0
cat__record_id_layoff_01261,0.0
cat__record_id_layoff_01260,0.0
cat__record_id_layoff_01258,0.0
cat__record_id_layoff_01256,0.0
cat__record_id_layoff_01255,0.0
cat__record_id_layoff_01252,0.0
cat__record_id_layoff_01250,0.0
cat__record_id_layoff_01249,0.0
cat__record_id_layoff_01248,0.0
cat__record_id_layoff_01247,0.0
cat__record_id_layoff_01246,0.0
cat__record_id_layoff_01245,0.0
cat__record_id_layoff_01227,0.0
cat__record_id_layoff_01243,0.0
cat__record_id_layoff_01242,0.0
cat__record_id_layoff_01241,0.0
cat__record_id_layoff_01239,0.0
cat__record_id_layoff_01238,0.0
cat__record_id_layoff_01236,0.0
cat__record_id_layoff_01234,0.0
cat__record_id_layoff_01233,0.0
cat__record_id_layoff_01232,0.0
cat__record_id_layoff_01231,0.0
cat__record_id_layoff_01230,0.0
cat__record_id_layoff_01228,0.0
cat__record_id_layoff_01244,0.0
cat__record_id_layoff_01925,0.0
cat__record_id_layoff_01923,0.0
cat__record_id_layoff_01922,0.0
cat__record_id_layoff_01921,0.0
cat__record_id_layoff_01920,0.0
cat__record_id_layoff_01919,0.0
cat__record_id_layoff_01918,0.0
cat__record_id_layoff_01915,0.0
cat__record_id_layoff_01914,0.0
cat__record_id_layoff_01913,0.0
cat__record_id_layoff_01912,0.0
cat__record_id_layoff_01911,0.0
cat__record_id_layoff_01577,0.0
cat__record_id_layoff_01908,0.0
cat__record_id_layoff_01907,0.0
cat__record_id_layoff_01906,0.0
cat__record_id_layoff_01905,0.0
cat__record_id_layoff_01904,0.0
cat__record_id_layoff_01903,0.0
cat__record_id_layoff_01902,0.0
cat__record_id_layoff_01901,0.0
cat__record_id_layoff_01900,0.0
cat__record_id_layoff_01899,0.0
cat__record_id_layoff_01898,0.0
cat__record_id_layoff_01895,0.0
cat__record_id_layoff_01910,0.0
cat__record_id_layoff_01955,0.0
cat__record_id_layoff_01954,0.0
cat__record_id_layoff_01953,0.0
cat__record_id_layoff_01951,0.0
cat__record_id_layoff_01950,0.0
cat__record_id_layoff_01949,0.0
cat__record_id_layoff_01948,0.0
cat__record_id_layoff_01947,0.0
cat__record_id_layoff_01946,0.0
cat__record_id_layoff_01945,0.0
cat__record_id_layoff_01944,0.0
cat__record_id_layoff_01943,0.0
cat__record_id_layoff_01926,0.0
cat__record_id_layoff_01941,0.0
cat__record_id_layoff_01940,0.0
cat__record_id_layoff_01939,0.0
cat__record_id_layoff_01937,0.0
cat__record_id_layoff_01936,0.0
cat__record_id_layoff_01934,0.0
cat__record_id_layoff_01933,0.0
cat__record_id_layoff_01932,0.0
cat__record_id_layoff_01931,0.0
cat__record_id_layoff_01929,0.0
cat__record_id_layoff_01928,0.0
cat__record_id_layoff_01927,0.0
cat__record_id_layoff_01942,0.0
cat__record_id_layoff_01861,0.0
cat__record_id_layoff_01860,0.0
cat__record_id_layoff_01859,0.0
cat__record_id_layoff_01858,0.0
cat__record_id_layoff_01857,0.0
cat__record_id_layoff_01856,0.0
cat__record_id_layoff_01855,0.0
cat__record_id_layoff_01854,0.0
cat__record_id_layoff_01853,0.0
cat__record_id_layoff_01852,0.0
cat__record_id_layoff_01850,0.0
cat__record_id_layoff_01849,0.0
cat__record_id_layoff_01893,0.0
cat__record_id_layoff_01846,0.0
cat__record_id_layoff_01845,0.0
cat__record_id_layoff_01844,0.0
cat__record_id_layoff_01843,0.0
cat__record_id_layoff_01842,0.0
cat__record_id_layoff_01841,0.0
cat__record_id_layoff_01840,0.0
cat__record_id_layoff_01837,0.0
cat__record_id_layoff_01836,0.0
cat__record_id_layoff_01835,0.0
cat__record_id_layoff_01834,0.0
cat__record_id_layoff_01832,0.0
cat__record_id_layoff_01848,0.0
cat__record_id_layoff_01892,0.0
cat__record_id_layoff_01891,0.0
cat__record_id_layoff_01890,0.0
cat__record_id_layoff_01889,0.0
cat__record_id_layoff_01888,0.0
cat__record_id_layoff_01886,0.0
cat__record_id_layoff_01884,0.0
cat__record_id_layoff_01883,0.0
cat__record_id_layoff_01882,0.0
cat__record_id_layoff_01881,0.0
cat__record_id_layoff_01880,0.0
cat__record_id_layoff_01879,0.0
cat__record_id_layoff_01863,0.0
cat__record_id_layoff_01877,0.0
cat__record_id_layoff_01876,0.0
cat__record_id_layoff_01875,0.0
cat__record_id_layoff_01873,0.0
cat__record_id_layoff_01871,0.0
cat__record_id_layoff_01870,0.0
cat__record_id_layoff_01869,0.0
cat__record_id_layoff_01868,0.0
cat__record_id_layoff_01867,0.0
cat__record_id_layoff_01866,0.0
cat__record_id_layoff_01865,0.0
cat__record_id_layoff_01864,0.0
cat__record_id_layoff_01878,0.0
cat__record_id_layoff_02050,0.0
cat__record_id_layoff_02049,0.0
cat__record_id_layoff_02048,0.0
cat__record_id_layoff_02047,0.0
cat__record_id_layoff_02046,0.0
cat__record_id_layoff_02043,0.0
cat__record_id_layoff_02042,0.0
cat__record_id_layoff_02041,0.0
cat__record_id_layoff_02040,0.0
cat__record_id_layoff_02039,0.0
cat__record_id_layoff_02038,0.0
cat__record_id_layoff_02037,0.0
cat__record_id_layoff_01957,0.0
cat__record_id_layoff_02035,0.0
cat__record_id_layoff_02034,0.0
cat__record_id_layoff_02032,0.0
cat__record_id_layoff_02031,0.0
cat__record_id_layoff_02030,0.0
cat__record_id_layoff_02029,0.0
cat__record_id_layoff_02028,0.0
cat__record_id_layoff_02027,0.0
cat__record_id_layoff_02026,0.0
cat__record_id_layoff_02024,0.0
cat__record_id_layoff_02023,0.0
cat__record_id_layoff_02022,0.0
cat__record_id_layoff_02036,0.0
cat__record_id_layoff_02084,0.0
cat__record_id_layoff_02083,0.0
cat__record_id_layoff_02082,0.0
cat__record_id_layoff_02081,0.0
cat__record_id_layoff_02080,0.0
cat__record_id_layoff_02079,0.0
cat__record_id_layoff_02078,0.0
cat__record_id_layoff_02075,0.0
cat__record_id_layoff_02074,0.0
cat__record_id_layoff_02073,0.0
cat__record_id_layoff_02072,0.0
cat__record_id_layoff_02071,0.0
cat__record_id_layoff_02051,0.0
cat__record_id_layoff_02069,0.0
cat__record_id_layoff_02067,0.0
cat__record_id_layoff_02066,0.0
cat__record_id_layoff_02064,0.0
cat__record_id_layoff_02063,0.0
cat__record_id_layoff_02062,0.0
cat__record_id_layoff_02061,0.0
cat__record_id_layoff_02060,0.0
cat__record_id_layoff_02057,0.0
cat__record_id_layoff_02055,0.0
cat__record_id_layoff_02053,0.0
cat__record_id_layoff_02052,0.0
cat__record_id_layoff_02070,0.0
cat__record_id_layoff_01990,0.0
cat__record_id_layoff_01989,0.0
cat__record_id_layoff_01986,0.0
cat__record_id_layoff_01985,0.0
cat__record_id_layoff_01984,0.0
cat__record_id_layoff_01983,0.0
cat__record_id_layoff_01982,0.0
cat__record_id_layoff_01980,0.0
cat__record_id_layoff_01979,0.0
cat__record_id_layoff_01978,0.0
cat__record_id_layoff_01977,0.0
cat__record_id_layoff_01976,0.0
cat__record_id_layoff_02021,0.0
cat__record_id_layoff_01973,0.0
cat__record_id_layoff_01972,0.0
cat__record_id_layoff_01971,0.0
cat__record_id_layoff_01970,0.0
cat__record_id_layoff_01969,0.0
cat__record_id_layoff_01968,0.0
cat__record_id_layoff_01965,0.0
cat__record_id_layoff_01963,0.0
cat__record_id_layoff_01962,0.0
cat__record_id_layoff_01961,0.0
cat__record_id_layoff_01959,0.0
cat__record_id_layoff_01958,0.0
cat__record_id_layoff_01974,0.0
cat__record_id_layoff_02020,0.0
cat__record_id_layoff_02019,0.0
cat__record_id_layoff_02018,0.0
cat__record_id_layoff_02017,0.0
cat__record_id_layoff_02014,0.0
cat__record_id_layoff_02013,0.0
cat__record_id_layoff_02012,0.0
cat__record_id_layoff_02011,0.0
cat__record_id_layoff_02010,0.0
cat__record_id_layoff_02009,0.0
cat__record_id_layoff_02008,0.0
cat__record_id_layoff_02006,0.0
cat__record_id_layoff_01991,0.0
cat__record_id_layoff_02004,0.0
cat__record_id_layoff_02003,0.0
cat__record_id_layoff_02002,0.0
cat__record_id_layoff_02001,0.0
cat__record_id_layoff_02000,0.0
cat__record_id_layoff_01999,0.0
cat__record_id_layoff_01998,0.0
cat__record_id_layoff_01997,0.0
cat__record_id_layoff_01996,0.0
cat__record_id_layoff_01994,0.0
cat__record_id_layoff_01993,0.0
cat__record_id_layoff_01992,0.0
cat__record_id_layoff_02005,0.0
cat__record_id_layoff_01676,0.0
cat__record_id_layoff_01675,0.0
cat__record_id_layoff_01674,0.0
cat__record_id_layoff_01672,0.0
cat__record_id_layoff_01671,0.0
cat__record_id_layoff_01670,0.0
cat__record_id_layoff_01668,0.0
cat__record_id_layoff_01667,0.0
cat__record_id_layoff_01665,0.0
cat__record_id_layoff_01664,0.0
cat__record_id_layoff_01663,0.0
cat__record_id_layoff_01661,0.0
cat__record_id_layoff_01830,0.0
cat__record_id_layoff_01658,0.0
cat__record_id_layoff_01656,0.0
cat__record_id_layoff_01655,0.0
cat__record_id_layoff_01654,0.0
cat__record_id_layoff_01653,0.0
cat__record_id_layoff_01651,0.0
cat__record_id_layoff_01650,0.0
cat__record_id_layoff_01649,0.0
cat__record_id_layoff_01648,0.0
cat__record_id_layoff_01647,0.0
cat__record_id_layoff_01646,0.0
cat__record_id_layoff_01645,0.0
cat__record_id_layoff_01660,0.0
cat__record_id_layoff_01707,0.0
cat__record_id_layoff_01705,0.0
cat__record_id_layoff_01704,0.0
cat__record_id_layoff_01703,0.0
cat__record_id_layoff_01702,0.0
cat__record_id_layoff_01701,0.0
cat__record_id_layoff_01700,0.0
cat__record_id_layoff_01699,0.0
cat__record_id_layoff_01698,0.0
cat__record_id_layoff_01697,0.0
cat__record_id_layoff_01696,0.0
cat__record_id_layoff_01694,0.0
cat__record_id_layoff_01678,0.0
cat__record_id_layoff_01692,0.0
cat__record_id_layoff_01691,0.0
cat__record_id_layoff_01690,0.0
cat__record_id_layoff_01689,0.0
cat__record_id_layoff_01688,0.0
cat__record_id_layoff_01687,0.0
cat__record_id_layoff_01686,0.0
cat__record_id_layoff_01685,0.0
cat__record_id_layoff_01684,0.0
cat__record_id_layoff_01683,0.0
cat__record_id_layoff_01681,0.0
cat__record_id_layoff_01679,0.0
cat__record_id_layoff_01693,0.0
cat__record_id_layoff_01606,0.0
cat__record_id_layoff_01605,0.0
cat__record_id_layoff_01604,0.0
cat__record_id_layoff_01602,0.0
cat__record_id_layoff_01601,0.0
cat__record_id_layoff_01599,0.0
cat__record_id_layoff_01598,0.0
cat__record_id_layoff_01597,0.0
cat__record_id_layoff_01596,0.0
cat__record_id_layoff_01595,0.0
cat__record_id_layoff_01594,0.0
cat__record_id_layoff_01592,0.0
cat__record_id_layoff_01644,0.0
cat__record_id_layoff_01590,0.0
cat__record_id_layoff_01589,0.0
cat__record_id_layoff_01588,0.0
cat__record_id_layoff_01587,0.0
cat__record_id_layoff_01586,0.0
cat__record_id_layoff_01585,0.0
cat__record_id_layoff_01584,0.0
cat__record_id_layoff_01583,0.0
cat__record_id_layoff_01582,0.0
cat__record_id_layoff_01580,0.0
cat__record_id_layoff_01579,0.0
cat__record_id_layoff_01578,0.0
cat__record_id_layoff_01591,0.0
cat__record_id_layoff_01643,0.0
cat__record_id_layoff_01641,0.0
cat__record_id_layoff_01640,0.0
cat__record_id_layoff_01639,0.0
cat__record_id_layoff_01638,0.0
cat__record_id_layoff_01637,0.0
cat__record_id_layoff_01636,0.0
cat__record_id_layoff_01635,0.0
cat__record_id_layoff_01634,0.0
cat__record_id_layoff_01633,0.0
cat__record_id_layoff_01630,0.0
cat__record_id_layoff_01629,0.0
cat__record_id_layoff_01609,0.0
cat__record_id_layoff_01627,0.0
cat__record_id_layoff_01626,0.0
cat__record_id_layoff_01625,0.0
cat__record_id_layoff_01624,0.0
cat__record_id_layoff_01623,0.0
cat__record_id_layoff_01620,0.0
cat__record_id_layoff_01619,0.0
cat__record_id_layoff_01618,0.0
cat__record_id_layoff_01617,0.0
cat__record_id_layoff_01615,0.0
cat__record_id_layoff_01613,0.0
cat__record_id_layoff_01611,0.0
cat__record_id_layoff_01628,0.0
cat__record_id_layoff_01800,0.0
cat__record_id_layoff_01799,0.0
cat__record_id_layoff_01798,0.0
cat__record_id_layoff_01797,0.0
cat__record_id_layoff_01796,0.0
cat__record_id_layoff_01795,0.0
cat__record_id_layoff_01794,0.0
cat__record_id_layoff_01793,0.0
cat__record_id_layoff_01792,0.0
cat__record_id_layoff_01791,0.0
cat__record_id_layoff_01789,0.0
cat__record_id_layoff_01788,0.0
cat__record_id_layoff_01708,0.0
cat__record_id_layoff_01785,0.0
cat__record_id_layoff_01784,0.0
cat__record_id_layoff_01783,0.0
cat__record_id_layoff_01782,0.0
cat__record_id_layoff_01781,0.0
cat__record_id_layoff_01780,0.0
cat__record_id_layoff_01779,0.0
cat__record_id_layoff_01778,0.0
cat__record_id_layoff_01777,0.0
cat__record_id_layoff_01776,0.0
cat__record_id_layoff_01774,0.0
cat__record_id_layoff_01773,0.0
cat__record_id_layoff_01787,0.0
cat__record_id_layoff_01829,0.0
cat__record_id_layoff_01828,0.0
cat__record_id_layoff_01827,0.0
cat__record_id_layoff_01826,0.0
cat__record_id_layoff_01825,0.0
cat__record_id_layoff_01824,0.0
cat__record_id_layoff_01823,0.0
cat__record_id_layoff_01822,0.0
cat__record_id_layoff_01821,0.0
cat__record_id_layoff_01820,0.0
cat__record_id_layoff_01819,0.0
cat__record_id_layoff_01817,0.0
cat__record_id_layoff_01801,0.0
cat__record_id_layoff_01814,0.0
cat__record_id_layoff_01813,0.0
cat__record_id_layoff_01812,0.0
cat__record_id_layoff_01811,0.0
cat__record_id_layoff_01810,0.0
cat__record_id_layoff_01809,0.0
cat__record_id_layoff_01807,0.0
cat__record_id_layoff_01806,0.0
cat__record_id_layoff_01805,0.0
cat__record_id_layoff_01804,0.0
cat__record_id_layoff_01803,0.0
cat__record_id_layoff_01802,0.0
cat__record_id_layoff_01815,0.0
cat__record_id_layoff_01741,0.0
cat__record_id_layoff_01740,0.0
cat__record_id_layoff_01738,0.0
cat__record_id_layoff_01737,0.0
cat__record_id_layoff_01735,0.0
cat__record_id_layoff_01734,0.0
cat__record_id_layoff_01733,0.0
cat__record_id_layoff_01731,0.0
cat__record_id_layoff_01730,0.0
cat__record_id_layoff_01729,0.0
cat__record_id_layoff_01728,0.0
cat__record_id_layoff_01727,0.0
cat__record_id_layoff_01772,0.0
cat__record_id_layoff_01724,0.0
cat__record_id_layoff_01722,0.0
cat__record_id_layoff_01721,0.0
cat__record_id_layoff_01720,0.0
cat__record_id_layoff_01719,0.0
cat__record_id_layoff_01718,0.0
cat__record_id_layoff_01717,0.0
cat__record_id_layoff_01716,0.0
cat__record_id_layoff_01714,0.0
cat__record_id_layoff_01713,0.0
cat__record_id_layoff_01711,0.0
cat__record_id_layoff_01710,0.0
cat__record_id_layoff_01725,0.0
cat__record_id_layoff_01771,0.0
cat__record_id_layoff_01770,0.0
cat__record_id_layoff_01769,0.0
cat__record_id_layoff_01768,0.0
cat__record_id_layoff_01767,0.0
cat__record_id_layoff_01766,0.0
cat__record_id_layoff_01765,0.0
cat__record_id_layoff_01762,0.0
cat__record_id_layoff_01761,0.0
cat__record_id_layoff_01760,0.0
cat__record_id_layoff_01759,0.0
cat__record_id_layoff_01758,0.0
cat__record_id_layoff_01742,0.0
cat__record_id_layoff_01756,0.0
cat__record_id_layoff_01755,0.0
cat__record_id_layoff_01754,0.0
cat__record_id_layoff_01753,0.0
cat__record_id_layoff_01752,0.0
cat__record_id_layoff_01751,0.0
cat__record_id_layoff_01750,0.0
cat__record_id_layoff_01749,0.0
cat__record_id_layoff_01748,0.0
cat__record_id_layoff_01747,0.0
cat__record_id_layoff_01745,0.0
cat__record_id_layoff_01743,0.0
cat__record_id_layoff_01757,0.0
cat__record_id_layoff_00362,0.0
cat__record_id_layoff_00358,0.0
cat__record_id_layoff_00356,0.0
cat__record_id_layoff_00355,0.0
cat__record_id_layoff_00354,0.0
cat__record_id_layoff_00352,0.0
cat__record_id_layoff_00351,0.0
cat__record_id_layoff_00350,0.0
cat__record_id_layoff_00349,0.0
cat__record_id_layoff_00348,0.0
cat__record_id_layoff_00347,0.0
cat__record_id_layoff_00346,0.0
cat__record_id_layoff_01060,0.0
cat__record_id_layoff_00344,0.0
cat__record_id_layoff_00343,0.0
cat__record_id_layoff_00342,0.0
cat__record_id_layoff_00341,0.0
cat__record_id_layoff_00339,0.0
cat__record_id_layoff_00338,0.0
cat__record_id_layoff_00337,0.0
cat__record_id_layoff_00335,0.0
cat__record_id_layoff_00334,0.0
cat__record_id_layoff_00333,0.0
cat__record_id_layoff_00332,0.0
cat__record_id_layoff_00331,0.0
cat__record_id_layoff_00345,0.0
cat__record_id_layoff_00391,0.0
cat__record_id_layoff_00390,0.0
cat__record_id_layoff_00389,0.0
cat__record_id_layoff_00388,0.0
cat__record_id_layoff_00387,0.0
cat__record_id_layoff_00386,0.0
cat__record_id_layoff_00385,0.0
cat__record_id_layoff_00384,0.0
cat__record_id_layoff_00383,0.0
cat__record_id_layoff_00382,0.0
cat__record_id_layoff_00381,0.0
cat__record_id_layoff_00380,0.0
cat__record_id_layoff_00364,0.0
cat__record_id_layoff_00378,0.0
cat__record_id_layoff_00377,0.0
cat__record_id_layoff_00376,0.0
cat__record_id_layoff_00375,0.0
cat__record_id_layoff_00374,0.0
cat__record_id_layoff_00373,0.0
cat__record_id_layoff_00372,0.0
cat__record_id_layoff_00371,0.0
cat__record_id_layoff_00368,0.0
cat__record_id_layoff_00367,0.0
cat__record_id_layoff_00366,0.0
cat__record_id_layoff_00365,0.0
cat__record_id_layoff_00379,0.0
cat__record_id_layoff_00297,0.0
cat__record_id_layoff_00295,0.0
cat__record_id_layoff_00293,0.0
cat__record_id_layoff_00292,0.0
cat__record_id_layoff_00290,0.0
cat__record_id_layoff_00289,0.0
cat__record_id_layoff_00287,0.0
cat__record_id_layoff_00286,0.0
cat__record_id_layoff_00285,0.0
cat__record_id_layoff_00284,0.0
cat__record_id_layoff_00283,0.0
cat__record_id_layoff_00282,0.0
cat__record_id_layoff_00330,0.0
cat__record_id_layoff_00280,0.0
cat__record_id_layoff_00278,0.0
cat__record_id_layoff_00277,0.0
cat__record_id_layoff_00276,0.0
cat__record_id_layoff_00275,0.0
cat__record_id_layoff_00274,0.0
cat__record_id_layoff_00272,0.0
cat__record_id_layoff_00270,0.0
cat__record_id_layoff_00268,0.0
cat__record_id_layoff_00267,0.0
cat__record_id_layoff_00266,0.0
cat__record_id_layoff_00263,0.0
cat__record_id_layoff_00281,0.0
cat__record_id_layoff_00329,0.0
cat__record_id_layoff_00328,0.0
cat__record_id_layoff_00325,0.0
cat__record_id_layoff_00324,0.0
cat__record_id_layoff_00323,0.0
cat__record_id_layoff_00322,0.0
cat__record_id_layoff_00321,0.0
cat__record_id_layoff_00320,0.0
cat__record_id_layoff_00319,0.0
cat__record_id_layoff_00318,0.0
cat__record_id_layoff_00317,0.0
cat__record_id_layoff_00316,0.0
cat__record_id_layoff_00298,0.0
cat__record_id_layoff_00314,0.0
cat__record_id_layoff_00313,0.0
cat__record_id_layoff_00312,0.0
cat__record_id_layoff_00311,0.0
cat__record_id_layoff_00309,0.0
cat__record_id_layoff_00308,0.0
cat__record_id_layoff_00307,0.0
cat__record_id_layoff_00306,0.0
cat__record_id_layoff_00305,0.0
cat__record_id_layoff_00303,0.0
cat__record_id_layoff_00301,0.0
cat__record_id_layoff_00299,0.0
cat__record_id_layoff_00315,0.0
cat__record_id_layoff_00488,0.0
cat__record_id_layoff_00486,0.0
cat__record_id_layoff_00484,0.0
cat__record_id_layoff_00483,0.0
cat__record_id_layoff_00482,0.0
cat__record_id_layoff_00481,0.0
cat__record_id_layoff_00480,0.0
cat__record_id_layoff_00479,0.0
cat__record_id_layoff_00477,0.0
cat__record_id_layoff_00476,0.0
cat__record_id_layoff_00475,0.0
cat__record_id_layoff_00474,0.0
cat__record_id_layoff_00392,0.0
cat__record_id_layoff_00472,0.0
cat__record_id_layoff_00471,0.0
cat__record_id_layoff_00470,0.0
cat__record_id_layoff_00469,0.0
cat__record_id_layoff_00468,0.0
cat__record_id_layoff_00466,0.0
cat__record_id_layoff_00465,0.0
cat__record_id_layoff_00464,0.0
cat__record_id_layoff_00463,0.0
cat__record_id_layoff_00462,0.0
cat__record_id_layoff_00461,0.0
cat__record_id_layoff_00460,0.0
cat__record_id_layoff_00473,0.0
cat__record_id_layoff_00524,0.0
cat__record_id_layoff_00523,0.0
cat__record_id_layoff_00522,0.0
cat__record_id_layoff_00521,0.0
cat__record_id_layoff_00520,0.0
cat__record_id_layoff_00519,0.0
cat__record_id_layoff_00518,0.0
cat__record_id_layoff_00517,0.0
cat__record_id_layoff_00516,0.0
cat__record_id_layoff_00515,0.0
cat__record_id_layoff_00514,0.0
cat__record_id_layoff_00512,0.0
cat__record_id_layoff_00489,0.0
cat__record_id_layoff_00510,0.0
cat__record_id_layoff_00508,0.0
cat__record_id_layoff_00505,0.0
cat__record_id_layoff_00504,0.0
cat__record_id_layoff_00503,0.0
cat__record_id_layoff_00500,0.0
cat__record_id_layoff_00499,0.0
cat__record_id_layoff_00497,0.0
cat__record_id_layoff_00496,0.0
cat__record_id_layoff_00494,0.0
cat__record_id_layoff_00491,0.0
cat__record_id_layoff_00490,0.0
cat__record_id_layoff_00511,0.0
cat__record_id_layoff_00424,0.0
cat__record_id_layoff_00423,0.0
cat__record_id_layoff_00422,0.0
cat__record_id_layoff_00421,0.0
cat__record_id_layoff_00419,0.0
cat__record_id_layoff_00417,0.0
cat__record_id_layoff_00416,0.0
cat__record_id_layoff_00415,0.0
cat__record_id_layoff_00413,0.0
cat__record_id_layoff_00411,0.0
cat__record_id_layoff_00410,0.0
cat__record_id_layoff_00409,0.0
cat__record_id_layoff_00459,0.0
cat__record_id_layoff_00406,0.0
cat__record_id_layoff_00405,0.0
cat__record_id_layoff_00404,0.0
cat__record_id_layoff_00403,0.0
cat__record_id_layoff_00401,0.0
cat__record_id_layoff_00400,0.0
cat__record_id_layoff_00399,0.0
cat__record_id_layoff_00398,0.0
cat__record_id_layoff_00397,0.0
cat__record_id_layoff_00396,0.0
cat__record_id_layoff_00395,0.0
cat__record_id_layoff_00393,0.0
cat__record_id_layoff_00408,0.0
cat__record_id_layoff_00458,0.0
cat__record_id_layoff_00457,0.0
cat__record_id_layoff_00456,0.0
cat__record_id_layoff_00455,0.0
cat__record_id_layoff_00453,0.0
cat__record_id_layoff_00452,0.0
cat__record_id_layoff_00451,0.0
cat__record_id_layoff_00449,0.0
cat__record_id_layoff_00448,0.0
cat__record_id_layoff_00447,0.0
cat__record_id_layoff_00445,0.0
cat__record_id_layoff_00444,0.0
cat__record_id_layoff_00425,0.0
cat__record_id_layoff_00438,0.0
cat__record_id_layoff_00437,0.0
cat__record_id_layoff_00436,0.0
cat__record_id_layoff_00435,0.0
cat__record_id_layoff_00434,0.0
cat__record_id_layoff_00433,0.0
cat__record_id_layoff_00432,0.0
cat__record_id_layoff_00431,0.0
cat__record_id_layoff_00430,0.0
cat__record_id_layoff_00429,0.0
cat__record_id_layoff_00428,0.0
cat__record_id_layoff_00426,0.0
cat__record_id_layoff_00441,0.0
cat__record_id_layoff_00108,0.0
cat__record_id_layoff_00107,0.0
cat__record_id_layoff_00105,0.0
cat__record_id_layoff_00103,0.0
cat__record_id_layoff_00102,0.0
cat__record_id_layoff_00100,0.0
cat__record_id_layoff_00099,0.0
cat__record_id_layoff_00098,0.0
cat__record_id_layoff_00096,0.0
cat__record_id_layoff_00095,0.0
cat__record_id_layoff_00094,0.0
cat__record_id_layoff_00093,0.0
cat__record_id_layoff_00262,0.0
cat__record_id_layoff_00091,0.0
cat__record_id_layoff_00089,0.0
cat__record_id_layoff_00088,0.0
cat__record_id_layoff_00087,0.0
cat__record_id_layoff_00085,0.0
cat__record_id_layoff_00084,0.0
cat__record_id_layoff_00083,0.0
cat__record_id_layoff_00082,0.0
cat__record_id_layoff_00081,0.0
cat__record_id_layoff_00079,0.0
cat__record_id_layoff_00078,0.0
cat__record_id_layoff_00077,0.0
cat__record_id_layoff_00092,0.0
cat__record_id_layoff_00141,0.0
cat__record_id_layoff_00140,0.0
cat__record_id_layoff_00138,0.0
cat__record_id_layoff_00137,0.0
cat__record_id_layoff_00135,0.0
cat__record_id_layoff_00133,0.0
cat__record_id_layoff_00131,0.0
cat__record_id_layoff_00130,0.0
cat__record_id_layoff_00129,0.0
cat__record_id_layoff_00128,0.0
cat__record_id_layoff_00127,0.0
cat__record_id_layoff_00126,0.0
cat__record_id_layoff_00109,0.0
cat__record_id_layoff_00124,0.0
cat__record_id_layoff_00123,0.0
cat__record_id_layoff_00122,0.0
cat__record_id_layoff_00121,0.0
cat__record_id_layoff_00120,0.0
cat__record_id_layoff_00117,0.0
cat__record_id_layoff_00116,0.0
cat__record_id_layoff_00115,0.0
cat__record_id_layoff_00114,0.0
cat__record_id_layoff_00112,0.0
cat__record_id_layoff_00111,0.0
cat__record_id_layoff_00110,0.0
cat__record_id_layoff_00125,0.0
cat__record_id_layoff_00042,0.0
cat__record_id_layoff_00041,0.0
cat__record_id_layoff_00040,0.0
cat__record_id_layoff_00038,0.0
cat__record_id_layoff_00036,0.0
cat__record_id_layoff_00035,0.0
cat__record_id_layoff_00033,0.0
cat__record_id_layoff_00032,0.0
cat__record_id_layoff_00031,0.0
cat__record_id_layoff_00030,0.0
cat__record_id_layoff_00029,0.0
cat__record_id_layoff_00028,0.0
cat__record_id_layoff_00076,0.0
cat__record_id_layoff_00026,0.0
cat__record_id_layoff_00025,0.0
cat__record_id_layoff_00024,0.0
cat__record_id_layoff_00022,0.0
cat__record_id_layoff_00021,0.0
cat__record_id_layoff_00019,0.0
cat__record_id_layoff_00018,0.0
cat__record_id_layoff_00017,0.0
cat__record_id_layoff_00016,0.0
cat__record_id_layoff_00015,0.0
cat__record_id_layoff_00014,0.0
cat__record_id_layoff_00013,0.0
cat__record_id_layoff_00027,0.0
cat__record_id_layoff_00075,0.0
cat__record_id_layoff_00073,0.0
cat__record_id_layoff_00072,0.0
cat__record_id_layoff_00071,0.0
cat__record_id_layoff_00069,0.0
cat__record_id_layoff_00068,0.0
cat__record_id_layoff_00067,0.0
cat__record_id_layoff_00066,0.0
cat__record_id_layoff_00065,0.0
cat__record_id_layoff_00064,0.0
cat__record_id_layoff_00063,0.0
cat__record_id_layoff_00062,0.0
cat__record_id_layoff_00043,0.0
cat__record_id_layoff_00059,0.0
cat__record_id_layoff_00057,0.0
cat__record_id_layoff_00056,0.0
cat__record_id_layoff_00055,0.0
cat__record_id_layoff_00054,0.0
cat__record_id_layoff_00052,0.0
cat__record_id_layoff_00050,0.0
cat__record_id_layoff_00049,0.0
cat__record_id_layoff_00047,0.0
cat__record_id_layoff_00046,0.0
cat__record_id_layoff_00045,0.0
cat__record_id_layoff_00044,0.0
cat__record_id_layoff_00061,0.0
cat__record_id_layoff_00229,0.0
cat__record_id_layoff_00228,0.0
cat__record_id_layoff_00227,0.0
cat__record_id_layoff_00226,0.0
cat__record_id_layoff_00225,0.0
cat__record_id_layoff_00224,0.0
cat__record_id_layoff_00223,0.0
cat__record_id_layoff_00221,0.0
cat__record_id_layoff_00220,0.0
cat__record_id_layoff_00219,0.0
cat__record_id_layoff_00218,0.0
cat__record_id_layoff_00217,0.0
cat__record_id_layoff_00142,0.0
cat__record_id_layoff_00215,0.0
cat__record_id_layoff_00214,0.0
cat__record_id_layoff_00213,0.0
cat__record_id_layoff_00212,0.0
cat__record_id_layoff_00211,0.0
cat__record_id_layoff_00210,0.0
cat__record_id_layoff_00209,0.0
cat__record_id_layoff_00208,0.0
cat__record_id_layoff_00207,0.0
cat__record_id_layoff_00206,0.0
cat__record_id_layoff_00205,0.0
cat__record_id_layoff_00204,0.0
cat__record_id_layoff_00216,0.0
cat__record_id_layoff_00261,0.0
cat__record_id_layoff_00260,0.0
cat__record_id_layoff_00259,0.0
cat__record_id_layoff_00258,0.0
cat__record_id_layoff_00256,0.0
cat__record_id_layoff_00255,0.0
cat__record_id_layoff_00254,0.0
cat__record_id_layoff_00251,0.0
cat__record_id_layoff_00250,0.0
cat__record_id_layoff_00249,0.0
cat__record_id_layoff_00248,0.0
cat__record_id_layoff_00245,0.0
cat__record_id_layoff_00230,0.0
cat__record_id_layoff_00243,0.0
cat__record_id_layoff_00242,0.0
cat__record_id_layoff_00241,0.0
cat__record_id_layoff_00240,0.0
cat__record_id_layoff_00239,0.0
cat__record_id_layoff_00238,0.0
cat__record_id_layoff_00237,0.0
cat__record_id_layoff_00236,0.0
cat__record_id_layoff_00234,0.0
cat__record_id_layoff_00233,0.0
cat__record_id_layoff_00232,0.0
cat__record_id_layoff_00231,0.0
cat__record_id_layoff_00244,0.0
cat__record_id_layoff_00175,0.0
cat__record_id_layoff_00172,0.0
cat__record_id_layoff_00171,0.0
cat__record_id_layoff_00170,0.0
cat__record_id_layoff_00167,0.0
cat__record_id_layoff_00165,0.0
cat__record_id_layoff_00164,0.0
cat__record_id_layoff_00163,0.0
cat__record_id_layoff_00162,0.0
cat__record_id_layoff_00161,0.0
cat__record_id_layoff_00160,0.0
cat__record_id_layoff_00159,0.0
cat__record_id_layoff_00203,0.0
cat__record_id_layoff_00157,0.0
cat__record_id_layoff_00156,0.0
cat__record_id_layoff_00155,0.0
cat__record_id_layoff_00154,0.0
cat__record_id_layoff_00152,0.0
cat__record_id_layoff_00150,0.0
cat__record_id_layoff_00149,0.0
cat__record_id_layoff_00148,0.0
cat__record_id_layoff_00147,0.0
cat__record_id_layoff_00146,0.0
cat__record_id_layoff_00145,0.0
cat__record_id_layoff_00143,0.0
cat__record_id_layoff_00158,0.0
cat__record_id_layoff_00201,0.0
cat__record_id_layoff_00200,0.0
cat__record_id_layoff_00199,0.0
cat__record_id_layoff_00198,0.0
cat__record_id_layoff_00197,0.0
cat__record_id_layoff_00196,0.0
cat__record_id_layoff_00195,0.0
cat__record_id_layoff_00194,0.0
cat__record_id_layoff_00193,0.0
cat__record_id_layoff_00192,0.0
cat__record_id_layoff_00191,0.0
cat__record_id_layoff_00190,0.0
cat__record_id_layoff_00176,0.0
cat__record_id_layoff_00188,0.0
cat__record_id_layoff_00187,0.0
cat__record_id_layoff_00186,0.0
cat__record_id_layoff_00185,0.0
cat__record_id_layoff_00184,0.0
cat__record_id_layoff_00183,0.0
cat__record_id_layoff_00182,0.0
cat__record_id_layoff_00181,0.0
cat__record_id_layoff_00180,0.0
cat__record_id_layoff_00179,0.0
cat__record_id_layoff_00178,0.0
cat__record_id_layoff_00177,0.0
cat__record_id_layoff_00189,0.0
cat__record_id_layoff_00895,0.0
cat__record_id_layoff_00894,0.0
cat__record_id_layoff_00893,0.0
cat__record_id_layoff_00892,0.0
cat__record_id_layoff_00891,0.0
cat__record_id_layoff_00890,0.0
cat__record_id_layoff_00889,0.0
cat__record_id_layoff_00888,0.0
cat__record_id_layoff_00887,0.0
cat__record_id_layoff_00886,0.0
cat__record_id_layoff_00885,0.0
cat__record_id_layoff_00884,0.0
cat__record_id_layoff_00525,0.0
cat__record_id_layoff_00882,0.0
cat__record_id_layoff_00881,0.0
cat__record_id_layoff_00880,0.0
cat__record_id_layoff_00879,0.0
cat__record_id_layoff_00878,0.0
cat__record_id_layoff_00875,0.0
cat__record_id_layoff_00873,0.0
cat__record_id_layoff_00872,0.0
cat__record_id_layoff_00871,0.0
cat__record_id_layoff_00870,0.0
cat__record_id_layoff_00869,0.0
cat__record_id_layoff_00866,0.0
cat__record_id_layoff_00883,0.0
cat__record_id_layoff_00929,0.0
cat__record_id_layoff_00927,0.0
cat__record_id_layoff_00926,0.0
cat__record_id_layoff_00925,0.0
cat__record_id_layoff_00923,0.0
cat__record_id_layoff_00921,0.0
cat__record_id_layoff_00919,0.0
cat__record_id_layoff_00918,0.0
cat__record_id_layoff_00917,0.0
cat__record_id_layoff_00916,0.0
cat__record_id_layoff_00914,0.0
cat__record_id_layoff_00913,0.0
cat__record_id_layoff_00896,0.0
cat__record_id_layoff_00911,0.0
cat__record_id_layoff_00910,0.0
cat__record_id_layoff_00909,0.0
cat__record_id_layoff_00908,0.0
cat__record_id_layoff_00907,0.0
cat__record_id_layoff_00906,0.0
cat__record_id_layoff_00905,0.0
cat__record_id_layoff_00902,0.0
cat__record_id_layoff_00900,0.0
cat__record_id_layoff_00899,0.0
cat__record_id_layoff_00898,0.0
cat__record_id_layoff_00897,0.0
cat__record_id_layoff_00912,0.0
cat__record_id_layoff_00835,0.0
cat__record_id_layoff_00834,0.0
cat__record_id_layoff_00833,0.0
cat__record_id_layoff_00831,0.0
cat__record_id_layoff_00830,0.0
cat__record_id_layoff_00828,0.0
cat__record_id_layoff_00821,0.0
cat__record_id_layoff_00820,0.0
cat__record_id_layoff_00817,0.0
cat__record_id_layoff_00815,0.0
cat__record_id_layoff_00814,0.0
cat__record_id_layoff_00813,0.0
cat__record_id_layoff_00865,0.0
cat__record_id_layoff_00809,0.0
cat__record_id_layoff_00808,0.0
cat__record_id_layoff_00807,0.0
cat__record_id_layoff_00806,0.0
cat__record_id_layoff_00802,0.0
cat__record_id_layoff_00801,0.0
cat__record_id_layoff_00800,0.0
cat__record_id_layoff_00799,0.0
cat__record_id_layoff_00798,0.0
cat__record_id_layoff_00797,0.0
cat__record_id_layoff_00794,0.0
cat__record_id_layoff_00793,0.0
cat__record_id_layoff_00810,0.0
cat__record_id_layoff_00864,0.0
cat__record_id_layoff_00863,0.0
cat__record_id_layoff_00862,0.0
cat__record_id_layoff_00861,0.0
cat__record_id_layoff_00860,0.0
cat__record_id_layoff_00859,0.0
cat__record_id_layoff_00858,0.0
cat__record_id_layoff_00857,0.0
cat__record_id_layoff_00855,0.0
cat__record_id_layoff_00853,0.0
cat__record_id_layoff_00852,0.0
cat__record_id_layoff_00851,0.0
cat__record_id_layoff_00836,0.0
cat__record_id_layoff_00849,0.0
cat__record_id_layoff_00848,0.0
cat__record_id_layoff_00847,0.0
cat__record_id_layoff_00846,0.0
cat__record_id_layoff_00845,0.0
cat__record_id_layoff_00844,0.0
cat__record_id_layoff_00842,0.0
cat__record_id_layoff_00841,0.0
cat__record_id_layoff_00840,0.0
cat__record_id_layoff_00839,0.0
cat__record_id_layoff_00838,0.0
cat__record_id_layoff_00837,0.0
cat__record_id_layoff_00850,0.0
cat__record_id_layoff_01026,0.0
cat__record_id_layoff_01024,0.0
cat__record_id_layoff_01023,0.0
cat__record_id_layoff_01022,0.0
cat__record_id_layoff_01019,0.0
cat__record_id_layoff_01018,0.0
cat__record_id_layoff_01017,0.0
cat__record_id_layoff_01015,0.0
cat__record_id_layoff_01014,0.0
cat__record_id_layoff_01013,0.0
cat__record_id_layoff_01012,0.0
cat__record_id_layoff_01011,0.0
cat__record_id_layoff_00930,0.0
cat__record_id_layoff_01008,0.0
cat__record_id_layoff_01007,0.0
cat__record_id_layoff_01006,0.0
cat__record_id_layoff_01005,0.0
cat__record_id_layoff_01004,0.0
cat__record_id_layoff_01003,0.0
cat__record_id_layoff_01002,0.0
cat__record_id_layoff_01001,0.0
cat__record_id_layoff_01000,0.0
cat__record_id_layoff_00999,0.0
cat__record_id_layoff_00998,0.0
cat__record_id_layoff_00997,0.0
cat__record_id_layoff_01010,0.0
cat__record_id_layoff_01059,0.0
cat__record_id_layoff_01058,0.0
cat__record_id_layoff_01057,0.0
cat__record_id_layoff_01056,0.0
cat__record_id_layoff_01055,0.0
cat__record_id_layoff_01053,0.0
cat__record_id_layoff_01051,0.0
cat__record_id_layoff_01050,0.0
cat__record_id_layoff_01049,0.0
cat__record_id_layoff_01047,0.0
cat__record_id_layoff_01046,0.0
cat__record_id_layoff_01045,0.0
cat__record_id_layoff_01027,0.0
cat__record_id_layoff_01043,0.0
cat__record_id_layoff_01042,0.0
cat__record_id_layoff_01041,0.0
cat__record_id_layoff_01040,0.0
cat__record_id_layoff_01036,0.0
cat__record_id_layoff_01035,0.0
cat__record_id_layoff_01034,0.0
cat__record_id_layoff_01033,0.0
cat__record_id_layoff_01032,0.0
cat__record_id_layoff_01031,0.0
cat__record_id_layoff_01030,0.0
cat__record_id_layoff_01028,0.0
cat__record_id_layoff_01044,0.0
cat__record_id_layoff_00963,0.0
cat__record_id_layoff_00962,0.0
cat__record_id_layoff_00961,0.0
cat__record_id_layoff_00960,0.0
cat__record_id_layoff_00959,0.0
cat__record_id_layoff_00958,0.0
cat__record_id_layoff_00957,0.0
cat__record_id_layoff_00956,0.0
cat__record_id_layoff_00955,0.0
cat__record_id_layoff_00954,0.0
cat__record_id_layoff_00953,0.0
cat__record_id_layoff_00952,0.0
cat__record_id_layoff_00995,0.0
cat__record_id_layoff_00950,0.0
cat__record_id_layoff_00949,0.0
cat__record_id_layoff_00948,0.0
cat__record_id_layoff_00947,0.0
cat__record_id_layoff_00944,0.0
cat__record_id_layoff_00943,0.0
cat__record_id_layoff_00940,0.0
cat__record_id_layoff_00939,0.0
cat__record_id_layoff_00938,0.0
cat__record_id_layoff_00934,0.0
cat__record_id_layoff_00933,0.0
cat__record_id_layoff_00932,0.0
cat__record_id_layoff_00951,0.0
cat__record_id_layoff_00994,0.0
cat__record_id_layoff_00993,0.0
cat__record_id_layoff_00992,0.0
cat__record_id_layoff_00991,0.0
cat__record_id_layoff_00990,0.0
cat__record_id_layoff_00988,0.0
cat__record_id_layoff_00987,0.0
cat__record_id_layoff_00986,0.0
cat__record_id_layoff_00985,0.0
cat__record_id_layoff_00983,0.0
cat__record_id_layoff_00982,0.0
cat__record_id_layoff_00981,0.0
cat__record_id_layoff_00964,0.0
cat__record_id_layoff_00978,0.0
cat__record_id_layoff_00977,0.0
cat__record_id_layoff_00976,0.0
cat__record_id_layoff_00975,0.0
cat__record_id_layoff_00974,0.0
cat__record_id_layoff_00973,0.0
cat__record_id_layoff_00971,0.0
cat__record_id_layoff_00970,0.0
cat__record_id_layoff_00968,0.0
cat__record_id_layoff_00967,0.0
cat__record_id_layoff_00966,0.0
cat__record_id_layoff_00965,0.0
cat__record_id_layoff_00980,0.0
cat__record_id_layoff_00634,0.0
cat__record_id_layoff_00633,0.0
cat__record_id_layoff_00631,0.0
cat__record_id_layoff_00628,0.0
cat__record_id_layoff_00626,0.0
cat__record_id_layoff_00625,0.0
cat__record_id_layoff_00624,0.0
cat__record_id_layoff_00622,0.0
cat__record_id_layoff_00621,0.0
cat__record_id_layoff_00619,0.0
cat__record_id_layoff_00618,0.0
cat__record_id_layoff_00617,0.0
cat__record_id_layoff_00792,0.0
cat__record_id_layoff_00612,0.0
cat__record_id_layoff_00611,0.0
cat__record_id_layoff_00610,0.0
cat__record_id_layoff_00609,0.0
cat__record_id_layoff_00607,0.0
cat__record_id_layoff_00605,0.0
cat__record_id_layoff_00604,0.0
cat__record_id_layoff_00603,0.0
cat__record_id_layoff_00601,0.0
cat__record_id_layoff_00599,0.0
cat__record_id_layoff_00597,0.0
cat__record_id_layoff_00595,0.0
cat__record_id_layoff_00616,0.0
cat__record_id_layoff_00665,0.0
cat__record_id_layoff_00664,0.0
cat__record_id_layoff_00663,0.0
cat__record_id_layoff_00662,0.0
cat__record_id_layoff_00661,0.0
cat__record_id_layoff_00660,0.0
cat__record_id_layoff_00659,0.0
cat__record_id_layoff_00658,0.0
cat__record_id_layoff_00656,0.0
cat__record_id_layoff_00654,0.0
cat__record_id_layoff_00653,0.0
cat__record_id_layoff_00652,0.0
cat__record_id_layoff_00636,0.0
cat__record_id_layoff_00649,0.0
cat__record_id_layoff_00648,0.0
cat__record_id_layoff_00647,0.0
cat__record_id_layoff_00646,0.0
cat__record_id_layoff_00645,0.0
cat__record_id_layoff_00644,0.0
cat__record_id_layoff_00643,0.0
cat__record_id_layoff_00642,0.0
cat__record_id_layoff_00641,0.0
cat__record_id_layoff_00640,0.0
cat__record_id_layoff_00639,0.0
cat__record_id_layoff_00638,0.0
cat__record_id_layoff_00650,0.0
cat__record_id_layoff_00557,0.0
cat__record_id_layoff_00556,0.0
cat__record_id_layoff_00553,0.0
cat__record_id_layoff_00552,0.0
cat__record_id_layoff_00551,0.0
cat__record_id_layoff_00550,0.0
cat__record_id_layoff_00549,0.0
cat__record_id_layoff_00548,0.0
cat__record_id_layoff_00547,0.0
cat__record_id_layoff_00546,0.0
cat__record_id_layoff_00545,0.0
cat__record_id_layoff_00544,0.0
cat__record_id_layoff_00593,0.0
cat__record_id_layoff_00542,0.0
cat__record_id_layoff_00541,0.0
cat__record_id_layoff_00540,0.0
cat__record_id_layoff_00538,0.0
cat__record_id_layoff_00537,0.0
cat__record_id_layoff_00535,0.0
cat__record_id_layoff_00534,0.0
cat__record_id_layoff_00530,0.0
cat__record_id_layoff_00529,0.0
cat__record_id_layoff_00528,0.0
cat__record_id_layoff_00527,0.0
cat__record_id_layoff_00526,0.0
cat__record_id_layoff_00543,0.0
cat__record_id_layoff_00591,0.0
cat__record_id_layoff_00590,0.0
cat__record_id_layoff_00588,0.0
cat__record_id_layoff_00587,0.0
cat__record_id_layoff_00584,0.0
cat__record_id_layoff_00583,0.0
cat__record_id_layoff_00582,0.0
cat__record_id_layoff_00581,0.0
cat__record_id_layoff_00580,0.0
cat__record_id_layoff_00579,0.0
cat__record_id_layoff_00578,0.0
cat__record_id_layoff_00577,0.0
cat__record_id_layoff_00558,0.0
cat__record_id_layoff_00573,0.0
cat__record_id_layoff_00572,0.0
cat__record_id_layoff_00570,0.0
cat__record_id_layoff_00569,0.0
cat__record_id_layoff_00568,0.0
cat__record_id_layoff_00566,0.0
cat__record_id_layoff_00565,0.0
cat__record_id_layoff_00564,0.0
cat__record_id_layoff_00563,0.0
cat__record_id_layoff_00561,0.0
cat__record_id_layoff_00560,0.0
cat__record_id_layoff_00559,0.0
cat__record_id_layoff_00576,0.0
cat__record_id_layoff_00759,0.0
cat__record_id_layoff_00758,0.0
cat__record_id_layoff_00757,0.0
cat__record_id_layoff_00756,0.0
cat__record_id_layoff_00755,0.0
cat__record_id_layoff_00754,0.0
cat__record_id_layoff_00753,0.0
cat__record_id_layoff_00752,0.0
cat__record_id_layoff_00751,0.0
cat__record_id_layoff_00749,0.0
cat__record_id_layoff_00748,0.0
cat__record_id_layoff_00747,0.0
cat__record_id_layoff_00666,0.0
cat__record_id_layoff_00745,0.0
cat__record_id_layoff_00744,0.0
cat__record_id_layoff_00743,0.0
cat__record_id_layoff_00742,0.0
cat__record_id_layoff_00741,0.0
cat__record_id_layoff_00740,0.0
cat__record_id_layoff_00739,0.0
cat__record_id_layoff_00736,0.0
cat__record_id_layoff_00734,0.0
cat__record_id_layoff_00733,0.0
cat__record_id_layoff_00731,0.0
cat__record_id_layoff_00730,0.0
cat__record_id_layoff_00746,0.0
cat__record_id_layoff_00791,0.0
cat__record_id_layoff_00790,0.0
cat__record_id_layoff_00789,0.0
cat__record_id_layoff_00788,0.0
cat__record_id_layoff_00787,0.0
cat__record_id_layoff_00786,0.0
cat__record_id_layoff_00785,0.0
cat__record_id_layoff_00784,0.0
cat__record_id_layoff_00783,0.0
cat__record_id_layoff_00782,0.0
cat__record_id_layoff_00781,0.0
cat__record_id_layoff_00780,0.0
cat__record_id_layoff_00760,0.0
cat__record_id_layoff_00778,0.0
cat__record_id_layoff_00777,0.0
cat__record_id_layoff_00776,0.0
cat__record_id_layoff_00775,0.0
cat__record_id_layoff_00774,0.0
cat__record_id_layoff_00773,0.0
cat__record_id_layoff_00772,0.0
cat__record_id_layoff_00770,0.0
cat__record_id_layoff_00768,0.0
cat__record_id_layoff_00766,0.0
cat__record_id_layoff_00765,0.0
cat__record_id_layoff_00761,0.0
cat__record_id_layoff_00779,0.0
cat__record_id_layoff_00696,0.0
cat__record_id_layoff_00695,0.0
cat__record_id_layoff_00694,0.0
cat__record_id_layoff_00693,0.0
cat__record_id_layoff_00692,0.0
cat__record_id_layoff_00691,0.0
cat__record_id_layoff_00690,0.0
cat__record_id_layoff_00689,0.0
cat__record_id_layoff_00688,0.0
cat__record_id_layoff_00687,0.0
cat__record_id_layoff_00685,0.0
cat__record_id_layoff_00683,0.0
cat__record_id_layoff_00729,0.0
cat__record_id_layoff_00680,0.0
cat__record_id_layoff_00679,0.0
cat__record_id_layoff_00678,0.0
cat__record_id_layoff_00677,0.0
cat__record_id_layoff_00676,0.0
cat__record_id_layoff_00674,0.0
cat__record_id_layoff_00673,0.0
cat__record_id_layoff_00672,0.0
cat__record_id_layoff_00671,0.0
cat__record_id_layoff_00669,0.0
cat__record_id_layoff_00668,0.0
cat__record_id_layoff_00667,0.0
cat__record_id_layoff_00682,0.0
cat__record_id_layoff_00728,0.0
cat__record_id_layoff_00727,0.0
cat__record_id_layoff_00726,0.0
cat__record_id_layoff_00725,0.0
cat__record_id_layoff_00724,0.0
cat__record_id_layoff_00723,0.0
cat__record_id_layoff_00722,0.0
cat__record_id_layoff_00721,0.0
cat__record_id_layoff_00720,0.0
cat__record_id_layoff_00719,0.0
cat__record_id_layoff_00718,0.0
cat__record_id_layoff_00717,0.0
cat__record_id_layoff_00697,0.0
cat__record_id_layoff_00713,0.0
cat__record_id_layoff_00712,0.0
cat__record_id_layoff_00711,0.0
cat__record_id_layoff_00710,0.0
cat__record_id_layoff_00708,0.0
cat__record_id_layoff_00707,0.0
cat__record_id_layoff_00706,0.0
cat__record_id_layoff_00705,0.0
cat__record_id_layoff_00704,0.0
cat__record_id_layoff_00703,0.0
cat__record_id_layoff_00702,0.0
cat__record_id_layoff_00701,0.0
cat__record_id_layoff_00700,0.0
cat__record_id_layoff_00716,0.0
cat__record_id_layoff_03493,0.0
cat__record_id_layoff_03491,0.0
cat__record_id_layoff_03490,0.0
cat__record_id_layoff_03489,0.0
cat__record_id_layoff_03488,0.0
cat__record_id_layoff_03487,0.0
cat__record_id_layoff_03486,0.0
cat__record_id_layoff_03485,0.0
cat__record_id_layoff_03484,0.0
cat__record_id_layoff_03483,0.0
cat__record_id_layoff_03481,0.0
cat__record_id_layoff_03480,0.0
cat__record_id_layoff_02085,0.0
cat__record_id_layoff_03477,0.0
cat__record_id_layoff_03476,0.0
cat__record_id_layoff_03474,0.0
cat__record_id_layoff_03473,0.0
cat__record_id_layoff_03472,0.0
cat__record_id_layoff_03471,0.0
cat__record_id_layoff_03470,0.0
cat__record_id_layoff_03469,0.0
cat__record_id_layoff_03468,0.0
cat__record_id_layoff_03467,0.0
cat__record_id_layoff_03466,0.0
cat__record_id_layoff_03465,0.0
cat__record_id_layoff_03479,0.0
cat__record_id_layoff_03521,0.0
cat__record_id_layoff_03519,0.0
cat__record_id_layoff_03518,0.0
cat__record_id_layoff_03517,0.0
cat__record_id_layoff_03516,0.0
cat__record_id_layoff_03515,0.0
cat__record_id_layoff_03514,0.0
cat__record_id_layoff_03513,0.0
cat__record_id_layoff_03512,0.0
cat__record_id_layoff_03511,0.0
cat__record_id_layoff_03510,0.0
cat__record_id_layoff_03509,0.0
cat__record_id_layoff_03494,0.0
cat__record_id_layoff_03506,0.0
cat__record_id_layoff_03505,0.0
cat__record_id_layoff_03504,0.0
cat__record_id_layoff_03503,0.0
cat__record_id_layoff_03502,0.0
cat__record_id_layoff_03501,0.0
cat__record_id_layoff_03500,0.0
cat__record_id_layoff_03499,0.0
cat__record_id_layoff_03498,0.0
cat__record_id_layoff_03497,0.0
cat__record_id_layoff_03496,0.0
cat__record_id_layoff_03495,0.0
cat__record_id_layoff_03507,0.0
cat__record_id_layoff_03432,0.0
cat__record_id_layoff_03431,0.0
cat__record_id_layoff_03430,0.0
cat__record_id_layoff_03429,0.0
cat__record_id_layoff_03427,0.0
cat__record_id_layoff_03426,0.0
cat__record_id_layoff_03425,0.0
cat__record_id_layoff_03424,0.0
cat__record_id_layoff_03423,0.0
cat__record_id_layoff_03422,0.0
cat__record_id_layoff_03421,0.0
cat__record_id_layoff_03420,0.0
cat__record_id_layoff_03464,0.0
cat__record_id_layoff_03418,0.0
cat__record_id_layoff_03417,0.0
cat__record_id_layoff_03415,0.0
cat__record_id_layoff_03414,0.0
cat__record_id_layoff_03413,0.0
cat__record_id_layoff_03412,0.0
cat__record_id_layoff_03411,0.0
cat__record_id_layoff_03410,0.0
cat__record_id_layoff_03408,0.0
cat__record_id_layoff_03407,0.0
cat__record_id_layoff_03406,0.0
cat__record_id_layoff_03404,0.0
cat__record_id_layoff_03419,0.0
cat__record_id_layoff_03463,0.0
cat__record_id_layoff_03462,0.0
cat__record_id_layoff_03461,0.0
cat__record_id_layoff_03460,0.0
cat__record_id_layoff_03459,0.0
cat__record_id_layoff_03458,0.0
cat__record_id_layoff_03457,0.0
cat__record_id_layoff_03456,0.0
cat__record_id_layoff_03455,0.0
cat__record_id_layoff_03453,0.0
cat__record_id_layoff_03452,0.0
cat__record_id_layoff_03451,0.0
cat__record_id_layoff_03434,0.0
cat__record_id_layoff_03449,0.0
cat__record_id_layoff_03448,0.0
cat__record_id_layoff_03447,0.0
cat__record_id_layoff_03446,0.0
cat__record_id_layoff_03445,0.0
cat__record_id_layoff_03444,0.0
cat__record_id_layoff_03443,0.0
cat__record_id_layoff_03440,0.0
cat__record_id_layoff_03438,0.0
cat__record_id_layoff_03437,0.0
cat__record_id_layoff_03436,0.0
cat__record_id_layoff_03435,0.0
cat__record_id_layoff_03450,0.0
cat__record_id_layoff_03623,0.0
cat__record_id_layoff_03619,0.0
cat__record_id_layoff_03618,0.0
cat__record_id_layoff_03616,0.0
cat__record_id_layoff_03615,0.0
cat__record_id_layoff_03614,0.0
cat__record_id_layoff_03612,0.0
cat__record_id_layoff_03611,0.0
cat__record_id_layoff_03607,0.0
cat__record_id_layoff_03606,0.0
cat__record_id_layoff_03605,0.0
cat__record_id_layoff_03604,0.0
cat__record_id_layoff_03522,0.0
cat__record_id_layoff_03602,0.0
cat__record_id_layoff_03601,0.0
cat__record_id_layoff_03599,0.0
cat__record_id_layoff_03598,0.0
cat__record_id_layoff_03597,0.0
cat__record_id_layoff_03596,0.0
cat__record_id_layoff_03595,0.0
cat__record_id_layoff_03594,0.0
cat__record_id_layoff_03593,0.0
cat__record_id_layoff_03592,0.0
cat__record_id_layoff_03589,0.0
cat__record_id_layoff_03588,0.0
cat__record_id_layoff_03603,0.0
cat__record_id_layoff_03659,0.0
cat__record_id_layoff_03658,0.0
cat__record_id_layoff_03652,0.0
cat__record_id_layoff_03651,0.0
cat__record_id_layoff_03650,0.0
cat__record_id_layoff_03649,0.0
cat__record_id_layoff_03648,0.0
cat__record_id_layoff_03647,0.0
cat__record_id_layoff_03646,0.0
cat__record_id_layoff_03645,0.0
cat__record_id_layoff_03644,0.0
cat__record_id_layoff_03643,0.0
cat__record_id_layoff_03624,0.0
cat__record_id_layoff_03640,0.0
cat__record_id_layoff_03638,0.0
cat__record_id_layoff_03637,0.0
cat__record_id_layoff_03636,0.0
cat__record_id_layoff_03635,0.0
cat__record_id_layoff_03634,0.0
cat__record_id_layoff_03632,0.0
cat__record_id_layoff_03631,0.0
cat__record_id_layoff_03628,0.0
cat__record_id_layoff_03627,0.0
cat__record_id_layoff_03626,0.0
cat__record_id_layoff_03625,0.0
cat__record_id_layoff_03642,0.0
cat__record_id_layoff_03550,0.0
cat__record_id_layoff_03549,0.0
cat__record_id_layoff_03548,0.0
cat__record_id_layoff_03547,0.0
cat__record_id_layoff_03546,0.0
cat__record_id_layoff_03544,0.0
cat__record_id_layoff_03543,0.0
cat__record_id_layoff_03542,0.0
cat__record_id_layoff_03540,0.0
cat__record_id_layoff_03539,0.0
cat__record_id_layoff_03538,0.0
cat__record_id_layoff_03537,0.0
cat__record_id_layoff_03586,0.0
cat__record_id_layoff_03535,0.0
cat__record_id_layoff_03534,0.0
cat__record_id_layoff_03533,0.0
cat__record_id_layoff_03532,0.0
cat__record_id_layoff_03530,0.0
cat__record_id_layoff_03529,0.0
cat__record_id_layoff_03528,0.0
cat__record_id_layoff_03527,0.0
cat__record_id_layoff_03526,0.0
cat__record_id_layoff_03525,0.0
cat__record_id_layoff_03524,0.0
cat__record_id_layoff_03523,0.0
cat__record_id_layoff_03536,0.0
cat__record_id_layoff_03584,0.0
cat__record_id_layoff_03582,0.0
cat__record_id_layoff_03579,0.0
cat__record_id_layoff_03578,0.0
cat__record_id_layoff_03577,0.0
cat__record_id_layoff_03576,0.0
cat__record_id_layoff_03574,0.0
cat__record_id_layoff_03572,0.0
cat__record_id_layoff_03571,0.0
cat__record_id_layoff_03570,0.0
cat__record_id_layoff_03569,0.0
cat__record_id_layoff_03567,0.0
cat__record_id_layoff_03551,0.0
cat__record_id_layoff_03565,0.0
cat__record_id_layoff_03564,0.0
cat__record_id_layoff_03563,0.0
cat__record_id_layoff_03562,0.0
cat__record_id_layoff_03560,0.0
cat__record_id_layoff_03559,0.0
cat__record_id_layoff_03558,0.0
cat__record_id_layoff_03557,0.0
cat__record_id_layoff_03556,0.0
cat__record_id_layoff_03555,0.0
cat__record_id_layoff_03554,0.0
cat__record_id_layoff_03553,0.0
cat__record_id_layoff_03566,0.0
cat__record_id_layoff_03243,0.0
cat__record_id_layoff_03242,0.0
cat__record_id_layoff_03240,0.0
cat__record_id_layoff_03239,0.0
cat__record_id_layoff_03238,0.0
cat__record_id_layoff_03237,0.0
cat__record_id_layoff_03236,0.0
cat__record_id_layoff_03234,0.0
cat__record_id_layoff_03233,0.0
cat__record_id_layoff_03232,0.0
cat__record_id_layoff_03231,0.0
cat__record_id_layoff_03230,0.0
cat__record_id_layoff_03403,0.0
cat__record_id_layoff_03228,0.0
cat__record_id_layoff_03227,0.0
cat__record_id_layoff_03226,0.0
cat__record_id_layoff_03225,0.0
cat__record_id_layoff_03223,0.0
cat__record_id_layoff_03220,0.0
cat__record_id_layoff_03219,0.0
cat__record_id_layoff_03218,0.0
cat__record_id_layoff_03217,0.0
cat__record_id_layoff_03216,0.0
cat__record_id_layoff_03215,0.0
cat__record_id_layoff_03214,0.0
cat__record_id_layoff_03229,0.0
cat__record_id_layoff_03274,0.0
cat__record_id_layoff_03273,0.0
cat__record_id_layoff_03272,0.0
cat__record_id_layoff_03271,0.0
cat__record_id_layoff_03270,0.0
cat__record_id_layoff_03269,0.0
cat__record_id_layoff_03268,0.0
cat__record_id_layoff_03266,0.0
cat__record_id_layoff_03265,0.0
cat__record_id_layoff_03263,0.0
cat__record_id_layoff_03262,0.0
cat__record_id_layoff_03261,0.0
cat__record_id_layoff_03244,0.0
cat__record_id_layoff_03259,0.0
cat__record_id_layoff_03258,0.0
cat__record_id_layoff_03257,0.0
cat__record_id_layoff_03256,0.0
cat__record_id_layoff_03255,0.0
cat__record_id_layoff_03254,0.0
cat__record_id_layoff_03253,0.0
cat__record_id_layoff_03252,0.0
cat__record_id_layoff_03250,0.0
cat__record_id_layoff_03249,0.0
cat__record_id_layoff_03247,0.0
cat__record_id_layoff_03246,0.0
cat__record_id_layoff_03260,0.0
cat__record_id_layoff_03182,0.0
cat__record_id_layoff_03181,0.0
cat__record_id_layoff_03180,0.0
cat__record_id_layoff_03179,0.0
cat__record_id_layoff_03178,0.0
cat__record_id_layoff_03177,0.0
cat__record_id_layoff_03176,0.0
cat__record_id_layoff_03174,0.0
cat__record_id_layoff_03173,0.0
cat__record_id_layoff_03171,0.0
cat__record_id_layoff_03170,0.0
cat__record_id_layoff_03169,0.0
cat__record_id_layoff_03213,0.0
cat__record_id_layoff_03167,0.0
cat__record_id_layoff_03166,0.0
cat__record_id_layoff_03165,0.0
cat__record_id_layoff_03164,0.0
cat__record_id_layoff_03163,0.0
cat__record_id_layoff_03162,0.0
cat__record_id_layoff_03159,0.0
cat__record_id_layoff_03158,0.0
cat__record_id_layoff_03157,0.0
cat__record_id_layoff_03156,0.0
cat__record_id_layoff_03155,0.0
cat__record_id_layoff_03154,0.0
cat__record_id_layoff_03168,0.0
cat__record_id_layoff_03212,0.0
cat__record_id_layoff_03211,0.0
cat__record_id_layoff_03210,0.0
cat__record_id_layoff_03209,0.0
cat__record_id_layoff_03207,0.0
cat__record_id_layoff_03205,0.0
cat__record_id_layoff_03204,0.0
cat__record_id_layoff_03203,0.0
cat__record_id_layoff_03202,0.0
cat__record_id_layoff_03201,0.0
cat__record_id_layoff_03200,0.0
cat__record_id_layoff_03199,0.0
cat__record_id_layoff_03185,0.0
cat__record_id_layoff_03197,0.0
cat__record_id_layoff_03196,0.0
cat__record_id_layoff_03195,0.0
cat__record_id_layoff_03194,0.0
cat__record_id_layoff_03193,0.0
cat__record_id_layoff_03192,0.0
cat__record_id_layoff_03191,0.0
cat__record_id_layoff_03190,0.0
cat__record_id_layoff_03189,0.0
cat__record_id_layoff_03188,0.0
cat__record_id_layoff_03187,0.0
cat__record_id_layoff_03186,0.0
cat__record_id_layoff_03198,0.0
cat__record_id_layoff_03372,0.0
cat__record_id_layoff_03371,0.0
cat__record_id_layoff_03370,0.0
cat__record_id_layoff_03369,0.0
cat__record_id_layoff_03368,0.0
cat__record_id_layoff_03367,0.0
cat__record_id_layoff_03365,0.0
cat__record_id_layoff_03364,0.0
cat__record_id_layoff_03363,0.0
cat__record_id_layoff_03362,0.0
cat__record_id_layoff_03361,0.0
cat__record_id_layoff_03360,0.0
cat__record_id_layoff_03275,0.0
cat__record_id_layoff_03358,0.0
cat__record_id_layoff_03357,0.0
cat__record_id_layoff_03355,0.0
cat__record_id_layoff_03354,0.0
cat__record_id_layoff_03352,0.0
cat__record_id_layoff_03350,0.0
cat__record_id_layoff_03349,0.0
cat__record_id_layoff_03348,0.0
cat__record_id_layoff_03347,0.0
cat__record_id_layoff_03346,0.0
cat__record_id_layoff_03345,0.0
cat__record_id_layoff_03344,0.0
cat__record_id_layoff_03359,0.0
cat__record_id_layoff_03401,0.0
cat__record_id_layoff_03400,0.0
cat__record_id_layoff_03399,0.0
cat__record_id_layoff_03398,0.0
cat__record_id_layoff_03397,0.0
cat__record_id_layoff_03396,0.0
cat__record_id_layoff_03395,0.0
cat__record_id_layoff_03394,0.0
cat__record_id_layoff_03392,0.0
cat__record_id_layoff_03391,0.0
cat__record_id_layoff_03390,0.0
cat__record_id_layoff_03389,0.0
cat__record_id_layoff_03373,0.0
cat__record_id_layoff_03386,0.0
cat__record_id_layoff_03385,0.0
cat__record_id_layoff_03383,0.0
cat__record_id_layoff_03382,0.0
cat__record_id_layoff_03381,0.0
cat__record_id_layoff_03380,0.0
cat__record_id_layoff_03379,0.0
cat__record_id_layoff_03378,0.0
cat__record_id_layoff_03377,0.0
cat__record_id_layoff_03376,0.0
cat__record_id_layoff_03375,0.0
cat__record_id_layoff_03374,0.0
cat__record_id_layoff_03387,0.0
cat__record_id_layoff_03311,0.0
cat__record_id_layoff_03309,0.0
cat__record_id_layoff_03308,0.0
cat__record_id_layoff_03305,0.0
cat__record_id_layoff_03303,0.0
cat__record_id_layoff_03301,0.0
cat__record_id_layoff_03300,0.0
cat__record_id_layoff_03297,0.0
cat__record_id_layoff_03296,0.0
cat__record_id_layoff_03294,0.0
cat__record_id_layoff_03293,0.0
cat__record_id_layoff_03292,0.0
cat__record_id_layoff_03343,0.0
cat__record_id_layoff_03289,0.0
cat__record_id_layoff_03288,0.0
cat__record_id_layoff_03287,0.0
cat__record_id_layoff_03286,0.0
cat__record_id_layoff_03285,0.0
cat__record_id_layoff_03284,0.0
cat__record_id_layoff_03283,0.0
cat__record_id_layoff_03281,0.0
cat__record_id_layoff_03280,0.0
cat__record_id_layoff_03279,0.0
cat__record_id_layoff_03278,0.0
cat__record_id_layoff_03276,0.0
cat__record_id_layoff_03290,0.0
cat__record_id_layoff_03342,0.0
cat__record_id_layoff_03341,0.0
cat__record_id_layoff_03340,0.0
cat__record_id_layoff_03339,0.0
cat__record_id_layoff_03338,0.0
cat__record_id_layoff_03337,0.0
cat__record_id_layoff_03336,0.0
cat__record_id_layoff_03335,0.0
cat__record_id_layoff_03334,0.0
cat__record_id_layoff_03333,0.0
cat__record_id_layoff_03332,0.0
cat__record_id_layoff_03331,0.0
cat__record_id_layoff_03312,0.0
cat__record_id_layoff_03328,0.0
cat__record_id_layoff_03327,0.0
cat__record_id_layoff_03325,0.0
cat__record_id_layoff_03324,0.0
cat__record_id_layoff_03323,0.0
cat__record_id_layoff_03321,0.0
cat__record_id_layoff_03320,0.0
cat__record_id_layoff_03319,0.0
cat__record_id_layoff_03318,0.0
cat__record_id_layoff_03317,0.0
cat__record_id_layoff_03316,0.0
cat__record_id_layoff_03314,0.0
cat__record_id_layoff_03329,0.0
cat__record_id_layoff_04032,0.0
cat__record_id_layoff_04031,0.0
cat__record_id_layoff_04030,0.0
cat__record_id_layoff_04029,0.0
cat__record_id_layoff_04028,0.0
cat__record_id_layoff_04027,0.0
cat__record_id_layoff_04026,0.0
cat__record_id_layoff_04025,0.0
cat__record_id_layoff_04024,0.0
cat__record_id_layoff_04023,0.0
cat__record_id_layoff_04022,0.0
cat__record_id_layoff_04021,0.0
cat__record_id_layoff_03661,0.0
cat__record_id_layoff_04019,0.0
cat__record_id_layoff_04018,0.0
cat__record_id_layoff_04017,0.0
cat__record_id_layoff_04016,0.0
cat__record_id_layoff_04015,0.0
cat__record_id_layoff_04014,0.0
cat__record_id_layoff_04013,0.0
cat__record_id_layoff_04012,0.0
cat__record_id_layoff_04011,0.0
cat__record_id_layoff_04010,0.0
cat__record_id_layoff_04009,0.0
cat__record_id_layoff_04008,0.0
cat__record_id_layoff_04020,0.0
cat__record_id_layoff_04063,0.0
cat__record_id_layoff_04062,0.0
cat__record_id_layoff_04061,0.0
cat__record_id_layoff_04060,0.0
cat__record_id_layoff_04059,0.0
cat__record_id_layoff_04058,0.0
cat__record_id_layoff_04057,0.0
cat__record_id_layoff_04056,0.0
cat__record_id_layoff_04055,0.0
cat__record_id_layoff_04054,0.0
cat__record_id_layoff_04053,0.0
cat__record_id_layoff_04052,0.0
cat__record_id_layoff_04033,0.0
cat__record_id_layoff_04049,0.0
cat__record_id_layoff_04048,0.0
cat__record_id_layoff_04046,0.0
cat__record_id_layoff_04044,0.0
cat__record_id_layoff_04043,0.0
cat__record_id_layoff_04041,0.0
cat__record_id_layoff_04040,0.0
cat__record_id_layoff_04039,0.0
cat__record_id_layoff_04037,0.0
cat__record_id_layoff_04036,0.0
cat__record_id_layoff_04035,0.0
cat__record_id_layoff_04034,0.0
cat__record_id_layoff_04050,0.0
cat__record_id_layoff_03969,0.0
cat__record_id_layoff_03967,0.0
cat__record_id_layoff_03966,0.0
cat__record_id_layoff_03965,0.0
cat__record_id_layoff_03964,0.0
cat__record_id_layoff_03963,0.0
cat__record_id_layoff_03962,0.0
cat__record_id_layoff_03961,0.0
cat__record_id_layoff_03960,0.0
cat__record_id_layoff_03959,0.0
cat__record_id_layoff_03957,0.0
cat__record_id_layoff_03956,0.0
cat__record_id_layoff_04007,0.0
cat__record_id_layoff_03954,0.0
cat__record_id_layoff_03952,0.0
cat__record_id_layoff_03950,0.0
cat__record_id_layoff_03948,0.0
cat__record_id_layoff_03947,0.0
cat__record_id_layoff_03946,0.0
cat__record_id_layoff_03945,0.0
cat__record_id_layoff_03944,0.0
cat__record_id_layoff_03943,0.0
cat__record_id_layoff_03942,0.0
cat__record_id_layoff_03941,0.0
cat__record_id_layoff_03940,0.0
cat__record_id_layoff_03955,0.0
cat__record_id_layoff_04006,0.0
cat__record_id_layoff_04004,0.0
cat__record_id_layoff_04003,0.0
cat__record_id_layoff_04001,0.0
cat__record_id_layoff_04000,0.0
cat__record_id_layoff_03998,0.0
cat__record_id_layoff_03997,0.0
cat__record_id_layoff_03996,0.0
cat__record_id_layoff_03995,0.0
cat__record_id_layoff_03993,0.0
cat__record_id_layoff_03992,0.0
cat__record_id_layoff_03991,0.0
cat__record_id_layoff_03970,0.0
cat__record_id_layoff_03989,0.0
cat__record_id_layoff_03987,0.0
cat__record_id_layoff_03985,0.0
cat__record_id_layoff_03984,0.0
cat__record_id_layoff_03982,0.0
cat__record_id_layoff_03980,0.0
cat__record_id_layoff_03978,0.0
cat__record_id_layoff_03977,0.0
cat__record_id_layoff_03976,0.0
cat__record_id_layoff_03975,0.0
cat__record_id_layoff_03972,0.0
cat__record_id_layoff_03971,0.0
cat__record_id_layoff_03990,0.0
cat__record_id_layoff_04156,0.0
cat__record_id_layoff_04155,0.0
cat__record_id_layoff_04151,0.0
cat__record_id_layoff_04150,0.0
cat__record_id_layoff_04148,0.0
cat__record_id_layoff_04145,0.0
cat__record_id_layoff_04144,0.0
cat__record_id_layoff_04143,0.0
cat__record_id_layoff_04142,0.0
cat__record_id_layoff_04141,0.0
cat__record_id_layoff_04140,0.0
cat__record_id_layoff_04139,0.0
cat__record_id_layoff_04064,0.0
cat__record_id_layoff_04137,0.0
cat__record_id_layoff_04136,0.0
cat__record_id_layoff_04135,0.0
cat__record_id_layoff_04134,0.0
cat__record_id_layoff_04133,0.0
cat__record_id_layoff_04132,0.0
cat__record_id_layoff_04131,0.0
cat__record_id_layoff_04129,0.0
cat__record_id_layoff_04128,0.0
cat__record_id_layoff_04127,0.0
cat__record_id_layoff_04126,0.0
cat__record_id_layoff_04125,0.0
cat__record_id_layoff_04138,0.0
cat__record_id_layoff_04190,0.0
cat__record_id_layoff_04189,0.0
cat__record_id_layoff_04188,0.0
cat__record_id_layoff_04187,0.0
cat__record_id_layoff_04186,0.0
cat__record_id_layoff_04184,0.0
cat__record_id_layoff_04183,0.0
cat__record_id_layoff_04182,0.0
cat__record_id_layoff_04181,0.0
cat__record_id_layoff_04180,0.0
cat__record_id_layoff_04179,0.0
cat__record_id_layoff_04178,0.0
cat__record_id_layoff_04157,0.0
cat__record_id_layoff_04175,0.0
cat__record_id_layoff_04174,0.0
cat__record_id_layoff_04172,0.0
cat__record_id_layoff_04170,0.0
cat__record_id_layoff_04168,0.0
cat__record_id_layoff_04167,0.0
cat__record_id_layoff_04166,0.0
cat__record_id_layoff_04164,0.0
cat__record_id_layoff_04163,0.0
cat__record_id_layoff_04162,0.0
cat__record_id_layoff_04161,0.0
cat__record_id_layoff_04158,0.0
cat__record_id_layoff_04176,0.0
cat__record_id_layoff_04090,0.0
cat__record_id_layoff_04089,0.0
cat__record_id_layoff_04088,0.0
cat__record_id_layoff_04087,0.0
cat__record_id_layoff_04086,0.0
cat__record_id_layoff_04085,0.0
cat__record_id_layoff_04084,0.0
cat__record_id_layoff_04083,0.0
cat__record_id_layoff_04082,0.0
cat__record_id_layoff_04081,0.0
cat__record_id_layoff_04080,0.0
cat__record_id_layoff_04078,0.0
cat__record_id_layoff_04123,0.0
cat__record_id_layoff_04076,0.0
cat__record_id_layoff_04075,0.0
cat__record_id_layoff_04074,0.0
cat__record_id_layoff_04073,0.0
cat__record_id_layoff_04072,0.0
cat__record_id_layoff_04071,0.0
cat__record_id_layoff_04070,0.0
cat__record_id_layoff_04069,0.0
cat__record_id_layoff_04068,0.0
cat__record_id_layoff_04067,0.0
cat__record_id_layoff_04066,0.0
cat__record_id_layoff_04065,0.0
cat__record_id_layoff_04077,0.0
cat__record_id_layoff_04122,0.0
cat__record_id_layoff_04121,0.0
cat__record_id_layoff_04120,0.0
cat__record_id_layoff_04119,0.0
cat__record_id_layoff_04118,0.0
cat__record_id_layoff_04117,0.0
cat__record_id_layoff_04116,0.0
cat__record_id_layoff_04115,0.0
cat__record_id_layoff_04114,0.0
cat__record_id_layoff_04113,0.0
cat__record_id_layoff_04112,0.0
cat__record_id_layoff_04110,0.0
cat__record_id_layoff_04091,0.0
cat__record_id_layoff_04108,0.0
cat__record_id_layoff_04107,0.0
cat__record_id_layoff_04106,0.0
cat__record_id_layoff_04105,0.0
cat__record_id_layoff_04104,0.0
cat__record_id_layoff_04103,0.0
cat__record_id_layoff_04101,0.0
cat__record_id_layoff_04100,0.0
cat__record_id_layoff_04099,0.0
cat__record_id_layoff_04095,0.0
cat__record_id_layoff_04094,0.0
cat__record_id_layoff_04092,0.0
cat__record_id_layoff_04109,0.0
cat__record_id_layoff_03757,0.0
cat__record_id_layoff_03754,0.0
cat__record_id_layoff_03752,0.0
cat__record_id_layoff_03750,0.0
cat__record_id_layoff_03749,0.0
cat__record_id_layoff_03748,0.0
cat__record_id_layoff_03747,0.0
cat__record_id_layoff_03746,0.0
cat__record_id_layoff_03745,0.0
cat__record_id_layoff_03744,0.0
cat__record_id_layoff_03742,0.0
cat__record_id_layoff_03741,0.0
cat__record_id_layoff_03939,0.0
cat__record_id_layoff_03738,0.0
cat__record_id_layoff_03737,0.0
cat__record_id_layoff_03736,0.0
cat__record_id_layoff_03735,0.0
cat__record_id_layoff_03734,0.0
cat__record_id_layoff_03733,0.0
cat__record_id_layoff_03732,0.0
cat__record_id_layoff_03731,0.0
cat__record_id_layoff_03729,0.0
cat__record_id_layoff_03728,0.0
cat__record_id_layoff_03727,0.0
cat__record_id_layoff_03726,0.0
cat__record_id_layoff_03739,0.0
cat__record_id_layoff_03795,0.0
cat__record_id_layoff_03793,0.0
cat__record_id_layoff_03792,0.0
cat__record_id_layoff_03791,0.0
cat__record_id_layoff_03789,0.0
cat__record_id_layoff_03787,0.0
cat__record_id_layoff_03786,0.0
cat__record_id_layoff_03785,0.0
cat__record_id_layoff_03784,0.0
cat__record_id_layoff_03783,0.0
cat__record_id_layoff_03782,0.0
cat__record_id_layoff_03780,0.0
cat__record_id_layoff_03759,0.0
cat__record_id_layoff_03778,0.0
cat__record_id_layoff_03777,0.0
cat__record_id_layoff_03776,0.0
cat__record_id_layoff_03775,0.0
cat__record_id_layoff_03774,0.0
cat__record_id_layoff_03773,0.0
cat__record_id_layoff_03772,0.0
cat__record_id_layoff_03770,0.0
cat__record_id_layoff_03769,0.0
cat__record_id_layoff_03765,0.0
cat__record_id_layoff_03764,0.0
cat__record_id_layoff_03761,0.0
cat__record_id_layoff_03779,0.0
cat__record_id_layoff_03692,0.0
cat__record_id_layoff_03691,0.0
cat__record_id_layoff_03690,0.0
cat__record_id_layoff_03689,0.0
cat__record_id_layoff_03688,0.0
cat__record_id_layoff_03687,0.0
cat__record_id_layoff_03685,0.0
cat__record_id_layoff_03684,0.0
cat__record_id_layoff_03683,0.0
cat__record_id_layoff_03682,0.0
cat__record_id_layoff_03681,0.0
cat__record_id_layoff_03680,0.0
cat__record_id_layoff_03725,0.0
cat__record_id_layoff_03678,0.0
cat__record_id_layoff_03675,0.0
cat__record_id_layoff_03674,0.0
cat__record_id_layoff_03673,0.0
cat__record_id_layoff_03672,0.0
cat__record_id_layoff_03671,0.0
cat__record_id_layoff_03670,0.0
cat__record_id_layoff_03667,0.0
cat__record_id_layoff_03666,0.0
cat__record_id_layoff_03665,0.0
cat__record_id_layoff_03664,0.0
cat__record_id_layoff_03663,0.0
cat__record_id_layoff_03679,0.0
cat__record_id_layoff_03723,0.0
cat__record_id_layoff_03721,0.0
cat__record_id_layoff_03720,0.0
cat__record_id_layoff_03718,0.0
cat__record_id_layoff_03717,0.0
cat__record_id_layoff_03716,0.0
cat__record_id_layoff_03715,0.0
cat__record_id_layoff_03714,0.0
cat__record_id_layoff_03713,0.0
cat__record_id_layoff_03712,0.0
cat__record_id_layoff_03711,0.0
cat__record_id_layoff_03710,0.0
cat__record_id_layoff_03694,0.0
cat__record_id_layoff_03708,0.0
cat__record_id_layoff_03707,0.0
cat__record_id_layoff_03706,0.0
cat__record_id_layoff_03705,0.0
cat__record_id_layoff_03704,0.0
cat__record_id_layoff_03701,0.0
cat__record_id_layoff_03700,0.0
cat__record_id_layoff_03699,0.0
cat__record_id_layoff_03698,0.0
cat__record_id_layoff_03697,0.0
cat__record_id_layoff_03696,0.0
cat__record_id_layoff_03695,0.0
cat__record_id_layoff_03709,0.0
cat__record_id_layoff_03903,0.0
cat__record_id_layoff_03901,0.0
cat__record_id_layoff_03900,0.0
cat__record_id_layoff_03899,0.0
cat__record_id_layoff_03897,0.0
cat__record_id_layoff_03894,0.0
cat__record_id_layoff_03892,0.0
cat__record_id_layoff_03890,0.0
cat__record_id_layoff_03889,0.0
cat__record_id_layoff_03888,0.0
cat__record_id_layoff_03887,0.0
cat__record_id_layoff_03886,0.0
cat__record_id_layoff_03796,0.0
cat__record_id_layoff_03884,0.0
cat__record_id_layoff_03882,0.0
cat__record_id_layoff_03881,0.0
cat__record_id_layoff_03879,0.0
cat__record_id_layoff_03878,0.0
cat__record_id_layoff_03877,0.0
cat__record_id_layoff_03875,0.0
cat__record_id_layoff_03874,0.0
cat__record_id_layoff_03873,0.0
cat__record_id_layoff_03871,0.0
cat__record_id_layoff_03870,0.0
cat__record_id_layoff_03867,0.0
cat__record_id_layoff_03885,0.0
cat__record_id_layoff_03938,0.0
cat__record_id_layoff_03935,0.0
cat__record_id_layoff_03934,0.0
cat__record_id_layoff_03933,0.0
cat__record_id_layoff_03931,0.0
cat__record_id_layoff_03930,0.0
cat__record_id_layoff_03929,0.0
cat__record_id_layoff_03928,0.0
cat__record_id_layoff_03926,0.0
cat__record_id_layoff_03925,0.0
cat__record_id_layoff_03924,0.0
cat__record_id_layoff_03923,0.0
cat__record_id_layoff_03906,0.0
cat__record_id_layoff_03921,0.0
cat__record_id_layoff_03919,0.0
cat__record_id_layoff_03917,0.0
cat__record_id_layoff_03916,0.0
cat__record_id_layoff_03915,0.0
cat__record_id_layoff_03914,0.0
cat__record_id_layoff_03912,0.0
cat__record_id_layoff_03911,0.0
cat__record_id_layoff_03910,0.0
cat__record_id_layoff_03909,0.0
cat__record_id_layoff_03908,0.0
cat__record_id_layoff_03907,0.0
cat__record_id_layoff_03922,0.0
cat__record_id_layoff_03825,0.0
cat__record_id_layoff_03824,0.0
cat__record_id_layoff_03823,0.0
cat__record_id_layoff_03822,0.0
cat__record_id_layoff_03821,0.0
cat__record_id_layoff_03820,0.0
cat__record_id_layoff_03819,0.0
cat__record_id_layoff_03818,0.0
cat__record_id_layoff_03816,0.0
cat__record_id_layoff_03815,0.0
cat__record_id_layoff_03814,0.0
cat__record_id_layoff_03812,0.0
cat__record_id_layoff_03865,0.0
cat__record_id_layoff_03810,0.0
cat__record_id_layoff_03809,0.0
cat__record_id_layoff_03808,0.0
cat__record_id_layoff_03807,0.0
cat__record_id_layoff_03806,0.0
cat__record_id_layoff_03805,0.0
cat__record_id_layoff_03804,0.0
cat__record_id_layoff_03802,0.0
cat__record_id_layoff_03801,0.0
cat__record_id_layoff_03800,0.0
cat__record_id_layoff_03799,0.0
cat__record_id_layoff_03797,0.0
cat__record_id_layoff_03811,0.0
cat__record_id_layoff_03862,0.0
cat__record_id_layoff_03861,0.0
cat__record_id_layoff_03859,0.0
cat__record_id_layoff_03858,0.0
cat__record_id_layoff_03857,0.0
cat__record_id_layoff_03855,0.0
cat__record_id_layoff_03853,0.0
cat__record_id_layoff_03852,0.0
cat__record_id_layoff_03850,0.0
cat__record_id_layoff_03849,0.0
cat__record_id_layoff_03848,0.0
cat__record_id_layoff_03846,0.0
cat__record_id_layoff_03826,0.0
cat__record_id_layoff_03843,0.0
cat__record_id_layoff_03842,0.0
cat__record_id_layoff_03839,0.0
cat__record_id_layoff_03838,0.0
cat__record_id_layoff_03836,0.0
cat__record_id_layoff_03835,0.0
cat__record_id_layoff_03834,0.0
cat__record_id_layoff_03833,0.0
cat__record_id_layoff_03832,0.0
cat__record_id_layoff_03830,0.0
cat__record_id_layoff_03829,0.0
cat__record_id_layoff_03828,0.0
cat__record_id_layoff_03827,0.0
cat__record_id_layoff_03844,0.0
cat__record_id_layoff_02459,0.0
cat__record_id_layoff_02457,0.0
cat__record_id_layoff_02455,0.0
cat__record_id_layoff_02453,0.0
cat__record_id_layoff_02451,0.0
cat__record_id_layoff_02450,0.0
cat__record_id_layoff_02448,0.0
cat__record_id_layoff_02447,0.0
cat__record_id_layoff_02446,0.0
cat__record_id_layoff_02445,0.0
cat__record_id_layoff_02443,0.0
cat__record_id_layoff_02442,0.0
cat__record_id_layoff_03153,0.0
cat__record_id_layoff_02439,0.0
cat__record_id_layoff_02438,0.0
cat__record_id_layoff_02437,0.0
cat__record_id_layoff_02436,0.0
cat__record_id_layoff_02435,0.0
cat__record_id_layoff_02434,0.0
cat__record_id_layoff_02433,0.0
cat__record_id_layoff_02432,0.0
cat__record_id_layoff_02431,0.0
cat__record_id_layoff_02430,0.0
cat__record_id_layoff_02429,0.0
cat__record_id_layoff_02428,0.0
cat__record_id_layoff_02440,0.0
cat__record_id_layoff_02492,0.0
cat__record_id_layoff_02491,0.0
cat__record_id_layoff_02490,0.0
cat__record_id_layoff_02489,0.0
cat__record_id_layoff_02488,0.0
cat__record_id_layoff_02487,0.0
cat__record_id_layoff_02486,0.0
cat__record_id_layoff_02483,0.0
cat__record_id_layoff_02482,0.0
cat__record_id_layoff_02481,0.0
cat__record_id_layoff_02480,0.0
cat__record_id_layoff_02478,0.0
cat__record_id_layoff_02460,0.0
cat__record_id_layoff_02476,0.0
cat__record_id_layoff_02475,0.0
cat__record_id_layoff_02474,0.0
cat__record_id_layoff_02472,0.0
cat__record_id_layoff_02470,0.0
cat__record_id_layoff_02469,0.0
cat__record_id_layoff_02468,0.0
cat__record_id_layoff_02467,0.0
cat__record_id_layoff_02465,0.0
cat__record_id_layoff_02463,0.0
cat__record_id_layoff_02462,0.0
cat__record_id_layoff_02461,0.0
cat__record_id_layoff_02477,0.0
cat__record_id_layoff_02385,0.0
cat__record_id_layoff_02382,0.0
cat__record_id_layoff_02381,0.0
cat__record_id_layoff_02380,0.0
cat__record_id_layoff_02379,0.0
cat__record_id_layoff_02378,0.0
cat__record_id_layoff_02377,0.0
cat__record_id_layoff_02376,0.0
cat__record_id_layoff_02375,0.0
cat__record_id_layoff_02374,0.0
cat__record_id_layoff_02372,0.0
cat__record_id_layoff_02371,0.0
cat__record_id_layoff_02425,0.0
cat__record_id_layoff_02369,0.0
cat__record_id_layoff_02368,0.0
cat__record_id_layoff_02367,0.0
cat__record_id_layoff_02366,0.0
cat__record_id_layoff_02364,0.0
cat__record_id_layoff_02363,0.0
cat__record_id_layoff_02360,0.0
cat__record_id_layoff_02359,0.0
cat__record_id_layoff_02358,0.0
cat__record_id_layoff_02357,0.0
cat__record_id_layoff_02354,0.0
cat__record_id_layoff_02353,0.0
cat__record_id_layoff_02370,0.0
cat__record_id_layoff_02424,0.0
cat__record_id_layoff_02421,0.0
cat__record_id_layoff_02420,0.0
cat__record_id_layoff_02416,0.0
cat__record_id_layoff_02415,0.0
cat__record_id_layoff_02414,0.0
cat__record_id_layoff_02413,0.0
cat__record_id_layoff_02412,0.0
cat__record_id_layoff_02411,0.0
cat__record_id_layoff_02410,0.0
cat__record_id_layoff_02409,0.0
cat__record_id_layoff_02407,0.0
cat__record_id_layoff_02386,0.0
cat__record_id_layoff_02404,0.0
cat__record_id_layoff_02403,0.0
cat__record_id_layoff_02401,0.0
cat__record_id_layoff_02400,0.0
cat__record_id_layoff_02399,0.0
cat__record_id_layoff_02397,0.0
cat__record_id_layoff_02395,0.0
cat__record_id_layoff_02394,0.0
cat__record_id_layoff_02393,0.0
cat__record_id_layoff_02390,0.0
cat__record_id_layoff_02388,0.0
cat__record_id_layoff_02387,0.0
cat__record_id_layoff_02406,0.0
cat__record_id_layoff_02590,0.0
cat__record_id_layoff_02589,0.0
cat__record_id_layoff_02588,0.0
cat__record_id_layoff_02586,0.0
cat__record_id_layoff_02585,0.0
cat__record_id_layoff_02584,0.0
cat__record_id_layoff_02583,0.0
cat__record_id_layoff_02582,0.0
cat__record_id_layoff_02581,0.0
cat__record_id_layoff_02580,0.0
cat__record_id_layoff_02579,0.0
cat__record_id_layoff_02578,0.0
cat__record_id_layoff_02493,0.0
cat__record_id_layoff_02576,0.0
cat__record_id_layoff_02575,0.0
cat__record_id_layoff_02574,0.0
cat__record_id_layoff_02572,0.0
cat__record_id_layoff_02571,0.0
cat__record_id_layoff_02570,0.0
cat__record_id_layoff_02569,0.0
cat__record_id_layoff_02568,0.0
cat__record_id_layoff_02567,0.0
cat__record_id_layoff_02566,0.0
cat__record_id_layoff_02565,0.0
cat__record_id_layoff_02564,0.0
cat__record_id_layoff_02577,0.0
cat__record_id_layoff_02623,0.0
cat__record_id_layoff_02621,0.0
cat__record_id_layoff_02620,0.0
cat__record_id_layoff_02619,0.0
cat__record_id_layoff_02618,0.0
cat__record_id_layoff_02617,0.0
cat__record_id_layoff_02615,0.0
cat__record_id_layoff_02614,0.0
cat__record_id_layoff_02613,0.0
cat__record_id_layoff_02612,0.0
cat__record_id_layoff_02609,0.0
cat__record_id_layoff_02608,0.0
cat__record_id_layoff_02591,0.0
cat__record_id_layoff_02606,0.0
cat__record_id_layoff_02605,0.0
cat__record_id_layoff_02602,0.0
cat__record_id_layoff_02601,0.0
cat__record_id_layoff_02600,0.0
cat__record_id_layoff_02599,0.0
cat__record_id_layoff_02598,0.0
cat__record_id_layoff_02596,0.0
cat__record_id_layoff_02595,0.0
cat__record_id_layoff_02594,0.0
cat__record_id_layoff_02593,0.0
cat__record_id_layoff_02592,0.0
cat__record_id_layoff_02607,0.0
cat__record_id_layoff_02527,0.0
cat__record_id_layoff_02526,0.0
cat__record_id_layoff_02525,0.0
cat__record_id_layoff_02524,0.0
cat__record_id_layoff_02523,0.0
cat__record_id_layoff_02520,0.0
cat__record_id_layoff_02519,0.0
cat__record_id_layoff_02518,0.0
cat__record_id_layoff_02517,0.0
cat__record_id_layoff_02516,0.0
cat__record_id_layoff_02515,0.0
cat__record_id_layoff_02514,0.0
cat__record_id_layoff_02563,0.0
cat__record_id_layoff_02510,0.0
cat__record_id_layoff_02509,0.0
cat__record_id_layoff_02508,0.0
cat__record_id_layoff_02506,0.0
cat__record_id_layoff_02504,0.0
cat__record_id_layoff_02503,0.0
cat__record_id_layoff_02502,0.0
cat__record_id_layoff_02501,0.0
cat__record_id_layoff_02500,0.0
cat__record_id_layoff_02499,0.0
cat__record_id_layoff_02498,0.0
cat__record_id_layoff_02496,0.0
cat__record_id_layoff_02511,0.0
cat__record_id_layoff_02562,0.0
cat__record_id_layoff_02561,0.0
cat__record_id_layoff_02560,0.0
cat__record_id_layoff_02559,0.0
cat__record_id_layoff_02558,0.0
cat__record_id_layoff_02557,0.0
cat__record_id_layoff_02554,0.0
cat__record_id_layoff_02553,0.0
cat__record_id_layoff_02552,0.0
cat__record_id_layoff_02551,0.0
cat__record_id_layoff_02549,0.0
cat__record_id_layoff_02548,0.0
cat__record_id_layoff_02528,0.0
cat__record_id_layoff_02545,0.0
cat__record_id_layoff_02543,0.0
cat__record_id_layoff_02542,0.0
cat__record_id_layoff_02541,0.0
cat__record_id_layoff_02540,0.0
cat__record_id_layoff_02538,0.0
cat__record_id_layoff_02537,0.0
cat__record_id_layoff_02535,0.0
cat__record_id_layoff_02534,0.0
cat__record_id_layoff_02533,0.0
cat__record_id_layoff_02532,0.0
cat__record_id_layoff_02531,0.0
cat__record_id_layoff_02546,0.0
cat__record_id_layoff_02183,0.0
cat__record_id_layoff_02182,0.0
cat__record_id_layoff_02180,0.0
cat__record_id_layoff_02179,0.0
cat__record_id_layoff_02178,0.0
cat__record_id_layoff_02177,0.0
cat__record_id_layoff_02176,0.0
cat__record_id_layoff_02175,0.0
cat__record_id_layoff_02174,0.0
cat__record_id_layoff_02173,0.0
cat__record_id_layoff_02172,0.0
cat__record_id_layoff_02171,0.0
cat__record_id_layoff_02351,0.0
cat__record_id_layoff_02168,0.0
cat__record_id_layoff_02167,0.0
cat__record_id_layoff_02165,0.0
cat__record_id_layoff_02164,0.0
cat__record_id_layoff_02162,0.0
cat__record_id_layoff_02160,0.0
cat__record_id_layoff_02159,0.0
cat__record_id_layoff_02158,0.0
cat__record_id_layoff_02156,0.0
cat__record_id_layoff_02155,0.0
cat__record_id_layoff_02154,0.0
cat__record_id_layoff_02152,0.0
cat__record_id_layoff_02169,0.0
cat__record_id_layoff_02215,0.0
cat__record_id_layoff_02214,0.0
cat__record_id_layoff_02213,0.0
cat__record_id_layoff_02212,0.0
cat__record_id_layoff_02210,0.0
cat__record_id_layoff_02208,0.0
cat__record_id_layoff_02207,0.0
cat__record_id_layoff_02205,0.0
cat__record_id_layoff_02204,0.0
cat__record_id_layoff_02202,0.0
cat__record_id_layoff_02201,0.0
cat__record_id_layoff_02200,0.0
cat__record_id_layoff_02184,0.0
cat__record_id_layoff_02198,0.0
cat__record_id_layoff_02197,0.0
cat__record_id_layoff_02196,0.0
cat__record_id_layoff_02195,0.0
cat__record_id_layoff_02194,0.0
cat__record_id_layoff_02193,0.0
cat__record_id_layoff_02192,0.0
cat__record_id_layoff_02191,0.0
cat__record_id_layoff_02190,0.0
cat__record_id_layoff_02189,0.0
cat__record_id_layoff_02187,0.0
cat__record_id_layoff_02185,0.0
cat__record_id_layoff_02199,0.0
cat__record_id_layoff_02115,0.0
cat__record_id_layoff_02113,0.0
cat__record_id_layoff_02112,0.0
cat__record_id_layoff_02110,0.0
cat__record_id_layoff_02109,0.0
cat__record_id_layoff_02108,0.0
cat__record_id_layoff_02107,0.0
cat__record_id_layoff_02106,0.0
cat__record_id_layoff_02105,0.0
cat__record_id_layoff_02104,0.0
cat__record_id_layoff_02103,0.0
cat__record_id_layoff_02102,0.0
cat__record_id_layoff_02151,0.0
cat__record_id_layoff_02100,0.0
cat__record_id_layoff_02098,0.0
cat__record_id_layoff_02096,0.0
cat__record_id_layoff_02095,0.0
cat__record_id_layoff_02094,0.0
cat__record_id_layoff_02093,0.0
cat__record_id_layoff_02092,0.0
cat__record_id_layoff_02091,0.0
cat__record_id_layoff_02090,0.0
cat__record_id_layoff_02088,0.0
cat__record_id_layoff_02087,0.0
cat__record_id_layoff_02086,0.0
cat__record_id_layoff_02101,0.0
cat__record_id_layoff_02150,0.0
cat__record_id_layoff_02149,0.0
cat__record_id_layoff_02148,0.0
cat__record_id_layoff_02147,0.0
cat__record_id_layoff_02144,0.0
cat__record_id_layoff_02143,0.0
cat__record_id_layoff_02142,0.0
cat__record_id_layoff_02141,0.0
cat__record_id_layoff_02139,0.0
cat__record_id_layoff_02137,0.0
cat__record_id_layoff_02134,0.0
cat__record_id_layoff_02133,0.0
cat__record_id_layoff_02116,0.0
cat__record_id_layoff_02131,0.0
cat__record_id_layoff_02130,0.0
cat__record_id_layoff_02128,0.0
cat__record_id_layoff_02127,0.0
cat__record_id_layoff_02126,0.0
cat__record_id_layoff_02125,0.0
cat__record_id_layoff_02123,0.0
cat__record_id_layoff_02122,0.0
cat__record_id_layoff_02120,0.0
cat__record_id_layoff_02119,0.0
cat__record_id_layoff_02118,0.0
cat__record_id_layoff_02117,0.0
cat__record_id_layoff_02132,0.0
cat__record_id_layoff_02313,0.0
cat__record_id_layoff_02312,0.0
cat__record_id_layoff_02311,0.0
cat__record_id_layoff_02310,0.0
cat__record_id_layoff_02308,0.0
cat__record_id_layoff_02306,0.0
cat__record_id_layoff_02305,0.0
cat__record_id_layoff_02304,0.0
cat__record_id_layoff_02303,0.0
cat__record_id_layoff_02302,0.0
cat__record_id_layoff_02301,0.0
cat__record_id_layoff_02299,0.0
cat__record_id_layoff_02216,0.0
cat__record_id_layoff_02297,0.0
cat__record_id_layoff_02296,0.0
cat__record_id_layoff_02294,0.0
cat__record_id_layoff_02292,0.0
cat__record_id_layoff_02291,0.0
cat__record_id_layoff_02290,0.0
cat__record_id_layoff_02289,0.0
cat__record_id_layoff_02288,0.0
cat__record_id_layoff_02286,0.0
cat__record_id_layoff_02285,0.0
cat__record_id_layoff_02284,0.0
cat__record_id_layoff_02283,0.0
cat__record_id_layoff_02298,0.0
cat__record_id_layoff_02350,0.0
cat__record_id_layoff_02347,0.0
cat__record_id_layoff_02346,0.0
cat__record_id_layoff_02345,0.0
cat__record_id_layoff_02343,0.0
cat__record_id_layoff_02342,0.0
cat__record_id_layoff_02341,0.0
cat__record_id_layoff_02340,0.0
cat__record_id_layoff_02338,0.0
cat__record_id_layoff_02337,0.0
cat__record_id_layoff_02336,0.0
cat__record_id_layoff_02335,0.0
cat__record_id_layoff_02314,0.0
cat__record_id_layoff_02332,0.0
cat__record_id_layoff_02329,0.0
cat__record_id_layoff_02328,0.0
cat__record_id_layoff_02327,0.0
cat__record_id_layoff_02324,0.0
cat__record_id_layoff_02323,0.0
cat__record_id_layoff_02322,0.0
cat__record_id_layoff_02321,0.0
cat__record_id_layoff_02318,0.0
cat__record_id_layoff_02317,0.0
cat__record_id_layoff_02316,0.0
cat__record_id_layoff_02315,0.0
cat__record_id_layoff_02333,0.0
cat__record_id_layoff_02244,0.0
cat__record_id_layoff_02243,0.0
cat__record_id_layoff_02242,0.0
cat__record_id_layoff_02241,0.0
cat__record_id_layoff_02240,0.0
cat__record_id_layoff_02239,0.0
cat__record_id_layoff_02238,0.0
cat__record_id_layoff_02237,0.0
cat__record_id_layoff_02236,0.0
cat__record_id_layoff_02235,0.0
cat__record_id_layoff_02234,0.0
cat__record_id_layoff_02233,0.0
cat__record_id_layoff_02282,0.0
cat__record_id_layoff_02231,0.0
cat__record_id_layoff_02229,0.0
cat__record_id_layoff_02227,0.0
cat__record_id_layoff_02226,0.0
cat__record_id_layoff_02225,0.0
cat__record_id_layoff_02224,0.0
cat__record_id_layoff_02223,0.0
cat__record_id_layoff_02222,0.0
cat__record_id_layoff_02221,0.0
cat__record_id_layoff_02219,0.0
cat__record_id_layoff_02218,0.0
cat__record_id_layoff_02217,0.0
cat__record_id_layoff_02232,0.0
cat__record_id_layoff_02279,0.0
cat__record_id_layoff_02278,0.0
cat__record_id_layoff_02276,0.0
cat__record_id_layoff_02275,0.0
cat__record_id_layoff_02273,0.0
cat__record_id_layoff_02272,0.0
cat__record_id_layoff_02271,0.0
cat__record_id_layoff_02270,0.0
cat__record_id_layoff_02269,0.0
cat__record_id_layoff_02267,0.0
cat__record_id_layoff_02265,0.0
cat__record_id_layoff_02264,0.0
cat__record_id_layoff_02245,0.0
cat__record_id_layoff_02261,0.0
cat__record_id_layoff_02260,0.0
cat__record_id_layoff_02259,0.0
cat__record_id_layoff_02258,0.0
cat__record_id_layoff_02256,0.0
cat__record_id_layoff_02255,0.0
cat__record_id_layoff_02253,0.0
cat__record_id_layoff_02251,0.0
cat__record_id_layoff_02250,0.0
cat__record_id_layoff_02249,0.0
cat__record_id_layoff_02248,0.0
cat__record_id_layoff_02247,0.0
cat__record_id_layoff_02262,0.0
cat__record_id_layoff_02986,0.0
cat__record_id_layoff_02985,0.0
cat__record_id_layoff_02984,0.0
cat__record_id_layoff_02983,0.0
cat__record_id_layoff_02982,0.0
cat__record_id_layoff_02981,0.0
cat__record_id_layoff_02980,0.0
cat__record_id_layoff_02979,0.0
cat__record_id_layoff_02978,0.0
cat__record_id_layoff_02977,0.0
cat__record_id_layoff_02976,0.0
cat__record_id_layoff_02974,0.0
cat__record_id_layoff_02624,0.0
cat__record_id_layoff_02972,0.0
cat__record_id_layoff_02971,0.0
cat__record_id_layoff_02969,0.0
cat__record_id_layoff_02968,0.0
cat__record_id_layoff_02967,0.0
cat__record_id_layoff_02966,0.0
cat__record_id_layoff_02965,0.0
cat__record_id_layoff_02964,0.0
cat__record_id_layoff_02963,0.0
cat__record_id_layoff_02960,0.0
cat__record_id_layoff_02959,0.0
cat__record_id_layoff_02958,0.0
cat__record_id_layoff_02973,0.0
cat__record_id_layoff_03027,0.0
cat__record_id_layoff_03026,0.0
cat__record_id_layoff_03025,0.0
cat__record_id_layoff_03024,0.0
cat__record_id_layoff_03022,0.0
cat__record_id_layoff_03019,0.0
cat__record_id_layoff_03018,0.0
cat__record_id_layoff_03017,0.0
cat__record_id_layoff_03015,0.0
cat__record_id_layoff_03014,0.0
cat__record_id_layoff_03011,0.0
cat__record_id_layoff_03010,0.0
cat__record_id_layoff_02987,0.0
cat__record_id_layoff_03004,0.0
cat__record_id_layoff_03003,0.0
cat__record_id_layoff_03002,0.0
cat__record_id_layoff_02999,0.0
cat__record_id_layoff_02998,0.0
cat__record_id_layoff_02996,0.0
cat__record_id_layoff_02995,0.0
cat__record_id_layoff_02994,0.0
cat__record_id_layoff_02992,0.0
cat__record_id_layoff_02990,0.0
cat__record_id_layoff_02989,0.0
cat__record_id_layoff_02988,0.0
cat__record_id_layoff_03008,0.0
cat__record_id_layoff_02923,0.0
cat__record_id_layoff_02921,0.0
cat__record_id_layoff_02920,0.0
cat__record_id_layoff_02918,0.0
cat__record_id_layoff_02916,0.0
cat__record_id_layoff_02915,0.0
cat__record_id_layoff_02913,0.0
cat__record_id_layoff_02912,0.0
cat__record_id_layoff_02910,0.0
cat__record_id_layoff_02909,0.0
cat__record_id_layoff_02908,0.0
cat__record_id_layoff_02907,0.0
cat__record_id_layoff_02956,0.0
cat__record_id_layoff_02904,0.0
cat__record_id_layoff_02903,0.0
cat__record_id_layoff_02902,0.0
cat__record_id_layoff_02901,0.0
cat__record_id_layoff_02900,0.0
cat__record_id_layoff_02899,0.0
cat__record_id_layoff_02898,0.0
cat__record_id_layoff_02897,0.0
cat__record_id_layoff_02896,0.0
cat__record_id_layoff_02895,0.0
cat__record_id_layoff_02894,0.0
cat__record_id_layoff_02893,0.0
cat__record_id_layoff_02905,0.0
cat__record_id_layoff_02954,0.0
cat__record_id_layoff_02953,0.0
cat__record_id_layoff_02952,0.0
cat__record_id_layoff_02951,0.0
cat__record_id_layoff_02950,0.0
cat__record_id_layoff_02947,0.0
cat__record_id_layoff_02944,0.0
cat__record_id_layoff_02943,0.0
cat__record_id_layoff_02942,0.0
cat__record_id_layoff_02941,0.0
cat__record_id_layoff_02940,0.0
cat__record_id_layoff_02939,0.0
cat__record_id_layoff_02925,0.0
cat__record_id_layoff_02937,0.0
cat__record_id_layoff_02936,0.0
cat__record_id_layoff_02935,0.0
cat__record_id_layoff_02934,0.0
cat__record_id_layoff_02933,0.0
cat__record_id_layoff_02932,0.0
cat__record_id_layoff_02931,0.0
cat__record_id_layoff_02930,0.0
cat__record_id_layoff_02929,0.0
cat__record_id_layoff_02928,0.0
cat__record_id_layoff_02927,0.0
cat__record_id_layoff_02926,0.0
cat__record_id_layoff_02938,0.0
cat__record_id_layoff_03117,0.0
cat__record_id_layoff_03116,0.0
cat__record_id_layoff_03115,0.0
cat__record_id_layoff_03114,0.0
cat__record_id_layoff_03113,0.0
cat__record_id_layoff_03112,0.0
cat__record_id_layoff_03111,0.0
cat__record_id_layoff_03110,0.0
cat__record_id_layoff_03109,0.0
cat__record_id_layoff_03108,0.0
cat__record_id_layoff_03107,0.0
cat__record_id_layoff_03106,0.0
cat__record_id_layoff_03028,0.0
cat__record_id_layoff_03104,0.0
cat__record_id_layoff_03102,0.0
cat__record_id_layoff_03101,0.0
cat__record_id_layoff_03100,0.0
cat__record_id_layoff_03099,0.0
cat__record_id_layoff_03098,0.0
cat__record_id_layoff_03096,0.0
cat__record_id_layoff_03095,0.0
cat__record_id_layoff_03093,0.0
cat__record_id_layoff_03092,0.0
cat__record_id_layoff_03091,0.0
cat__record_id_layoff_03089,0.0
cat__record_id_layoff_03105,0.0
cat__record_id_layoff_03152,0.0
cat__record_id_layoff_03151,0.0
cat__record_id_layoff_03150,0.0
cat__record_id_layoff_03149,0.0
cat__record_id_layoff_03147,0.0
cat__record_id_layoff_03144,0.0
cat__record_id_layoff_03143,0.0
cat__record_id_layoff_03142,0.0
cat__record_id_layoff_03141,0.0
cat__record_id_layoff_03139,0.0
cat__record_id_layoff_03137,0.0
cat__record_id_layoff_03136,0.0
cat__record_id_layoff_03118,0.0
cat__record_id_layoff_03133,0.0
cat__record_id_layoff_03132,0.0
cat__record_id_layoff_03131,0.0
cat__record_id_layoff_03130,0.0
cat__record_id_layoff_03129,0.0
cat__record_id_layoff_03128,0.0
cat__record_id_layoff_03127,0.0
cat__record_id_layoff_03126,0.0
cat__record_id_layoff_03125,0.0
cat__record_id_layoff_03123,0.0
cat__record_id_layoff_03121,0.0
cat__record_id_layoff_03119,0.0
cat__record_id_layoff_03135,0.0
cat__record_id_layoff_03056,0.0
cat__record_id_layoff_03055,0.0
cat__record_id_layoff_03054,0.0
cat__record_id_layoff_03053,0.0
cat__record_id_layoff_03052,0.0
cat__record_id_layoff_03051,0.0
cat__record_id_layoff_03050,0.0
cat__record_id_layoff_03049,0.0
cat__record_id_layoff_03048,0.0
cat__record_id_layoff_03046,0.0
cat__record_id_layoff_03045,0.0
cat__record_id_layoff_03044,0.0
cat__record_id_layoff_03088,0.0
cat__record_id_layoff_03042,0.0
cat__record_id_layoff_03041,0.0
cat__record_id_layoff_03040,0.0
cat__record_id_layoff_03039,0.0
cat__record_id_layoff_03038,0.0
cat__record_id_layoff_03036,0.0
cat__record_id_layoff_03035,0.0
cat__record_id_layoff_03034,0.0
cat__record_id_layoff_03033,0.0
cat__record_id_layoff_03032,0.0
cat__record_id_layoff_03030,0.0
cat__record_id_layoff_03029,0.0
cat__record_id_layoff_03043,0.0
cat__record_id_layoff_03087,0.0
cat__record_id_layoff_03086,0.0
cat__record_id_layoff_03085,0.0
cat__record_id_layoff_03084,0.0
cat__record_id_layoff_03083,0.0
cat__record_id_layoff_03082,0.0
cat__record_id_layoff_03080,0.0
cat__record_id_layoff_03078,0.0
cat__record_id_layoff_03077,0.0
cat__record_id_layoff_03076,0.0
cat__record_id_layoff_03075,0.0
cat__record_id_layoff_03074,0.0
cat__record_id_layoff_03057,0.0
cat__record_id_layoff_03071,0.0
cat__record_id_layoff_03068,0.0
cat__record_id_layoff_03067,0.0
cat__record_id_layoff_03066,0.0
cat__record_id_layoff_03065,0.0
cat__record_id_layoff_03064,0.0
cat__record_id_layoff_03063,0.0
cat__record_id_layoff_03062,0.0
cat__record_id_layoff_03061,0.0
cat__record_id_layoff_03060,0.0
cat__record_id_layoff_03059,0.0
cat__record_id_layoff_03058,0.0
cat__record_id_layoff_03072,0.0
cat__record_id_layoff_02720,0.0
cat__record_id_layoff_02718,0.0
cat__record_id_layoff_02716,0.0
cat__record_id_layoff_02715,0.0
cat__record_id_layoff_02714,0.0
cat__record_id_layoff_02713,0.0
cat__record_id_layoff_02711,0.0
cat__record_id_layoff_02710,0.0
cat__record_id_layoff_02709,0.0
cat__record_id_layoff_02705,0.0
cat__record_id_layoff_02704,0.0
cat__record_id_layoff_02702,0.0
cat__record_id_layoff_02892,0.0
cat__record_id_layoff_02700,0.0
cat__record_id_layoff_02699,0.0
cat__record_id_layoff_02698,0.0
cat__record_id_layoff_02697,0.0
cat__record_id_layoff_02696,0.0
cat__record_id_layoff_02694,0.0
cat__record_id_layoff_02693,0.0
cat__record_id_layoff_02690,0.0
cat__record_id_layoff_02689,0.0
cat__record_id_layoff_02687,0.0
cat__record_id_layoff_02686,0.0
cat__record_id_layoff_02685,0.0
cat__record_id_layoff_02701,0.0
cat__record_id_layoff_02754,0.0
cat__record_id_layoff_02753,0.0
cat__record_id_layoff_02752,0.0
cat__record_id_layoff_02751,0.0
cat__record_id_layoff_02750,0.0
cat__record_id_layoff_02747,0.0
cat__record_id_layoff_02746,0.0
cat__record_id_layoff_02745,0.0
cat__record_id_layoff_02744,0.0
cat__record_id_layoff_02743,0.0
cat__record_id_layoff_02742,0.0
cat__record_id_layoff_02741,0.0
cat__record_id_layoff_02721,0.0
cat__record_id_layoff_02736,0.0
cat__record_id_layoff_02735,0.0
cat__record_id_layoff_02733,0.0
cat__record_id_layoff_02732,0.0
cat__record_id_layoff_02731,0.0
cat__record_id_layoff_02728,0.0
cat__record_id_layoff_02727,0.0
cat__record_id_layoff_02726,0.0
cat__record_id_layoff_02725,0.0
cat__record_id_layoff_02724,0.0
cat__record_id_layoff_02723,0.0
cat__record_id_layoff_02722,0.0
cat__record_id_layoff_02738,0.0
cat__record_id_layoff_02651,0.0
cat__record_id_layoff_02650,0.0
cat__record_id_layoff_02649,0.0
cat__record_id_layoff_02648,0.0
cat__record_id_layoff_02647,0.0
cat__record_id_layoff_02646,0.0
cat__record_id_layoff_02645,0.0
cat__record_id_layoff_02644,0.0
cat__record_id_layoff_02643,0.0
cat__record_id_layoff_02642,0.0
cat__record_id_layoff_02640,0.0
cat__record_id_layoff_02639,0.0
cat__record_id_layoff_02684,0.0
cat__record_id_layoff_02637,0.0
cat__record_id_layoff_02636,0.0
cat__record_id_layoff_02635,0.0
cat__record_id_layoff_02634,0.0
cat__record_id_layoff_02633,0.0
cat__record_id_layoff_02632,0.0
cat__record_id_layoff_02630,0.0
cat__record_id_layoff_02629,0.0
cat__record_id_layoff_02628,0.0
cat__record_id_layoff_02627,0.0
cat__record_id_layoff_02626,0.0
cat__record_id_layoff_02625,0.0
cat__record_id_layoff_02638,0.0
cat__record_id_layoff_02683,0.0
cat__record_id_layoff_02682,0.0
cat__record_id_layoff_02681,0.0
cat__record_id_layoff_02679,0.0
cat__record_id_layoff_02677,0.0
cat__record_id_layoff_02676,0.0
cat__record_id_layoff_02675,0.0
cat__record_id_layoff_02674,0.0
cat__record_id_layoff_02673,0.0
cat__record_id_layoff_02672,0.0
cat__record_id_layoff_02671,0.0
cat__record_id_layoff_02670,0.0
cat__record_id_layoff_02652,0.0
cat__record_id_layoff_02667,0.0
cat__record_id_layoff_02666,0.0
cat__record_id_layoff_02665,0.0
cat__record_id_layoff_02664,0.0
cat__record_id_layoff_02662,0.0
cat__record_id_layoff_02660,0.0
cat__record_id_layoff_02659,0.0
cat__record_id_layoff_02658,0.0
cat__record_id_layoff_02656,0.0
cat__record_id_layoff_02655,0.0
cat__record_id_layoff_02654,0.0
cat__record_id_layoff_02653,0.0
cat__record_id_layoff_02668,0.0
cat__record_id_layoff_02853,0.0
cat__record_id_layoff_02852,0.0
cat__record_id_layoff_02851,0.0
cat__record_id_layoff_02850,0.0
cat__record_id_layoff_02849,0.0
cat__record_id_layoff_02848,0.0
cat__record_id_layoff_02847,0.0
cat__record_id_layoff_02846,0.0
cat__record_id_layoff_02845,0.0
cat__record_id_layoff_02844,0.0
cat__record_id_layoff_02843,0.0
cat__record_id_layoff_02842,0.0
cat__record_id_layoff_02755,0.0
cat__record_id_layoff_02840,0.0
cat__record_id_layoff_02839,0.0
cat__record_id_layoff_02838,0.0
cat__record_id_layoff_02837,0.0
cat__record_id_layoff_02835,0.0
cat__record_id_layoff_02832,0.0
cat__record_id_layoff_02830,0.0
cat__record_id_layoff_02829,0.0
cat__record_id_layoff_02828,0.0
cat__record_id_layoff_02827,0.0
cat__record_id_layoff_02826,0.0
cat__record_id_layoff_02825,0.0
cat__record_id_layoff_02841,0.0
cat__record_id_layoff_02891,0.0
cat__record_id_layoff_02890,0.0
cat__record_id_layoff_02889,0.0
cat__record_id_layoff_02888,0.0
cat__record_id_layoff_02887,0.0
cat__record_id_layoff_02884,0.0
cat__record_id_layoff_02883,0.0
cat__record_id_layoff_02882,0.0
cat__record_id_layoff_02881,0.0
cat__record_id_layoff_02877,0.0
cat__record_id_layoff_02876,0.0
cat__record_id_layoff_02875,0.0
cat__record_id_layoff_02854,0.0
cat__record_id_layoff_02871,0.0
cat__record_id_layoff_02870,0.0
cat__record_id_layoff_02869,0.0
cat__record_id_layoff_02866,0.0
cat__record_id_layoff_02865,0.0
cat__record_id_layoff_02864,0.0
cat__record_id_layoff_02862,0.0
cat__record_id_layoff_02861,0.0
cat__record_id_layoff_02860,0.0
cat__record_id_layoff_02859,0.0
cat__record_id_layoff_02856,0.0
cat__record_id_layoff_02855,0.0
cat__record_id_layoff_02874,0.0
cat__record_id_layoff_02786,0.0
cat__record_id_layoff_02785,0.0
cat__record_id_layoff_02784,0.0
cat__record_id_layoff_02783,0.0
cat__record_id_layoff_02780,0.0
cat__record_id_layoff_02779,0.0
cat__record_id_layoff_02778,0.0
cat__record_id_layoff_02776,0.0
cat__record_id_layoff_02775,0.0
cat__record_id_layoff_02774,0.0
cat__record_id_layoff_02773,0.0
cat__record_id_layoff_02772,0.0
cat__record_id_layoff_02824,0.0
cat__record_id_layoff_02769,0.0
cat__record_id_layoff_02768,0.0
cat__record_id_layoff_02767,0.0
cat__record_id_layoff_02766,0.0
cat__record_id_layoff_02765,0.0
cat__record_id_layoff_02764,0.0
cat__record_id_layoff_02762,0.0
cat__record_id_layoff_02761,0.0
cat__record_id_layoff_02760,0.0
cat__record_id_layoff_02759,0.0
cat__record_id_layoff_02758,0.0
cat__record_id_layoff_02757,0.0
cat__record_id_layoff_02770,0.0
cat__record_id_layoff_02823,0.0
cat__record_id_layoff_02822,0.0
cat__record_id_layoff_02819,0.0
cat__record_id_layoff_02818,0.0
cat__record_id_layoff_02817,0.0
cat__record_id_layoff_02816,0.0
cat__record_id_layoff_02815,0.0
cat__record_id_layoff_02814,0.0
cat__record_id_layoff_02812,0.0
cat__record_id_layoff_02811,0.0
cat__record_id_layoff_02810,0.0
cat__record_id_layoff_02809,0.0
cat__record_id_layoff_02787,0.0
cat__record_id_layoff_02806,0.0
cat__record_id_layoff_02805,0.0
cat__record_id_layoff_02804,0.0
cat__record_id_layoff_02803,0.0
cat__record_id_layoff_02800,0.0
cat__record_id_layoff_02799,0.0
cat__record_id_layoff_02798,0.0
cat__record_id_layoff_02796,0.0
cat__record_id_layoff_02795,0.0
cat__record_id_layoff_02794,0.0
cat__record_id_layoff_02792,0.0
cat__record_id_layoff_02791,0.0
cat__record_id_layoff_02790,0.0
cat__record_id_layoff_02807,0.0
