Record ID, Company ,City,Country,Industry,Stage,Company Size (Before),Company Size (After),Total Laid Off,% Laid Off,Funds Raised ($M),Date,Date Added,Status ,Unnamed: 14
layoff_01916,Kaiyo, NEW YORK CITY,U.S.A.,Retail,Series B,397,633,54,100%,43,08-21-24,YYYY-00-DD 00:00:SS,Unknown,
layoff_00360,Trell,Bengaluru,India,Retail,,600,300,300,50%,62,"March 15, 2022",2022-05-07,,
layoff_02462,Flowhub,Dever,Unknown,Cannabis,Unknown,700,,25,15,974,09-Sep-2022,09-09-22,Private,
layoff_01425, trigo,Tel Aviv,Israel,Retail,Series C,200,170,30,15,199,04-Jan-2024,YYYY-00-DD 00:00:SS,Unknown,
layoff_03829,New Relic,,United States,INFRASTRUCTURE,Post-IPO,2550,30,255,10%,,27-Jun-2023,"June 27, 2023",Unknown,
layoff_00608,Latch,New York City,United States,Security,Post-IPO,311,,115,37,342,02-Aug-2022,YYYY-00-DD 00:00:SS,Unknown,
layoff_04128,Ezoic,San Diego,U.S.,Infrastructure,Series A,1200,,10,100,39,2023-02-28,07/21/2023,Unknown,
layoff_02362,shopify,Ottawa,Canada,E-commerce, unknown ,990,234,99,10,8100,11-25-25,25-Nov-2025,Unknown,
layoff_01831,Ginkgo Bioworks,Boston,United States,Healthcare,,1143,743,400,35%,100,06-24-24,YYYY-00-DD 00:00:SS,Unknown,
layoff_01169, Koo  ,Bengaluru,India,Consumer,Series B,260,182,78,30,50,"April 20, 2023",YYYY-00-DD 00:00:SS,Unknown,
layoff_04673,Twitter,SF Bay Area,United States,Consumer,Post-IPO,7400,1074,3700,,12900,"November 04, 2022",YYYY-00-DD 00:00:SS,Unknown,
layoff_04208,Quillt,St. Louis,United States,Media,Unknown,25,,600,6,696,02/09/2023,YYYY-00-DD 00:00:SS,Unknown,
layoff_05419,Bullhorn,Boston,United States,,Acquired,100000,3880,100,12,32,2020-04-30,YYYY-00-DD 00:00:SS,Unknown,
layoff_02494,Rhino,New York,Unknown,"PropTech, InsurTech",Unknown,285,18333,57,20,389,03-Feb-2022,02-03-22,,
layoff_01755,  phoenix labs  ,Vancouver,Canada,Gaming,Unknown,400,91,100,,261,05/16/2024,YYYY-00-DD 00:00:SS,Unknown,
layoff_04302,IBM,New York City,United States,Hardware,Post-IPO,195000,114000,3900,2,,01-25-23,YYYY-00-DD 00:00:SS,Unknown,
layoff_03548,Made Renovation,SF Bay Area,U.S.A., construction,Seed,59,1820,180,100,9,2023-10-18,YYYY-00-DD 00:00:SS,Unknown,
layoff_03947,Microsoft,Seattle,United States,Other,,40,748,158,25,1,05-10-23,YYYY-00-DD 00:00:SS,Unknown,
layoff_03511,Ava Labs,New York City,us,Crypto,Unknown,1375,83,2000,12,640,2023-11-06,2023-11-07,Unknown,
layoff_02127,  commercetools ,Munich,Germany,Retail,Series C,395,450,216,10,119,"February 26, 2025",YYYY-00-DD 00:00:SS,Unknown,
layoff_03097,Salesforce,Seattle,United States,Sales,,70,1063,93,9,65,09-03-25,"September 08, 2025",Unknown,
layoff_03538,Pebble,  SF Bay Area ,United States,,Seed,1500,73615,57,100,1,10/24/2023,YYYY-00-DD 00:00:SS,Unknown,
layoff_01986,Kyte,San Francisco,United States, Transportation ,Unknown,1500,1063,23,40,548,"October 25, 2024",YYYY-00-DD 00:00:SS,Unknown,
layoff_03853,Nikola,Phoenix,USA,Transportation,,200,280,,40%,3300,16-Jun-2023,06-17-23,Unknown,
layoff_01065,Twilio,San Francisco,United States,Other, Post-IPO  ,8824,7324,1500,17%,,02-13-23,YYYY-00-DD 00:00:SS,,
layoff_00473,Wealthsimple,Toronto,,Finance,Unknown,1223,1064,159,13,900,15-Jun-2022,YYYY-00-DD 00:00:SS,Unknown,
layoff_03216,Cloud Software Group,SF Bay Area,U.S.A.,Other,Unknown,13,87,500,31,604,01-07-25,YYYY-00-DD 00:00:SS,Unknown,
layoff_05213,Wish,SF Bay Area,us,Retail,Post-IPO,1267,333,190,15,1600,01-Mar-2022,2022-05-14,Unknown,
layoff_04175,Betterment,New York City,United States of America,  finance  ,Series F,1118,874,28,,435,02-15-23,YYYY-00-DD 00:00:SS,Unknown,
layoff_01903,Formlabs,Boston,U.S.A.,, SERIES E,8000,85000,100,2%,254,15-Aug-2024,YYYY-00-DD 00:00:SS,Unknown,
layoff_05626,Rangle,,Canada,Product,UNKNOWN  ,260,54,,,469,2020-03-25,03/28/2020,,
layoff_01619,Tonik,,Singapore,Finance,Series B,303,1567,33,6,175,01-Mar-2024,YYYY-00-DD 00:00:SS,Unknown,
layoff_03479,Buildertrend,Omaha,United States,Construction,,2434,,13,16,200,17-Nov-2023,YYYY-00-DD 00:00:SS,Unknown,
layoff_04983,  lyft ,SF Bay Area,United States,Transportation,Post-IPO,3000,5700,60,2%,,2022-07-20,YYYY-00-DD 00:00:SS,Unknown,
layoff_05355,Brex,SF Bay Area,us,Finance,Series C,413,,62,15,732,05-29-20,YYYY-00-DD 00:00:SS,Unknown,
layoff_01345,Synapse,San Francisco,United States,Finance,,215,129,86,40,50,"October 02, 2023",YYYY-00-DD 00:00:SS,Unknown,
layoff_04781, zenjob ,Berlin,Germany,HR,Series D,157,149,130,15,107,2022-09-29,YYYY-00-DD 00:00:SS,Unknown,
layoff_04341,Proterra,SF Bay Area,United States,Transportation,Post-IPO,882,675,300,15,1200,01-19-23,YYYY-00-DD 00:00:SS,Unknown,
layoff_00109,ezCater,,United States,Food,Series D,909,509,400,44,319,07-Apr-2020,YYYY-00-DD 00:00:SS,Unknown,
layoff_04571,Ledn,Toronto,Canada,Crypto,Series B,333,171,75,100%,103,2022-11-28,19-Dec-2022,Unknown,
layoff_02868,Intuit,SF Bay Area,United States,Finance,Post-IPO,17647,111,3000,17,18,05/20/2026,YYYY-00-DD 00:00:SS,Unknown,
layoff_01713,Yuga Labs, coral gables  ,United States,Software Development, unknown ,20,190000,65,40,45,"April 26, 2024","April 26, 2024",Unknown,
layoff_02630,Metaplex,Chicago,United States,Cryptocurrency,  unknown  ,42,312,33,,7,"November 18, 2022",2022-11-20,Private,
layoff_05579,Incredible Health,SF Bay Area,United States,,Series A,22,14,9,40,15,"April 01, 2020",YYYY-00-DD 00:00:SS,Unknown,
layoff_00967,8x8,Campbell,United States,Support,Post-IPO,2214,2059,155,,253,2023-01-18,YYYY-00-DD 00:00:SS,Unknown,
layoff_00508,UiPath,New York City,U.S.,Data,Post-IPO,4200,3990,210,5,2000,2022-06-27,YYYY-00-DD 00:00:SS,Unknown,
layoff_01034,Okta,,United States,Security,Post-IPO,6000,5700,300,,1200,2023-02-02,YYYY-00-DD 00:00:SS,Unknown,
layoff_01212,Stash,New York City,United States,,Unknown,400,360,40,,480,05-17-23,YYYY-00-DD 00:00:SS,Unknown,
layoff_04491,Freshly,Phoenix,United States,Food,Acquired,95,167,329,,107,12-Dec-2022,12-14-22,Unknown,
layoff_01978,CapWay,ATLANTA ,, finance  ,Unknown,104,,50,100,220,17-Oct-2024,YYYY-00-DD 00:00:SS,Unknown,
layoff_01635, Phantom Auto,San Francisco,United States,Transportation,Unknown,100,0,100,100,86,03-12-24,YYYY-00-DD 00:00:SS,Unknown,
layoff_05294,Lumina Networks,SF Bay Area,United States,  infrastructure ,Series A,100,268,33,100,10,2020-08-18,2020-08-20,Unknown,
layoff_05055,HomeLight,SF Bay Area,United States,Real Estate,Series D,53,,201,,743,06/29/2022,YYYY-00-DD 00:00:SS,Unknown,
layoff_02155,Canva,Sydney,Australia,Consumer,,5438,900,10,20,2500,"March 31, 2025",YYYY-00-DD 00:00:SS,Unknown,
layoff_02580,Arc,Mountain View,N/A,HR Tech,Unknown,313,423,13,20,130,07/20/2022,07-20-22,Private,
layoff_01188,Brightcove,Boston ,USA,Marketing,Post-IPO,700,630,70,10,145,05-03-23,YYYY-00-DD 00:00:SS,Unknown,
layoff_02553,Protocol Media,San Francisco,Unknown,"News, media",Unknown,60,480,60,100%,245,"November 15, 2022",YYYY-00-DD 00:00:SS,Private,
layoff_01182,Tickertape,Bengaluru,India,Finance,Seed,100,71,29,29%,5,04/27/2023,YYYY-00-DD 00:00:SS,Unknown,
layoff_03728,Archipelago,SF Bay Area,us,Real Estate,Series B,133,296,40,30,57,2023-08-01,YYYY-00-DD 00:00:SS,Unknown,
layoff_01951,Healthy.io,Tel Aviv,Israel,Healthcare,Series D,133,93,40,30,185,"September 22, 2024",09/24/2024,Unknown,
layoff_05013,Microsoft,Seattle,United States,Other,Post-IPO,8824,810,102,35,1,2022-07-12,YYYY-00-DD 00:00:SS,Unknown,
layoff_04845,Viamo,Accra,Ghana,  OTHER ,Unknown,667,1475,20,10,54,"August 31, 2022",21-Dec-2022,Unknown,
layoff_05644,Ladder Life,SF Bay Area,United States,Finance,Series C,52,68,13,25,94,"March 23, 2020",YYYY-00-DD 00:00:SS,Unknown,
layoff_01448,Treasure Financial,San Francisco,us,Finance,Series A,23,,14,60,14,2024-01-09,01-09-24,Unknown,
layoff_03104,Rec Room,Seattle,United States,Consumer,,1550,2,141,,294,08/27/2025,30-Aug-2025,Unknown,
layoff_01446,Nevro,Redwood City,United States of America,,Post-IPO,1260,1197,63,5%,556,01-09-24,YYYY-00-DD 00:00:SS,Unknown,
layoff_05176,  DIVVYDOSE  ,Davenport,United States of America,Healthcare,Acquired,500,405,62,,29,2022-05-06,YYYY-00-DD 00:00:SS,Unknown,
layoff_03285,Submittable,Missoula,United States,Other,Unknown,144,940,40,,115,2024-08-08,10-17-24,Unknown,
layoff_03227,SolarEdge,,Israel,ENERGY ,,4167,368,500,12,155,27-Nov-2024,YYYY-00-DD 00:00:SS,Unknown,
layoff_03834,Loopio,TORONTO ,Canada,Sales,Private Equity,953,6120,140,9,263,"June 27, 2023",YYYY-00-DD 00:00:SS,Unknown,
layoff_01727,Cabify,Madrid,Spain,Transportation,Unknown,4000,341,29,10,601,05-02-24,YYYY-00-DD 00:00:SS,Unknown,
layoff_02333,Rockstar Games,New York City,United States,Computer Games,Unknown,50,3200,35,20,5100,11/01/2025,YYYY-00-DD 00:00:SS,Unknown,
layoff_04104,Ankorstore,Paris,France,Retail, Series C,217,279,40,,365,2023-03-06,YYYY-00-DD 00:00:SS,Unknown,
layoff_00639,Marketforce,  NAIROBI  ,Kenya,Retail,Series A,600,546,54,9,,08/11/2022,YYYY-00-DD 00:00:SS,Unknown,
layoff_03418,SoFi,SF Bay Area,United States,Finance,Post-IPO,150,397,120,4%,3000,01-10-24,2024-01-12,Unknown,
layoff_01154,Permutive,London,United Kingdom,Marketing,,200,120,80,40%,105,04-11-23,YYYY-00-DD 00:00:SS,Unknown,
layoff_00307,Optimizely,San Francisco,United States,Marketing,Series D,400,340,60,15,251,"July 15, 2020",YYYY-00-DD 00:00:SS,Unknown,
layoff_00265,Glitch, New York City,us,Product,Series A,50,32,18,36,30,21-May-2020,05-22-20,Unknown,
layoff_04760,Landing,Birmingham,United States,Real Estate,Series C,333,,110,25%,347,06-Oct-2022,07-Oct-2022,Unknown,
layoff_01250,Mojocare,Bengaluru,India,Healthcare,Series A,213,,170,80,24,17-Jun-2023,YYYY-00-DD 00:00:SS,Unknown,
layoff_01032,Highspot,Seattle,United States,Sales,Series F,1000,900,100,10%,644,02-Feb-2023,02/03/2023,Unknown,
layoff_05168,Olist,Curitiba,Brazil,Retail,Series E,3000,131,87,17,322,23-May-2022,"May 25, 2022",Unknown,
layoff_01698,Stability AI,London,United Kingdom,AI,Unknown,200,180,20,10,174,04/18/2024,YYYY-00-DD 00:00:SS,Unknown,
layoff_01162,Ynsect,  Paris  ,France,  Food,Series D,68,51,17,25%,579,2023-04-17,YYYY-00-DD 00:00:SS,Unknown,
layoff_00964,Lightspeed Company,Montreal,Canada,retail,Post-IPO,3000,2700,300,,102,17-Jan-2023,YYYY-00-DD 00:00:SS,Unknown,
layoff_02978,C3.ai,SF Bay Area,U.S.A.,  AI ,Series F,1077,48,280,26,228,25-Feb-2026,YYYY-00-DD 00:00:SS,Unknown,
layoff_02977,eBay,SF Bay Area,Israel,Retail,Post-IPO,13333,1422,800,6,1200,02-26-26,YYYY-00-DD 00:00:SS,Unknown,
layoff_02465,CITRIX SYSTEMS ,"Fort Lauderdale, FL",Unknown,"Security, SaaS ",Unknown,2000,207,120,,98,"January 10, 2023",YYYY-00-DD 00:00:SS,,
layoff_03309,Satellogic,Montevideo,Uruguay,Aerospace,Post-IPO,233,0,70,30,424,"June 14, 2024",YYYY-00-DD 00:00:SS,Unknown,
layoff_03851,Panther,Tampa Bay,USA,HR,Seed,600,700,47,100,2,06-19-23,YYYY-00-DD 00:00:SS,Unknown,
layoff_02872, DUNE ,Oslo,Norway,Crypto,Series B,671,80,100,25,79,"May 14, 2026",YYYY-00-DD 00:00:SS,Unknown,
layoff_02506,Cedar,New York,,Health Care,Unknown,2812,96,450,24,,"July 07, 2022",YYYY-00-DD 00:00:SS,Private,
layoff_00857,Thread,London,United Kingdom,Retail,  Acquired ,60,30,30,50,40,2022-11-30,YYYY-00-DD 00:00:SS,Unknown,
layoff_01773,Take-Two Interactive, New York City  ,,,  Unknown  ,400,360,70,10,,2024-05-29,05/29/2024,,
layoff_02424,Aqua Security,"Burlington, MA",Unknown,"SecOps, security",Unknown,650,135,65,10,104,05-Dec-2022,YYYY-00-DD 00:00:SS,Private,
layoff_01941,Microsoft, SEATTLE ,U.S.A.,Other,Post-IPO,2635,42,650,4,1,12-Sep-2024,YYYY-00-DD 00:00:SS,Unknown,
layoff_00949,Tipalti,Agoura Hills,U.S.,Finance,series f  ,1118,995,123,,565,01/11/2023,2023-01-11,Unknown,
layoff_04073,Laybuy,Auckland,New Zealand,Finance,Post-IPO,1500,,53,10,130,21-Mar-2023,YYYY-00-DD 00:00:SS,Unknown,
layoff_04175,Betterment,New York City,United States of America,  finance  ,Series F,1118,874,28,,435,02-15-23,YYYY-00-DD 00:00:SS,Unknown,
layoff_01532,CircleCI,San Francisco,United States,  PRODUCT ,Series F,833,,100,20,315,2024-01-31,YYYY-00-DD 00:00:SS,Unknown,
layoff_03108,Cisco,SF Bay Area,U.S.,Infrastructure,Post-IPO,80000,228,221,96%,2,08-19-25,YYYY-00-DD 00:00:SS,Unknown,
layoff_04674,Udaan,Bengaluru,India,Retail,Unknown,1500,198,350,6,1500,11/04/2022,YYYY-00-DD 00:00:SS,Unknown,
layoff_02249,PlaxidityX,Ramat Gan,Israel,Vehicle Cybersecurity,Unknown,933,320,65,8,30,"July 23, 2025",YYYY-00-DD 00:00:SS,Unknown,
layoff_00565,Kiavi,San Francisco,United States,Real Estate,Series E,557,518,39,,240,07-14-22,YYYY-00-DD 00:00:SS,Unknown,
layoff_04486,Landing,Birmingham,United States,Real Estate,Series C,290,,40,,347,12-14-22,YYYY-00-DD 00:00:SS,Unknown,
layoff_02367,Covalen,Dublin,Ireland,Outsourcing and Offshoring Consulting,Unknown,1917,,400,30,54,11/28/2025,YYYY-00-DD 00:00:SS,Unknown,
layoff_00277,CROWDSTREET  ,Portland,United States,Real Estate,Series C,109,85,24,22,24,06/01/2020,YYYY-00-DD 00:00:SS,Unknown,
layoff_04886,Anywell,Tel Aviv,Israel,Real Estate,Series A,4100,400,11,,,08/14/2022,YYYY-00-DD 00:00:SS,Unknown,
layoff_03503,AMAZON  ,Seattle,United States,Retail,Post-IPO,267,2700,255,,108,2023-11-08,YYYY-00-DD 00:00:SS,Unknown,
layoff_02314,Texas Instruments,Dallas,United States,,Unknown,35000,33600,163,4,1200,"October 02, 2025",YYYY-00-DD 00:00:SS,Unknown,
layoff_05520,Creditas,Sao Paulo,Brazil, FINANCE ,  SERIES D,1550,182,24,,314,08-Apr-2020,YYYY-00-DD 00:00:SS,Unknown,
layoff_05161,PeerStreet,LOS ANGELES  ,United States,Finance,Series C,258,99,75,9,121,05-25-22,YYYY-00-DD 00:00:SS,Unknown,
layoff_05648,PEEK,Salt Lake City,U.S.A.,Travel,Series B,173,0,45,23,39,20-Mar-2020,YYYY-00-DD 00:00:SS,Unknown,
layoff_02637,Clever Real Estate,St. Louis,United States of America,PropTech,Series B,1400,43200,,32%,13,19-Oct-2022,YYYY-00-DD 00:00:SS,Private,
layoff_02141,TikTok,Dublin,United States of America,Consumer,  acquired  ,3000,63615,300,100,1700,2025-03-06,YYYY-00-DD 00:00:SS,Unknown,
layoff_05251,Postmates,,U.S.,Food,Acquired,1200,121,180,15,763,23-Jan-2021,YYYY-00-DD 00:00:SS,Unknown,
layoff_04449,Stitch Fix,SF Bay Area,U.S.A.,Retail,Post-IPO,168,60,78,20,79,"January 05, 2023",YYYY-00-DD 00:00:SS,Unknown,
layoff_05173,Zwift,Los Angeles,United States,Fitness,Series C,749,4200,150,15,,05/12/2022,2022-05-12,Unknown,
layoff_02646,realtor.com,"Santa Clara, CA",Unknown,Proptech,Unknown,1875,830,180,,11,2022-09-08,YYYY-00-DD 00:00:SS,Private,
layoff_02535,Fabric,New York,Unknown,"E-commerce, Logistics",Unknown,300,260,120,,124,07/13/2022,07/13/2022,Private,
layoff_05456,Patreon,SF Bay Area,U.S.,Media,Series D,231,397,30,13,165,04/21/2020,21-Apr-2020,Unknown,
layoff_01932,Fly.io,Chicago,United States of America,Infrastructure,Series C,85000,2090,40,,110,2024-09-04,2024-09-11,,
layoff_02498,OpenSea,,-,"Crypto, NFT marketplace",Unknown,285,4410,168,20,514,"July 14, 2022",YYYY-00-DD 00:00:SS,Private,
layoff_04114,Ambev Tech,Blumenau,Brazil,Food,Acquired,2667,3900,50,,1,03-02-23,03/04/2023,Unknown,
layoff_02376, payoneer,  New York City ,United States, finance,Post-IPO,1000,940,60,6,3700,"December 08, 2025",08-Dec-2025,Unknown,
layoff_00345,Delivery Hero,Berlin,Germany,Food,Post-IPO,4300,4000,300,7,8300,2021-12-22,YYYY-00-DD 00:00:SS,Unknown,
layoff_00289,Branch,New York City,U.S.A.,Retail,Seed,11,,3,27,2,2020-06-11,YYYY-00-DD 00:00:SS,Unknown,
layoff_00012,Ladder Life,Palo Alto,United States of America,Finance,Series C,52,39,,,94,03/23/2020,03-23-20,Unknown,
layoff_01131,AEye,San Francisco,United States,Transportation,,139,93,,33,314,03-28-23,YYYY-00-DD 00:00:SS,,
layoff_04702,Help Scout,Boston,United States,Support,Series B,4500,684,100,0%,28,"November 01, 2022",YYYY-00-DD 00:00:SS,Unknown,
layoff_04238,Mindstrong,SF Bay Area,,Healthcare,Series C,250,1150,127,15,160,02-Feb-2023,2023-02-03,Unknown,
layoff_02153,Prefect,Washington DC,United States, DATA,,3750,810,20,1%,47,03-25-25,03/25/2025,Unknown,
layoff_01849,opentext,Waterloo,Canada,Data,Post-IPO,60000,58800,1200,2,1,07/03/2024,YYYY-00-DD 00:00:SS,Unknown,
layoff_04105,No Fluff Jobs,Gydnia,Poland,,Acquired,160,,13,100%,59,2023-03-04,04/03/2023,Unknown,
layoff_02456, VERILY ,San Francisco,n/a,"health care, data collection",Unknown,1667,142,250,15,447,01/11/2023,YYYY-00-DD 00:00:SS,Private,
layoff_02339,Indeed,Austin,United States of America,  recruiting platform,  UNKNOWN ,567,1727,57,,301,11-06-25,YYYY-00-DD 00:00:SS,Unknown,
layoff_02559, GloriFi ,Dallas,U.S.A.,Fintech,Unknown,6250,1416,400,100%,301,11/21/2022,25-Nov-2022,Private,
layoff_01336,7shifts,Saskatoon,Canada,,Series C,429,399,30,7,131,15-Sep-2023,YYYY-00-DD 00:00:SS,Unknown,
layoff_00327,Knotel, New York City,United States,Real Estate,,250,230,20,8,,10/29/2020,03-Nov-2020,Unknown,
layoff_03889,Bunnii,New York City,us, Healthcare  ,,723,323,200,100,183,06-06-23,YYYY-00-DD 00:00:SS,Unknown,
layoff_05179, ON DECK,SF Bay Area,United States,Education,Series A,288,2813,72,25,20,2022-05-05,05/05/2022,,
layoff_03379,CodeSee,SF Bay Area,United States,Data,Seed,394,4800,1200,100,10,15-Feb-2024,YYYY-00-DD 00:00:SS,Unknown,
layoff_01765,  Silo,San Francisco,United States,Food,Series C,435,206,134,30,272,05-22-24,2024-05-22,Unknown,
layoff_04247, NCSOFT  ,Seoul,South Korea,Consumer,Post-IPO,1143,0,500,20,240,02-Feb-2023,YYYY-00-DD 00:00:SS,Unknown,
layoff_03355,Yummly,,United States,Food,Acquired,909,,100,100,24,2024-04-03,03-Apr-2024,Unknown,
layoff_03080,Tia,New York City,United States,HEALTHCARE,Series B,450,300,80,23,133,17-Oct-2025,"October 25, 2025",Unknown,
layoff_05202,Workrise,Austin,us,Energy,Series E,515,2441,450,20,752,05-Apr-2022,YYYY-00-DD 00:00:SS,Unknown,
layoff_00247,Cruise,San Francisco  ,United States,Transportation,Acquired,1875,1725,150,8,5300,2020-05-14,05/14/2020,Unknown,
layoff_01259,Plex,  CAMPBELL ,United States,Media ,Unknown,185,148,37,20,81,2023-06-28,YYYY-00-DD 00:00:SS,Unknown,
layoff_04540,FNZ,  LONDON ,United Kingdom,Finance,  Private Equity  ,1600,117,100,19,3500,"December 02, 2022",YYYY-00-DD 00:00:SS,Unknown,
layoff_05411,Trivago,Dusseldorf,Germany,Travel,Acquired,591,6233,80,42,55,05/04/2020,YYYY-00-DD 00:00:SS,,
layoff_00698,Ada,Toronto,Canada,Support,Series C,488,410,78,16,190,20-Sep-2022,YYYY-00-DD 00:00:SS,Unknown,
layoff_04473,Health IQ,SF Bay Area,United States,Healthcare,Series D,571,93,170,33,,12/19/2022,YYYY-00-DD 00:00:SS,Unknown,
layoff_01977,  Meta,Menlo Park,us,Consumer,Post-IPO,8000,23,100,,,10/16/2024,"October 16, 2024",Unknown,
layoff_04112,Zscaler, sf bay area,United States,Security,Post-IPO,5900,585,177,3%,148,"March 02, 2023",YYYY-00-DD 00:00:SS,Unknown,
layoff_05008, papa ,Miami ,United States,  Other,Series D,150,97000,527,15%,,07/13/2022,2022-07-13,Unknown,
layoff_03468,Bytedance,Shanghai,China,Consumer,Unknown,1000,1074,1000,17,9400,"November 27, 2023",11-27-23,Unknown,
layoff_03255,Toptal, SF BAY AREA,us,,Unknown,354,19998,46,100,52,"October 10, 2024",10-10-24,Unknown,
layoff_03736, kape ,London,United Kingdom,Security,Post-IPO,625,456,180,20,188,07-28-23,YYYY-00-DD 00:00:SS,Unknown,
layoff_03963,Zymergen,SF Bay Area,United States, other,Acquired,60,200,27,21,974,05-03-23,05/05/2023,Unknown,
layoff_05402,OPay,Lagos,Nigeria,Finance,Series B,28571,81,26,,,06-May-2020,YYYY-00-DD 00:00:SS,Unknown,
layoff_05489,The RealReal,SF Bay Area,USA,Retail,Post-IPO,2350,0,235,10,358,2020-04-14,YYYY-00-DD 00:00:SS,Unknown,
layoff_05414,Sandbox VR,  SF Bay Area,United States,Consumer,,100,1140,80,80,82,05/01/2020,YYYY-00-DD 00:00:SS,Unknown,
layoff_05133,Superhuman,SF Bay Area,United States,Consumer,Series C,105,1230,23,22,108,03-Jun-2022,YYYY-00-DD 00:00:SS,Unknown,
layoff_05632,  Clutter ,  los angeles ,USA, consumer  ,Series D,1667,20,325,30%,296,2020-03-25,YYYY-00-DD 00:00:SS,Unknown,
layoff_04031,Checkout.com,London,United Kingdom,Finance, Series D  ,170,390,156,15,1800,04/03/2023,YYYY-00-DD 00:00:SS,Unknown,
layoff_00957,BharatAgri,,India,Food,Series A,93,53,40,43%,21,01/15/2023,YYYY-00-DD 00:00:SS,Unknown,
layoff_02922, GOCARDLESS  ,,United Kingdom,Finance,Series G,775,1860,90,20%,529,04-14-26,YYYY-00-DD 00:00:SS,,
layoff_04317,corvus insurance ,Boston,United States of America,Finance,Series C,600,58,170,14%,160,2023-01-24,YYYY-00-DD 00:00:SS,Unknown,
layoff_04979,Smarsh,Portland,U.S.,Other,  Private Equity  ,200000,0,420,100,111,07-21-22,"July 30, 2022",Unknown,
layoff_05107,Studio,SF Bay Area,United States,Education,SERIES B,82,879,33,40,50,13-Jun-2022,14-Jun-2022,Unknown,
layoff_01956,Moov,Cedar Falls,us,Finance,Series B,782,459,50,13%,77,"September 25, 2024",YYYY-00-DD 00:00:SS,Unknown,
layoff_01127,Glassdoor,San Francisco,United States,HR,,933,793,140,15,204,03-22-23,YYYY-00-DD 00:00:SS,Unknown,
layoff_03332,Enovix,SF Bay Area,United States,Energy ,  post-ipo  ,515,376,170,33%,516,05-06-24,05-07-24,Unknown,
layoff_02447,Udacity,"Mountain View, CA",unknown,"edtech, artificial intelligence",,423,2080,55,13,145,10-11-22,YYYY-00-DD 00:00:SS,Private,
layoff_05630,Element Analytics,SF Bay Area,United States of America,Data,Series A,1429,304,10,,22,03-25-20,YYYY-00-DD 00:00:SS,Unknown,
layoff_04835,  innovaccer , sf bay area  ,United States, HEALTHCARE ,Series E,1125,574,90,8%,379,2022-09-01,YYYY-00-DD 00:00:SS,,
layoff_01142,View,Mountain View,United States,  other,Post-IPO,739,569,170,23,2300,2023-04-03,04-03-23,Unknown,
layoff_03526,Bungie,Seattle,United States,Consumer,Acquired,1250,983,100,8,100,10-30-23,06/27/2026,Unknown,
layoff_01303,23andMe,San Francisco,United States,Healthcare,Post-IPO,645,574,71,11,1100,"August 08, 2023",YYYY-00-DD 00:00:SS,Unknown,
layoff_00477,Finite State,Columbus,United States,Security,  Series B,80,64,16,20,49,"June 17, 2022",YYYY-00-DD 00:00:SS,Private,
layoff_01192,Upwork,San Francisco,United States,Other,Post-IPO,913,,137,15,168,05-03-23,YYYY-00-DD 00:00:SS,Unknown,
layoff_00668,Hippo Insurance,Palo Alto,U.S.,Finance,Post-IPO,700,630,70,10,1300,31-Aug-2022,YYYY-00-DD 00:00:SS,Unknown,
layoff_02883,ZoomInfo,Portland,United States,Sales,Post-IPO,3000,60,600,20,7,05/10/2026,YYYY-00-DD 00:00:SS,Unknown,
layoff_04358,Addepar, SF BAY AREA,USA,,Series F,667,293,20,3,491,"January 18, 2023",01-18-23,Unknown,
layoff_04343,Hubilo,SF Bay Area  ,United States,Other,Series B,329,,115,,153,01-19-23,YYYY-00-DD 00:00:SS,Unknown,
layoff_02521,Snappy,New York,Unknown,"social impact, company benefits",,333,891,100,30,22,13-Jan-2023,YYYY-00-DD 00:00:SS,Private,
layoff_03919,Qualcomm,Haifa,Israel,Hardware,Post-IPO,20000,43200,30,14%,230,05/23/2023,YYYY-00-DD 00:00:SS,Unknown,
layoff_03664,Captiv8,SF Bay Area,U.S.,Marketing,Unknown,267,170,8,3,4,24-Aug-2023,YYYY-00-DD 00:00:SS,Unknown,
layoff_02192,Match Group,New York City,United States,Consumer,Post-IPO,2500,2175,325,13,101,"May 08, 2025",YYYY-00-DD 00:00:SS,,
layoff_05060,Booktopia,Sydney,Australia,Retail,Series A,55,467,50,100,23,2022-06-28,YYYY-00-DD 00:00:SS,Unknown,
layoff_03696,Babylon Health,London,United Kingdom,Healthcare,Post-IPO,556,,94,,1200,08/09/2023,YYYY-00-DD 00:00:SS,Unknown,
layoff_05227, GENIUS,New York City,United States,  Consumer,Acquired,193,162,500,5,,09/15/2021,YYYY-00-DD 00:00:SS,Unknown,
layoff_04658,CloudFactory,Nairobi,Kenya,Data,Private Equity,567,150,,12,,09-Nov-2022,2022-11-20,Unknown,
layoff_04133,Stytch,SF Bay Area,USA,Security,,76,,19,25,126,02/27/2023,"March 01, 2023",Unknown,
layoff_03945,Varo,SF Bay Area,United States,Finance,Series E,2000,713,97,40,992,"May 11, 2023",YYYY-00-DD 00:00:SS,Unknown,
layoff_02570,Halcyon Health,New York,-,Health Care,Unknown,800,89,450,100,999,04-15-22,YYYY-00-DD 00:00:SS,Private,
layoff_03647,Gated,SF Bay Area,United States of America,Other,Seed,822,467,100,100,3,09-01-23,YYYY-00-DD 00:00:SS,Unknown,
layoff_00416,FrontRow,Bengaluru,India,Education,Series A,483,338,145,30%,17,27-May-2022,YYYY-00-DD 00:00:SS,Unknown,
layoff_02202,GroundGame Health,Tampa Bay,United States,Healthcare,Series A,833,9500,97,8,17,2025-05-25,YYYY-00-DD 00:00:SS,Unknown,
layoff_02838,Paytm, noida  ,India,Finance,,40000,100,400,1,92,09-Jun-2026,YYYY-00-DD 00:00:SS,Unknown,
layoff_02946,Quandoo,Berlin,Germany,Food,  ACQUIRED  ,85,0,350,100,39,03/26/2026,YYYY-00-DD 00:00:SS,Unknown,
layoff_05062,Una Brands,Singapore,Singapore,Retail,Series A,225,1820,93,10,55,28-Jun-2022,29-Jun-2022,Unknown,
layoff_01173,Flink,,Germany,Food,Series B,20000,12000,8000,40,1000,24-Apr-2023,YYYY-00-DD 00:00:SS,Unknown,
layoff_02151,Block,  Oakland,United States,Finance,Post-IPO,11638,10707,931,8,150,"March 25, 2025",YYYY-00-DD 00:00:SS,Unknown,
layoff_01704,Expedia,Austin,United States,Travel, POST-IPO ,1000,1200,84,,3,04/24/2024,2024-04-25,Unknown,
layoff_00356,Hyperscience,New York City,U.S.A.,Data,Series E,400,300,100,25,289,"March 03, 2022",YYYY-00-DD 00:00:SS,Unknown,
layoff_00736,Hotmart,Belo Horizonte,Brazil, MARKETING  ,Series C,1892,1665,227,12,127,2022-10-20,10/22/2022,Unknown,
layoff_03024,Alle,Bengaluru,India,Retail,Seed,833,2550,500,100,3,2026-01-13,YYYY-00-DD 00:00:SS,Unknown,
layoff_04403,Mapbox,Washington D.C.,United States,Data,Unknown,444,176,64,25,334,"January 12, 2023",YYYY-00-DD 00:00:SS,Unknown,
layoff_01146,Talent.com,Montreal,Canada,HR,,478,392,86,18,150,"April 05, 2023",2023-09-07,Unknown,
layoff_01645,Cybereason,Boston,United States,Security,Series F,429,900,40,12,750,03-20-24,YYYY-00-DD 00:00:SS,Unknown,
layoff_00772,Delivery Hero,Berlin,Germany,Food,,4000,3900,100,2.5,8300,2022-11-03,YYYY-00-DD 00:00:SS,Unknown,
layoff_03095,Bobble AI,New Delhi,India,Consumer,Unknown,193,5120,50,6,59,"September 04, 2025",09/08/2025,Unknown,
layoff_03557,PokerStars,Leeds,United Kingdom,,Acquired,567,2000,100,17,9,10/15/2023,10-17-23,Unknown,
layoff_03634,Sensor Tower,SF Bay Area,United States,Marketing,Private Equity,63,,40,,46,2023-09-08,YYYY-00-DD 00:00:SS,Unknown,
layoff_04669,Zendesk, sf bay area ,U.S.A., SUPPORT,Acquired,7000,147,350,,85,11-07-22,YYYY-00-DD 00:00:SS,Unknown,
layoff_01008,#Paid,Toronto,Canada,Marketing,Series B,112,93,19,17,,"January 27, 2023",YYYY-00-DD 00:00:SS,Unknown,
layoff_00720,Brex,  San Francisco  ,United States of America,finance ,Series D,1236,,136,11,1500,10-11-22,YYYY-00-DD 00:00:SS,Private,
layoff_01175,Teampay,New York City,United States,Finance,Series B,91,61,30,,79,2023-04-26,YYYY-00-DD 00:00:SS,Unknown,
layoff_04021,Avocargo,Berlin,Germany,,Seed,16,0,16,100,63,04-06-23,04-08-23,Unknown,
layoff_00946,FLEXPORT  ,  SAN FRANCISCO ,United States,Logistics,Series E,3200,2560,640,20%,2400,01-11-23,YYYY-00-DD 00:00:SS,,
layoff_05628,  WanderJaunt , SF Bay Area,United States,  Travel,series b,243,,56,23%,26,"March 25, 2020",04-01-20,Unknown,
layoff_01231,Linktree,Melbourne,Australia,Consumer,,222,162,60,27,165,"June 06, 2023",YYYY-00-DD 00:00:SS,Unknown,
layoff_02260,Amazon,  SEATTLE,United States,SOFTWARE DEVELOPMENT  ,Unknown,238,0,110,5,45,04-Aug-2025,04-Aug-2025,Unknown,
layoff_04374,RingCentral,SF Bay Area,USA,Other,post-ipo,200,9500,30,,44,"January 17, 2023",18-Jan-2023,Unknown,
layoff_02930,  IAC ,New York City,United States,Consumer,Post-IPO,3850,4500,77,2,,2026-04-08,YYYY-00-DD 00:00:SS,Unknown,
layoff_04783,Front,SF Bay Area,United States of America,Support,Series D,7000,2059,51,,203,"September 28, 2022",YYYY-00-DD 00:00:SS,Unknown,
layoff_03073,Rivian,Los Angeles,United States,Transportation,Post-IPO,15000,945,600,,,10/23/2025,10-25-25,Unknown,
layoff_05306, Perkbox  ,London,United Kingdom,HR,,77,667,60,40,29.7,2020-07-27,YYYY-00-DD 00:00:SS,Unknown,
layoff_02243,Amazon,  San Francisco,us,Software Development,Unknown,3867,105,80,8,1,07/17/2025,17-Jul-2025,Unknown,
layoff_03896,Mural,SF Bay Area,United States, Product,series c ,6,641,170,8%,192,01-Jun-2023,YYYY-00-DD 00:00:SS,Unknown,
layoff_03120,Wondery,Los Angeles,U.S.,Media,Acquired,171,,100,12,15,08-04-25,YYYY-00-DD 00:00:SS,Unknown,
layoff_02054,Refinery29,New York City,United States,Media,Acquired,15000,2657,250,14,134,17-Dec-2024,12-18-24,Unknown,
layoff_01267,TytoCare,New York City,U.S.A.,Healthcare,Series D,200,180,20,10,156,06-Jul-2023,YYYY-00-DD 00:00:SS,Unknown,
layoff_01679,Fabric,New York City,United States,logistics  ,Series C,200,170,30,15,336,11-Apr-2024,YYYY-00-DD 00:00:SS,Unknown,
layoff_01920,Sandvine,Waterloo,Canada,Infrastructure,Acquired,250,983,96,50%,63,08/23/2024,28-Aug-2024,Unknown,
layoff_05609,DISCO,Austin,U.S.A.,Legal,Series E,1500,330,75,3%,133,03-27-20,YYYY-00-DD 00:00:SS,Unknown,
layoff_01716,Getir,London,United Kingdom,Food,Unknown,15000,6757,3300,100%,,2024-04-29,YYYY-00-DD 00:00:SS,Unknown,
layoff_02717,ENJOY ,Palo Alto,Unknown,"E-commerce, Delivery",,2222,4882,400,,202,06-30-22,YYYY-00-DD 00:00:SS,Public,
layoff_01731,Rivian,LOS ANGELES,United States of America,Transportation,Post-IPO,15000,732,150,1,10700,05-03-24,YYYY-00-DD 00:00:SS,Unknown,
layoff_01002,Luno,London,United Kingdom,Crypto,Acquired,943,613,330,35,13,01/25/2023,YYYY-00-DD 00:00:SS,Unknown,
layoff_04078,Runtastic,Linz,Austria,Fitness,,250,16,70,28,404.6,16-Mar-2023,16-Mar-2023,Unknown,
layoff_02938,MARA,Miami,U.S.A.,crypto,Post-IPO,77,624,91,15,4100,02-Apr-2026,05/10/2026,Unknown,
layoff_03495,Markforged,Boston,United States,Manufacturing,  post-ipo  ,1667,319,250,100,347,"November 14, 2023",YYYY-00-DD 00:00:SS,Unknown,
layoff_03563,MariaDB,SF Bay Area,United States,Data,post-ipo ,300,397,84,28,272,10/12/2023,YYYY-00-DD 00:00:SS,Unknown,
layoff_01867,Mercari U.S.,Palo Alto,United States of America,Retail,Subsidiary,2350,178,150,50,186,07/19/2024,"July 19, 2024",Unknown,
layoff_04178,Observe.AI,SF Bay Area,United States of America,Support,Series C,333,805,50,5%,214,02-15-23,YYYY-00-DD 00:00:SS,Unknown,
layoff_01379,Navan,Palo Alto,United States, finance,Unknown,2900,2755,145,5,,12/05/2023,05-Dec-2023,Unknown,
layoff_01795,Ladenzeile,Berlin,Germany,,Subsidiary,61,165,340,100,55,06/11/2024,2024-06-11,Unknown,
layoff_01097,Waymo,Mountain View,United States,Transportation,Subsidiary,2613,2404,209,8,,01-Mar-2023,YYYY-00-DD 00:00:SS,Unknown,
layoff_02709,BigCommerce,"Austin, TX",Unknown,"  Enterprise software, e-commerce",Unknown,259,1390,65,13,515,12/15/2022,YYYY-00-DD 00:00:SS,Public,
layoff_03459,Filmic,Seattle,USA,Other,Acquired,625,351,180,100%,73,"December 01, 2023","December 03, 2023",Unknown,
layoff_01226,Outbrain,New York City,U.S.A.,Marketing,Post-IPO,900,810,,,394,"June 01, 2023",YYYY-00-DD 00:00:SS,Unknown,
layoff_05400,Flatiron School,New York City,United States,Education,  ACQUIRED,1519,4850,100,,15,"May 06, 2020","May 07, 2020",Unknown,
layoff_00705,Divvy Homes,San Francisco,United States,Real Estate,Series B,333,293,,12,,"September 27, 2022",27-Sep-2022,Unknown,
layoff_05155,Daloopa,New Delhi,India,Data,Series A,1000,150,40,2,23,2022-05-27,YYYY-00-DD 00:00:SS,Unknown,
layoff_01199,  Twist Bioscience,San Francisco,United States,Healthcare,Post-IPO,1080,810,270,,503,05/05/2023,YYYY-00-DD 00:00:SS,Unknown,
layoff_05495,Aura Financial,SF Bay Area,U.S.,Finance,Unknown,10000,455,71,8,584,2020-04-14,YYYY-00-DD 00:00:SS,Unknown,
layoff_00044,Amplero, SEATTLE,United States,Marketing,Series B,17,0,17,100%,25,29-Mar-2020,01-Apr-2020,Unknown,
layoff_03029,Hailo,Tel Aviv,Israel,Manufacturing,Series C,300,64,30,10,344,01/08/2026,YYYY-00-DD 00:00:SS,Unknown,
layoff_02962,OP Labs,New York City,United States,Crypto,Unknown,815,83,20,30,487,2026-03-12,YYYY-00-DD 00:00:SS,Unknown,
layoff_00369,Ahead,San Francisco,United States,Healthcare,Unknown,44,0,44,,9,04/14/2022,YYYY-00-DD 00:00:SS,Unknown,
layoff_03110,Kyte,SF Bay Area,United States,Transportation,,139,1063,3000,100,548,"August 15, 2025",YYYY-00-DD 00:00:SS,Unknown,
layoff_03902,SmartAsset,New York City,United States,Finance,Series D,333,126,30,19,161,06-01-23,02-Jun-2023,Unknown,
layoff_04665,Astra,SF Bay Area,U.S.,Aerospace,Post-IPO,100,163,1000,16,300,11-08-22,YYYY-00-DD 00:00:SS,Unknown,
layoff_02538,  KNOCK  ,New York,,Proptech,Unknown,310,142,113,46,11,15-Mar-2022,YYYY-00-DD 00:00:SS,Private,
layoff_03674,Unite Us,  NEW YORK CITY ,United States,Healthcare,Series C,101,165,160,20,,21-Aug-2023,YYYY-00-DD 00:00:SS,Unknown,
layoff_04688,Chime,SF Bay Area,United States,Finance,Series G,1300,30,156,12,2300,11-02-22,02-Nov-2022,,
layoff_00721,Linkfire,  Copenhagen ,Denmark,,Seed,100,65,35,35,2,10/11/2022,YYYY-00-DD 00:00:SS,Unknown,
layoff_05378,  ridecell,SF Bay Area,United States,Transportation,  series b ,233,14250,35,15,73,05/14/2020,"May 19, 2020",Unknown,
layoff_03206,Placer.ai,SF Bay Area,United States,Data,Unknown,833,809,150,18,,2025-01-29,01-30-25,Unknown,
layoff_01648,Synctera, palo alto ,United States,Finance,Series A,113,96,17,15,79,26-Mar-2024,2024-03-26,Unknown,
layoff_04137,Velodyne Lidar,SF Bay Area,United States,Transportation,Acquired,5385,,220,25%,575,02/24/2023,YYYY-00-DD 00:00:SS,Unknown,
layoff_01125,Smallcase,Bengaluru,India,Finance,Series C,375,360,15,4,62,03/21/2023,YYYY-00-DD 00:00:SS,Unknown,
layoff_00572,Gemini,  New York City  ,United States of America,Crypto,Unknown,971,903,68,,,"July 18, 2022",18-Jul-2022,Unknown,
layoff_00892,TechTarget,Boston,United States,Marketing,Post-IPO,1200,1140,60,5%,115,"December 08, 2022",11-Dec-2022,Unknown,
layoff_02626,  circleci ,San Francisco,N/A,"automation, IT",Unknown,307,720,45,30%,118,07-Dec-2022,12/07/2022,Private,
layoff_05483,Kodiak Robotics,SF Bay Area,United States,Transportation,Series A,75,373,15,20,40,"April 15, 2020",YYYY-00-DD 00:00:SS,Unknown,
layoff_05333,Dark,SF Bay Area,United States,Product,  seed ,6,146,6,100,3,23-Jun-2020,YYYY-00-DD 00:00:SS,Unknown,
layoff_01523,Aurora Solar,San Francisco,United States,Energy,Series D,555,444,111,,,"January 30, 2024",YYYY-00-DD 00:00:SS,Unknown,
layoff_02057,Bench,Vancouver,Canada,Finance,Series C,450,0,450,100%,10,2024-12-27,YYYY-00-DD 00:00:SS,Unknown,
layoff_04250,Splunk,SF Bay Area,United States,Data,Post-IPO,8125,0,325,4%,2400,"February 01, 2023",02/01/2023,Unknown,
layoff_00246,Mercos,Joinville,Brazil,Sales,Unknown,128,,51,40%,2,05/13/2020,YYYY-00-DD 00:00:SS,Unknown,
layoff_01136,  FanClash ,Gurugram,India,Consumer,Series B,133,33,100,75,50,30-Mar-2023,03-31-23,Unknown,
layoff_01003,SirionLabs,Seattle,United States,Legal,,867,737,130,15,171,2023-01-25,26-Jan-2023,Unknown,
layoff_04693,Signicat,Trondheim,Norway,Security,  ACQUIRED ,10000,,450,9,8,"November 02, 2022",YYYY-00-DD 00:00:SS,,
layoff_00188,Sisense,New York City,U.S.,Data,series f  ,889,809,80,9,274,23-Apr-2020,YYYY-00-DD 00:00:SS,,
layoff_01813,C2FO,Kansas City,United States of America,Finance,Series H,96,1520,16,,537,06-18-24,YYYY-00-DD 00:00:SS,Unknown,
layoff_04659,Coursera,SF Bay Area,United States,Education,Post-IPO,900,,150,18,458,11/09/2022,YYYY-00-DD 00:00:SS,Unknown,
layoff_01119,Freshworks,,United States,Support,,5700,5586,114,2,484,03/16/2023,03-16-23,Unknown,
layoff_02068,Zillow,Seattle,United States,Real Estate,Post-IPO,557,233,40,35,97,10-Jan-2025,YYYY-00-DD 00:00:SS,Unknown,
layoff_03211,AppLovin,SF Bay Area,United States,Marketing,Post-IPO,360,455,89,4%,1600,01-15-25,YYYY-00-DD 00:00:SS,Unknown,
layoff_05580,Currency,Los Angeles,United States,FINANCE,UNKNOWN,413,440,81,,392,04/01/2020,YYYY-00-DD 00:00:SS,Unknown,
layoff_01953,Olo,New York City,United States,Food,Post-IPO,140,1300,450,9,184,09/23/2024,"September 24, 2024",Unknown,
layoff_05150,Side,SF Bay Area,United States,Real Estate,Unknown,218,390,60,10,313,06/01/2022,01-Jun-2022,Unknown,
layoff_01086,Twitter,San Francisco,United States,Consumer,  Post-IPO  ,2000,1800,200,,12900,02-25-23,YYYY-00-DD 00:00:SS,Unknown,
layoff_00273,The Sill,New York City,United States,Retail,Series A,80,60,20,25,7,2020-05-28,05-29-20,Unknown,
layoff_00201,JetClosing,Seattle,United States,Real Estate,Series A  ,100,80,20,,24,27-Apr-2020,YYYY-00-DD 00:00:SS,Unknown,
layoff_01326,Roku,San Jose,us,Media,Post-IPO,3600,3240,360,10,208,09-06-23,YYYY-00-DD 00:00:SS,Unknown,
layoff_03911,BenevolentAI,London,United Kingdom,Healthcare,Private Equity,555,1632,180,38,292,"May 25, 2023",YYYY-00-DD 00:00:SS,Unknown,
layoff_05243,DJI,SF Bay Area,U.S.A.,Consumer,Unknown,500,2100,24,27,105,"February 24, 2021",YYYY-00-DD 00:00:SS,Unknown,
layoff_02479,Ro,New York,n/a,,Unknown,1452,900,558,,999,"June 23, 2022",06-23-22,Private,
layoff_00286,Lastline,Redwood City,United States,Security,Series C,125,75,50,40,52,06/04/2020,YYYY-00-DD 00:00:SS,Unknown,
layoff_02530,Esper,Seattle,United States,DevOps,Series A,4300,8091,350,33%,10,2023-01-10,YYYY-00-DD 00:00:SS,Private,
layoff_00417,uncapped,London,United Kingdom,,Unknown,112,83,29,26,118,05-27-22,YYYY-00-DD 00:00:SS,Unknown,
layoff_03844, tackle.io ,Boise,United States, INFRASTRUCTURE ,Series C,262,2126,75,15,148,"June 21, 2023",YYYY-00-DD 00:00:SS,Unknown,
layoff_05098,Elementor,Tel Aviv,Israel,Media,Unknown,400,450,60,15,65,06/15/2022,YYYY-00-DD 00:00:SS,Unknown,
layoff_00740,Khoros,austin ,U.S.,Sales,Private Equity,1200,1080,120,10,138,10-21-22,2022-10-22,Private,
layoff_00534,Lendis,Berlin,Germany,Other,,120,102,18,15%,90,04-Jul-2022,YYYY-00-DD 00:00:SS,,
layoff_04591,Capitolis,New York City,us,Finance,  SERIES D  ,108,210,13,25%,281,11-18-22,YYYY-00-DD 00:00:SS,Unknown,
layoff_02285,Oracle,San Francisco,United States of America,IT Services and IT Consulting,Unknown,600000,588000,254,3%,3600,2025-09-04,09/04/2025,Unknown,
layoff_04856,FreshDirect  ,Philadelphia,United States of America,Food,Acquired,700,0,40,100%,,25-Aug-2022,08/26/2022,Unknown,
layoff_04699,drop ,Toronto,Canada,Marketing,Series B,4333,198,24,15,56,01-Nov-2022,YYYY-00-DD 00:00:SS,Unknown,
layoff_04471,StreetBees,London,United Kingdom,  Data  ,Unknown,500,89,59,25,63,20-Dec-2022,YYYY-00-DD 00:00:SS,Unknown,
layoff_04858,Impact.com,Los Angeles,United States, MARKETING , PRIVATE EQUITY  ,600,54,200,10,361,"August 25, 2022",YYYY-00-DD 00:00:SS,Unknown,
layoff_00656,Packable,New York City,United States,Retail,Unknown,690,552,138,20,472,08-23-22,YYYY-00-DD 00:00:SS,Unknown,
layoff_05160,Bolt,SF Bay Area,United States,Finance,Series E,889,6143,240,27,1300,05-25-22,YYYY-00-DD 00:00:SS,Unknown,
layoff_00579,Zencity,Tel Aviv,,Other,Unknown,150,120,30,20,51,20-Jul-2022,"July 20, 2022",Unknown,
layoff_05368,Agoda,Singapore,Singapore,Travel,Acquired,6000,517,1500,25,67,2020-05-18,19-May-2020,Unknown,
layoff_02374,Modern Hydrogen,Seattle,United States of America,Energy,Series B,8000,4725,1600,57,99,03-Dec-2025,YYYY-00-DD 00:00:SS,,
layoff_05264,Scoop,SF Bay Area,United States,Transportation,Series C,600,187,40,10,95,"November 17, 2020",YYYY-00-DD 00:00:SS,Unknown,
layoff_01914,Five9,San Ramon,United States,Support,  post-ipo ,2714,2524,190,7,862,08/20/2024,YYYY-00-DD 00:00:SS,Unknown,
layoff_01884,Jam City,Los Angeles,United States of America,Consumer,Unknown,850,,85,10,652,05-Aug-2024,05-Aug-2024,Unknown,
layoff_02419,Aura,,-,Cybersecurity,Unknown,778,,70,9,865,06/24/2022,24-Jun-2022,Private,
layoff_03312,SCiFi Foods,SF Bay Area,United States,Food,Series A,746,37300,100,,39,06-12-24,YYYY-00-DD 00:00:SS,Unknown,
layoff_01919,Received,New York City,U.S.A.,FINANCE ,Unknown,10214,500,,,42,2024-08-23,YYYY-00-DD 00:00:SS,Unknown,
layoff_03187,HP,SF Bay Area,USA,Hardware,Post-IPO,110000,85000,2000,3%,39,02-28-25,YYYY-00-DD 00:00:SS,Unknown,
layoff_03460,Domo,Salt Lake City,U.S.,Data,Post-IPO,444,56,150,7,689,30-Nov-2023,02-Dec-2023,Unknown,
layoff_00881,plaid ,San Francisco,United States of America,Finance,Series D,1300,,260,20%,734,12-07-22,YYYY-00-DD 00:00:SS,Private,
layoff_04763,Atome,Singapore,Singapore,Finance,,520,,123,8,645,2022-10-06,11/27/2022,Unknown,
layoff_02776,Uber,SF Bay Area,U.S.A.,,Post-IPO,14000,,100,14,25200,07/22/2026,YYYY-00-DD 00:00:SS,Unknown,
layoff_04870,New Relic,SF Bay Area,United States,Infrastructure,Post-IPO,2200,263,110,,214,"August 18, 2022",YYYY-00-DD 00:00:SS,Unknown,
layoff_04004,Drip Capital,  SF BAY AREA,United States,Finance,Series C,375,480,75,20%,85,04-14-23,04/15/2023,Unknown,
layoff_04581, western digital  ,SF Bay Area,U.S.A.,Hardware,Post-IPO,195000,85000,251,75,900,22-Nov-2022,YYYY-00-DD 00:00:SS,Unknown,
layoff_02871,Innovaccer,SF Bay Area,United States,Healthcare, SERIES E ,1125,165,340,20,379,05/14/2026,YYYY-00-DD 00:00:SS,Unknown,
layoff_01846,Unacademy, Bengaluru,India,Education ,Series H,207,338,250,15,838,07-02-24,YYYY-00-DD 00:00:SS,Unknown,
layoff_04412,Jumio,SF Bay Area,United States,Security,Private Equity,1667,585,,,205,11-Jan-2023,01-12-23,Unknown,
layoff_03210,Aurora Solar,SF Bay Area,United States,Energy,Series D,248,4725,58,100,,01/16/2025,YYYY-00-DD 00:00:SS,Unknown,
layoff_04023,1K Kirana,Gurugram,India,,Series B,1500,150,600,40,111,04-04-23,04-Apr-2023,Unknown,
layoff_00851, Lyst,London,United Kingdom,Retail,Unknown,200,,50,,,29-Nov-2022,YYYY-00-DD 00:00:SS,Unknown,
layoff_00224,Airbnb,San Francisco,us,  Travel,Private Equity,7600,5700,1900,25,,05/05/2020,2020-05-05,Unknown,
layoff_02628,Inspectify,Seattle,United States,Proptech, series a  ,1133,,180,14%,11,11-28-22,11/30/2022,Private,
layoff_01976,Fable,New York City,United States,Product,,150,276,,100,1,10-15-24,YYYY-00-DD 00:00:SS,Unknown,
layoff_00742, ANTIDOTE HEALTH,Tel Aviv,Israel,Healthcare,Unknown,61,38,23,,36,2022-10-23,YYYY-00-DD 00:00:SS,Unknown,
layoff_00801,SoundHound,Santa Clara,us,  OTHER,  Post-IPO ,450,405,45,10,326,"November 10, 2022",2022-11-10,Unknown,
layoff_04898,Wix,Tel Aviv,Israel,Marketing,  post-ipo  ,250,1140,100,30%,58,2022-08-09,"August 09, 2022",Unknown,
layoff_04144,Merative,Ann Arbor,United States,Healthcare,Acquired,2000,81,200,10,1000,"February 23, 2023",2023-02-26,Unknown,
layoff_00592,Immutable,Sydney,Australia,Crypto,,333,313,20,6,279,2022-07-26,YYYY-00-DD 00:00:SS,Unknown,
layoff_02529,REPLICATED  ,Los Angeles,United States,Enterprise Software,Series C  ,152,1600,50,33%,85,05/31/2022,YYYY-00-DD 00:00:SS,Private,
layoff_04091,Morning Brew,New York City,United States,Media,Acquired,130,1900,40,3,166,03/09/2023,YYYY-00-DD 00:00:SS,Unknown,
layoff_05315,Bizongo,Mumbai,India,logistics,Series C,738,161,140,5,70,07-10-20,YYYY-00-DD 00:00:SS,Unknown,
layoff_01865,Lex, NEW YORK CITY  ,United States,,Seed,500,1276,50,5,7,2024-07-17,07-18-24,Unknown,
layoff_03665,Chingari,Bengaluru,India,Media,Unknown,231,,600,50,,"August 24, 2023",YYYY-00-DD 00:00:SS,Unknown,
layoff_04068,Xing,Hamburg,Germany,,Series A,125,,68,16%,230,21-Mar-2023,YYYY-00-DD 00:00:SS,Unknown,
layoff_04158,Ethos Life,SF Bay Area,us,Finance,Series D,170,567,50,20,,21-Feb-2023,02-24-23,Unknown,
layoff_02500,Flipboard,"Palo Alto, CA",Unknown,News,Unknown,114,444,24,21%,114,2022-10-16,16-Oct-2022,Private,
layoff_03804,Solidigm,Sacramento,United States,Hardware,Unknown,50000,85000,98,20%,12,07-06-23,YYYY-00-DD 00:00:SS,Unknown,
layoff_03675,spartan poker,  kolkata ,India,Consumer,Unknown,312,,125,40,26,08/19/2023,YYYY-00-DD 00:00:SS,Unknown,
layoff_02766,BuzzFeed,New York City,USA,,Post-IPO,514,460,180,35,696,07-27-26,YYYY-00-DD 00:00:SS,Unknown,
layoff_02798,Yield Guild Games,New York City,United States,  Crypto,Unknown,180,,35,33,36,06-Jul-2026,"July 08, 2026",Unknown,
layoff_04370,UNITY  ,SF Bay Area,United States,Other,Post-IPO,9467,,284,3,1300,"January 17, 2023",YYYY-00-DD 00:00:SS,,
layoff_00820,SALSIFY,Boston,United States,Retail,,818,728,90,11,452,11/16/2022,17-Nov-2022,Private,
layoff_03848,OLX GROUP  ,Amsterdam,Netherlands,Marketing,Acquired,360,,800,12%,60,06/20/2023,YYYY-00-DD 00:00:SS,Unknown,
layoff_03624,  Binance.US  ,SF Bay Area,United States,Crypto,,303,850,100,33,,09/12/2023,09-13-23,,
layoff_04633,Gokada,Lagos  ,Nigeria,Transportation,,26429,400,20,10,12,2022-11-14,YYYY-00-DD 00:00:SS,Unknown,
layoff_03661,HackerRank,SF Bay Area,United States,Recruiting,Series D,215,19998,53,6%,103,08/27/2023,YYYY-00-DD 00:00:SS,Unknown,
layoff_03463,Vox Media,Washington D.C.,us,Media,series f ,280,276,30,4,307,2023-11-30,11-30-23,Unknown,
layoff_04349, icertis ,Seattle,United States,Legal,Unknown,182,61,30,3,521,19-Jan-2023,"January 20, 2023",Unknown,
layoff_03921,Tractable,London,United Kingdom,Finance,  Series D,667,1057,186,5,119,2023-05-23,05-25-23,Unknown,
layoff_02414,Dutchie,"Bend, Oregon",Unknown,Cannabis,Unknown,700,493,56,,151,"June 06, 2022",YYYY-00-DD 00:00:SS,Private,
layoff_02791,MyHeritage,Tel Aviv,Israel,Consumer,Acquired,500,2175,75,,49,07-08-26,YYYY-00-DD 00:00:SS,Unknown,
layoff_02012,Booking.com,Grand Rapids,USA,Travel,Acquired,1000,6233,100,23%,,"November 08, 2024",2024-11-10,Unknown,
layoff_03800,PaulCamper,Berlin,Germany,Travel,Acquired,1212,135,145,,12,07-07-23,YYYY-00-DD 00:00:SS,Unknown,
layoff_04950,Ribbon,New York City,United States,Real Estate,Series C,133,230,136,20,405,28-Jul-2022,"July 29, 2022",Unknown,
layoff_02683, TELADOC HEALTH,"Purchase, NY",Unknown,"health care, telehealth",Unknown,5000,748,300,6,2,2023-01-18,01/18/2023,Public,
layoff_02816,Cyberbit,Tel Aviv,Israel,Security,Unknown,714,399,27,7%,125,"June 24, 2026",2026-06-25,Unknown,
layoff_00470,Swappie,Helsinki,Finland,Retail,Series C,1471,1221,250,17,169,15-Jun-2022,YYYY-00-DD 00:00:SS,Unknown,
layoff_03341,Heureka Group,Prague,Czech Republic,Retail,Acquired,625,180,100,,85,04-23-24,2024-04-24,Unknown,
layoff_04254, VerticalScope,Toronto,Canada,Media, Post-IPO,273,14850,60,,,2023-02-01,YYYY-00-DD 00:00:SS,Unknown,
layoff_02567,  pesto,San Francisco,Unknown,,,225,525,400,100,76,"September 23, 2022",YYYY-00-DD 00:00:SS,Private,
layoff_05505,Yelp,SF Bay Area,USA,Consumer,Post-IPO,5882,244,1000,,56,09-Apr-2020,YYYY-00-DD 00:00:SS,Unknown,
layoff_04304,Shutterfly,SF Bay Area,U.S.,Retail,Acquired,250,30,360,36,50,2023-01-25,"January 26, 2023",Unknown,
layoff_04050,Lucid Motors,sf bay area ,U.S.,Transportation,Post-IPO,7222,18333,1300,,8300,"March 28, 2023",YYYY-00-DD 00:00:SS,Unknown,
layoff_01248,FrontRow,Bengaluru,India,Education,Series A,43,4,39,90%,,2023-06-15,YYYY-00-DD 00:00:SS,Unknown,
layoff_00764,Upstart,San Mateo,United States,,Post-IPO,2000,1860,,,144,"November 01, 2022",YYYY-00-DD 00:00:SS,,
layoff_03010,Expedia,Seattle,United States,Travel,Post-IPO,908,3000,85,,3300,01-26-26,YYYY-00-DD 00:00:SS,Unknown,
layoff_04589,Synthego, SF Bay Area  ,United States,Healthcare, Series E  ,525,285,105,20%,459,11/18/2022,YYYY-00-DD 00:00:SS,Unknown,
layoff_03201,  AppsFlyer,SF Bay Area,United States,Data,Unknown,1429,3990,100,7,293,04-Feb-2025,YYYY-00-DD 00:00:SS,Unknown,
layoff_01741,PrepLadder,New Delhi,India,Education,Unknown,580,435,145,25,2,08-May-2024,YYYY-00-DD 00:00:SS,Unknown,
layoff_00121,Lever,San Francisco,United States,HR, SERIES C,215,129,86,40%,,04/08/2020,YYYY-00-DD 00:00:SS,Unknown,
layoff_05167, paypal  ,SF Bay Area,USA,Finance,Post-IPO,1667,60,83,,,2022-05-23,YYYY-00-DD 00:00:SS,Unknown,
layoff_01858,Salesforce,  San Francisco,us,Sales,Post-IPO,138,27,300,10,65,07/15/2024,YYYY-00-DD 00:00:SS,Unknown,
layoff_02822,Lucid Motors,SF Bay Area,United States,Transportation,,8333,1193,1500,18%,8300,06-22-26,YYYY-00-DD 00:00:SS,Unknown,
layoff_04631,Cloudinary,SF Bay Area,United States,Media,Unknown,500,1900,40,,100,11/14/2022,YYYY-00-DD 00:00:SS,Unknown,
layoff_00630,Linktree, melbourne ,Australia,,Unknown,294,244,50,17,165,09-Aug-2022,YYYY-00-DD 00:00:SS,Unknown,
layoff_00599,Vox Media,Washington DC,United States,Media,Series F,1950,1911,39,2%,307,2022-07-27,YYYY-00-DD 00:00:SS,Unknown,
layoff_02846,Google,SF Bay Area,us,Consumer,Post-IPO,1000,551,3600,20,26,06-04-26,07-Jun-2026,Unknown,
layoff_00578,Lyft,San Francisco,U.S.,Transportation,Post-IPO,3000,2940,60,2%,,07-20-22,YYYY-00-DD 00:00:SS,,
layoff_03509,Nextdoor,SF Bay Area ,United States of America,Consumer,Post-IPO,73615,,220,,736,07-Nov-2023,YYYY-00-DD 00:00:SS,Unknown,
layoff_01535,The Messenger,Miami,United States,Media,Unknown,465,14850,11,100%,1700,01/31/2024,YYYY-00-DD 00:00:SS,Unknown,
layoff_03254,AppLovin,SF Bay Area,United States,Marketing,Post-IPO,100,,58,3,1600,10-15-24,YYYY-00-DD 00:00:SS,Unknown,
layoff_04457,Harappa,New Delhi,India,  education  ,Acquired,200,1476,60,30,414,"January 03, 2023",YYYY-00-DD 00:00:SS,Unknown,
layoff_03048,  inbound health,Minneapolis,U.S.A.,Healthcare,Series B,256,,35,100,50,2025-12-01,12-02-25,Unknown,
layoff_01294,Planet,San Francisco,us,Aerospace,Post-IPO,1170,1053,117,,574,08/01/2023,YYYY-00-DD 00:00:SS,Unknown,
layoff_03129,rocket companies,Detroit,United States,Real Estate,Post-IPO,750,0,2000,2,5200,07-18-25,YYYY-00-DD 00:00:SS,Unknown,
layoff_01690,ConnectWise,,,Software Development,Unknown,3867,3751,80,3,,04-17-24,YYYY-00-DD 00:00:SS,Unknown,
layoff_00166,Sweetgreen,Los Angeles,United States of America,Food,Series I,350,315,35,10%,478,17-Apr-2020,YYYY-00-DD 00:00:SS,Unknown,
layoff_01722,RiseUp,London,United Kingdom,Fintech,,100,,50,50,30,2024-04-30,YYYY-00-DD 00:00:SS,Unknown,
layoff_01304,  Doximity,San Francisco,U.S.,Healthcare,Post-IPO,1000,900,100,10,82,08-Aug-2023,YYYY-00-DD 00:00:SS,,
layoff_00412,LACEWORK ,Mountain View,United States,Security,Series D,1500,1200,300,20,1900,25-May-2022,YYYY-00-DD 00:00:SS,Unknown,
layoff_05059,Bright Machines,SF Bay Area,Israel,,Unknown,375,341,30,8%,,2022-06-28,YYYY-00-DD 00:00:SS,Unknown,
layoff_03278,gopro  ,SF Bay Area,,Consumer,,927,33,139,,288,19-Aug-2024,YYYY-00-DD 00:00:SS,Unknown,
layoff_04415,Embark Vet,Boston,United States of America,Healthcare,Series B,10000,268,41,9,94,01-11-23,YYYY-00-DD 00:00:SS,,
layoff_00940,ConsenSys,New York City,United States of America, CRYPTO,Series D,909,809,100,11,,01/10/2023,YYYY-00-DD 00:00:SS,Unknown,
layoff_01614,Fisker,LOS ANGELES ,U.S.A.,,Post-IPO,780,300,10,15,2,02/29/2024,YYYY-00-DD 00:00:SS,Unknown,
layoff_04348,IAM Robotics,Pittsburgh,United States,Hardware,Unknown,61,0,3000,100,21,"January 19, 2023",YYYY-00-DD 00:00:SS,Unknown,
layoff_05051,Baton,,U.S.,Transportation,Series A,64,198,16,25%,13,29-Jun-2022,YYYY-00-DD 00:00:SS,Unknown,
layoff_04225,Clari, SF BAY AREA,United States,SALES,Series F,900,6893,20,8,496,02-06-23,YYYY-00-DD 00:00:SS,Unknown,
layoff_01888,Teradata,San Diego,United States,Data,Post-IPO,300,450,80,13,,08/06/2024,YYYY-00-DD 00:00:SS,Unknown,
layoff_01292,Archipelago,San Francisco,United States,Real Estate,Series B,133,93,40,30%,57,2023-08-01,YYYY-00-DD 00:00:SS,Unknown,
layoff_02591,Balto,St. Louis,us,"Artificial intelligence, machine learning",Series B,100,70,35,76%,51,2022-12-12,2022-12-13,Private,
layoff_03274,Brave,SF Bay Area,,Consumer,Series B,193,900,27,14,42,08/28/2024,YYYY-00-DD 00:00:SS,Unknown,
layoff_04627,INTERCOM  ,SF Bay Area,United States,Support, series d,954,805,124,13,240,11/14/2022,YYYY-00-DD 00:00:SS,Unknown,
layoff_03065,Indeed,,United States,HR,,625,110,,33,5,05-Nov-2025,YYYY-00-DD 00:00:SS,,
layoff_04594,StoryBlocks,Washington D.C.,us,Media,Acquired,61,1727,25,25,,2022-11-18,19-Nov-2022,Unknown,
layoff_04795,Ola,Bengaluru,India,,Series J,6667,760,200,70,5000,2022-09-19,"September 19, 2022",Unknown,
layoff_00708,SPIN  ,San Francisco,,Transportation,Acquired,780,702,78,10,8,2022-09-30,2022-09-30,Private,
layoff_03643,mPharma,Accra,Ghana, HEALTHCARE ,Series D,200,2880,150,100%,,04-Sep-2023,YYYY-00-DD 00:00:SS,Unknown,
layoff_00833, Synthego ,Menlo Park,United States,Healthcare,Series E,525,420,105,20,459,11-18-22,YYYY-00-DD 00:00:SS,Unknown,
layoff_03683,FlexCar,Boston,United States,Transportation,Unknown,279,,20,10,297,"August 16, 2023",YYYY-00-DD 00:00:SS,Unknown,
layoff_04329,Google,SF Bay Area,United States,Consumer,Post-IPO,200000,1260,12000,6,26,01-20-23,2023-01-20,Unknown,
layoff_03633,ChargePoint,SF Bay Area,U.S.,Manufacturing,Unknown,400,1417,111,10,1400,09-08-23,YYYY-00-DD 00:00:SS,Unknown,
layoff_02204,Cars24,Gurugram,India,Transportation,Series G,1000,737,120,11,1300,2025-05-27,YYYY-00-DD 00:00:SS,Unknown,
layoff_00408,Gorillas,Berlin,Germany,Food,Series C,600,300,300,,1300,05-24-22,2022-05-24,Unknown,
layoff_03558,Adda247,Gurugram,India,Education,Series B,862,1920,300,4,,10-14-23,YYYY-00-DD 00:00:SS,Unknown,
layoff_02418,Yotpo,New York,Unknown,"marketing, media",Unknown,778,90,70,9,,"November 16, 2022",YYYY-00-DD 00:00:SS,Private,
layoff_04040,Kyndryl,New York City,USA,Infrastructure,Post-IPO,85000,6480,95,,20,03/30/2023,YYYY-00-DD 00:00:SS,Unknown,
layoff_01718,Ola,Bengaluru,India,Transportation,Series J,1800,1620,180,10,3800,04/29/2024,2024-04-30,Unknown,
layoff_01827,Emma Sleep,Frankfurt am Main ,Germany,Retail,,1111,911,200,18,79,2024-06-21,21-Jun-2024,Unknown,
layoff_01005, confluent,Mountain View,United States,Data,Post-IPO,2763,2542,221,8,455,01/26/2023,YYYY-00-DD 00:00:SS,Unknown,
layoff_04803,Patreon,SF Bay Area,us, Media  ,Series F,471,80,80,,413,13-Sep-2022,YYYY-00-DD 00:00:SS,Unknown,
layoff_03803,Perfect Day,,USA,,Series D,893,837,,15,711,07-06-23,13-Jul-2023,Unknown,
layoff_02052,Yahoo,Sunnyvale,United States,,Acquired,1000,513,500,30,6,2024-12-12,YYYY-00-DD 00:00:SS,Unknown,
layoff_02010,  Monarch Tractor ,Livermore,United States,Other,Unknown,350,315,35,10%,214,"November 08, 2024","November 08, 2024",Unknown,
layoff_00615,Unbounce,Vancouver,Canada,Marketing,series a,235,188,,20,39,08/03/2022,08-03-22,Unknown,
layoff_04500,Digital Surge,Brisbane,Australia,Crypto, UNKNOWN  ,445,,60,100%,,"December 09, 2022",YYYY-00-DD 00:00:SS,Unknown,
layoff_03474,Jodo,Bengaluru,India,Finance, SERIES A,140,,100,12,19,11-20-23,YYYY-00-DD 00:00:SS,Unknown,
layoff_01444,Humane,San Francisco,United States,Hardware,Series C,250,240,10,4,230,01/09/2024,09-Jan-2024,Unknown,
layoff_04373,luxury presence,Los Angeles,United States,Real Estate,Series B,4000,93,44,12,31,2023-01-17,YYYY-00-DD 00:00:SS,Unknown,
layoff_04308,Finastra,Tel Aviv,Israel, finance,,27778,0,28,40,,01/25/2023,YYYY-00-DD 00:00:SS,Unknown,
layoff_05192,Lemonade,New York City,U.S.A.,Finance,,775,199,52,20,481,04-20-22,YYYY-00-DD 00:00:SS,Unknown,
layoff_01085,Ericsson,STOCKHOLM,Sweden,Other,Post-IPO,106250,97750,8500,8,663,"February 24, 2023",02/24/2023,Unknown,
layoff_05621,Peerspace,SF Bay Area,United States,Real Estate,Series B,55,9100,41,,34,"March 26, 2020",2020-03-31,Unknown,
layoff_05257,Pulse Secure,SF Bay Area,U.S.A.,Security,  ACQUIRED ,625,768,78,11%,97,12-23-20,12/28/2020,Unknown,
layoff_03971,Embark Vet,Boston,United States,Healthcare,Series B,133,1600,28,33,94,2023-04-28,10-May-2023,Unknown,
layoff_02016,Sword Health  ,NEW YORK CITY ,United States of America,Healthcare,Unknown,833,200,13,57,450,11-11-24,11/12/2024,Unknown,
layoff_02126,eBay,Tel Aviv,Israel,  retail  ,Post-IPO,600,1080,20,100,1200,02/26/2025,YYYY-00-DD 00:00:SS,Unknown,
layoff_03102,Salesforce,SF Bay Area,United States,Sales,Post-IPO,75,127,4000,10,65,08/31/2025,YYYY-00-DD 00:00:SS,Unknown,
layoff_03984,Red Hat,Raleigh,United States,Other,Acquired,19000,244,760,4,260,04/24/2023,YYYY-00-DD 00:00:SS,Unknown,
layoff_04746,Brex,SF Bay Area,United States of America,Finance,Series D,1236,266,136,11,1500,10-11-22,10-11-22,Unknown,
layoff_04810,Sama,SF Bay Area,U.S.,Data,Series B,75,150,27,2,,2022-09-12,YYYY-00-DD 00:00:SS,Unknown,
layoff_05561, THE PREDICTIVE INDEX,Boston,United States,HR,Acquired,236,700,59,25,65,02-Apr-2020,YYYY-00-DD 00:00:SS,Unknown,
layoff_03733,  qoala,Jakarta,Indonesia,Finance,Series B,1000,23,80,7,89,31-Jul-2023,YYYY-00-DD 00:00:SS,,
layoff_00922,  KALTURA  ,New York City,USA,Media,POST-IPO,682,607,75,11,166,04-Jan-2023,01-06-23,Unknown,
layoff_05620,Passport,Charlotte,us,Transportation,Series D,139,,44,5,123,03/26/2020,28-Mar-2020,Unknown,
layoff_00102,Cogito,Boston,United States,Support,Series C,171,147,24,14,92,2020-04-06,YYYY-00-DD 00:00:SS,Unknown,
layoff_02087,Salesforce,san francisco  ,USA,Sales,Post-IPO,100000,99000,1000,1%,,03-Feb-2025,YYYY-00-DD 00:00:SS,Unknown,
layoff_04421,Paddle,London,United Kingdom,Finance,Series D,700,,140,8,293,01/11/2023,YYYY-00-DD 00:00:SS,Unknown,
layoff_01946, CARTRAWLER,Dublin,,Transportion,Acquired,400,360,40,10,780,2024-09-19,09/21/2024,Unknown,
layoff_02503,Tonkean,San Francisco,-,Software,Unknown,100,,23,23%,338,06/15/2022,YYYY-00-DD 00:00:SS,Private,
layoff_05241,Subspace,Los Angeles,United States of America,Infrastructure,Series B,100,263,110,10,103,03-03-21,YYYY-00-DD 00:00:SS,Unknown,
layoff_03610,Robinhood,SF Bay Area,United States,Finance,Post-IPO,18000,94,282,17,5600,09/21/2023,09/24/2023,Unknown,
layoff_03261,Flexport,SF Bay Area,United States,Logistics,Series E,200,3986,75,2,2400,2024-10-02,YYYY-00-DD 00:00:SS,Unknown,
layoff_05612,  oh my green  ,,USA,Food,Seed,100,13500,40,16,20,"March 27, 2020",YYYY-00-DD 00:00:SS,Unknown,
layoff_00014, The Guild ,Austin,United States,  travel  ,,173,135,38,22%,36,03-23-20,03-28-20,Unknown,
layoff_01049,GoDaddy,Phoenix,United States,  MARKETING  ,Post-IPO,6625,6095,530,,800,2023-02-08,YYYY-00-DD 00:00:SS,Unknown,
layoff_00113,redfin ,Seattle,United States,Real Estate,Post-IPO,3371,3135,236,7,319,04/07/2020,"April 07, 2020",Unknown,
layoff_03038,Zebra Technologies,Chicago,U.S.,Manufacturing,Post-IPO,35000,319,100,10,2000,12/12/2025,12/19/2025,Unknown,
layoff_00996,BOLT,  san francisco,United States,Finance,Series E,500,450,50,10,,01/24/2023,YYYY-00-DD 00:00:SS,Unknown,
layoff_00746,Unico,Sao Paulo,Brazil,Other,Series D,1250,1200,50,4,336,10-24-22,YYYY-00-DD 00:00:SS,Unknown,
layoff_03592,  SONO MOTORS ,Munich,Germany,Transportation,Post-IPO,500,1000,230,20,127,2023-10-02,YYYY-00-DD 00:00:SS,Unknown,
layoff_04402, Cashfree Payments  ,Bengaluru,India,Finance,Series B,233,1057,100,8%,41,"January 12, 2023",2023-01-12,Unknown,
layoff_01049,GoDaddy,Phoenix,United States,  MARKETING  ,Post-IPO,6625,6095,530,,800,2023-02-08,YYYY-00-DD 00:00:SS,Unknown,
layoff_05635,Sonder,SF Bay Area,United States of America,Travel,Series D,1212,1700,400,,,03/24/2020,YYYY-00-DD 00:00:SS,Unknown,
layoff_01826,RESHAMANDI  ,,India,Food,Unknown,15100,0,30,80,54,06/20/2024,YYYY-00-DD 00:00:SS,Unknown,
layoff_03465,Multiverse,  LONDON ,United Kingdom,Education,Series D,750,4850,130,5,414,11-28-23,"November 29, 2023",Unknown,
layoff_01618,Project Ronin,San Mateo,United States,Healthcare,Unknown,150,0,150,100,,2024-03-01,YYYY-00-DD 00:00:SS,Unknown,
layoff_00952,Greenlight,Atlanta,United States,Finance,Series D,495,,104,21,556,"January 12, 2023","January 12, 2023",Private,
layoff_02435,ConsenSys,New York,n/a,,Unknown,909,7,100,,1300,10-Jan-2023,YYYY-00-DD 00:00:SS,Private,
layoff_02327,Amazon,Seattle,United States,E-commerce,Unknown,121,1467,30000,33%,7,2025-10-28,10-28-25,Unknown,
layoff_02258,Lido Finance,George Town,Cayman Islands,Finance,Unknown,111,500,60,15,76,"August 03, 2025",08/03/2025,Unknown,
layoff_04151,Synamedia,  LONDON  ,United Kingdom,Media,  UNKNOWN ,1667,9200,200,12,307,22-Feb-2023,YYYY-00-DD 00:00:SS,Unknown,
layoff_02581,ChowNow,"Playa Visa, California",," restaurant tech, food tech  ",Unknown,625,1329,140,37,3,12-14-22,14-Dec-2022,Private,
layoff_03185,hewlett packard enterprise,SF Bay Area ,United States,Hardware,Post-IPO,50000,41,2500,5,,06-Mar-2025,YYYY-00-DD 00:00:SS,Unknown,
layoff_02824,Tractive,Vienna,Austria,Hardware,Acquired,62900,88000,98,20%,38,2026-06-22,06-30-26,Unknown,
layoff_01306,Thoughtworks,Chicago,United States,Other,Post-IPO,11580,11001,579,,748,"August 08, 2023",YYYY-00-DD 00:00:SS,Unknown,
layoff_04732,Ada Health,  Berlin ,Germany,Healthcare,Series B,1900,1632,50,40,189,10/17/2022,YYYY-00-DD 00:00:SS,Unknown,
layoff_03554,Kayak / OpenTable,Stamford,United States,Travel,  ACQUIRED  ,833,700,80,20,,16-Oct-2023,YYYY-00-DD 00:00:SS,Unknown,
layoff_01676,Intel,SANTA CLARA,United States,,Post-IPO,220,198,62,10,12,04/09/2024,YYYY-00-DD 00:00:SS,Unknown,
layoff_01457,Google,Mountain View,United States,Consumer,Post-IPO,1333,,1000,1%,26,"January 10, 2024",2024-01-10,Unknown,
layoff_01524,block,San Francisco,U.S.,Finance,Post-IPO,10000,9000,1000,10%,150,30-Jan-2024,YYYY-00-DD 00:00:SS,,
layoff_00765,Chargebee,,United States,Finance,Series H,1420,1278,142,10,468,02-Nov-2022,YYYY-00-DD 00:00:SS,Unknown,
layoff_01489,Wayfair,Boston,United States,Retail,Post-IPO,12692,11042,1650,13,2,01-19-24,19-Jan-2024,Unknown,
layoff_00810,Asana,San Francisco,United States,Other,Post-IPO,2000,,180,9,453,11/15/2022,2022-11-15,Public,
layoff_02907,Noa Technologies,SF Bay Area,United States,Other,Unknown,329,4791,69,35,1000,04/22/2026,06/19/2026,Unknown,
layoff_02304,Agoda,Singapore,Singapore,Online travel agency and search engine,Unknown,388,450,50,5,607,2025-09-18,"September 18, 2025",,
layoff_04913,Doma,SF Bay Area,U.S.,Finance,Post-IPO,1923,1329,250,13,679,08/04/2022,"August 05, 2022",Unknown,
layoff_04646,Avast,Phoenix,U.S.A.,Security,Unknown,3800,1700,24,25,335,10-Nov-2022,YYYY-00-DD 00:00:SS,Unknown,
layoff_04547,Strava,SF Bay Area,United States,Fitness,Series F,2000,1200,70,14%,151,2022-12-01,12/04/2022,Unknown,
layoff_05001,Cosuno,Berlin,Germany,Construction,Series B,2000,278,13,10%,45,2022-07-14,"July 16, 2022",Unknown,
layoff_03059,BharatAgri,Mumbai,India,Food,Series A,37,960,37,,,2025-11-13,YYYY-00-DD 00:00:SS,Unknown,
layoff_03213, TechCrunch,SF Bay Area,United States,Media,Acquired,273,,100,7,121900,01/14/2025,01/17/2025,Unknown,
layoff_05597,Thumbtack,SF Bay Area,us, Consumer,Series F,833,1820,250,30,423,03/30/2020,YYYY-00-DD 00:00:SS,Unknown,
layoff_05546,Anagram,Los Angeles,U.S.,healthcare  ,Series A,2000,0,17,,14,04/03/2020,YYYY-00-DD 00:00:SS,Unknown,
layoff_04367,Mavenir, DALLAS ,United States, infrastructure  ,Acquired,200,74400,96,12,,01-18-23,2023-01-21,Unknown,
layoff_00479,Unacademy,Bengaluru,India,Education,Series H,5000,4850,150,3,838,"June 18, 2022",YYYY-00-DD 00:00:SS,Unknown,
layoff_02780,Intel,Sacramento,U.S.A.,Hardware,,48000,24000,320,4%,12,07/20/2026,07-22-26,Unknown,
layoff_05407,Cloudera,SF Bay Area,United States,Infrastructure,Post-IPO,2286,450,40,10,1000,05/05/2020,YYYY-00-DD 00:00:SS,Unknown,
layoff_02799,Coursera,SF Bay Area,United States, education,Acquired,500,17,100,12,,07/06/2026,YYYY-00-DD 00:00:SS,,
layoff_01427,CUE HEALTH ,San Diego ,United States,Healthcare,Post-IPO,723,629,94,,899,05-Jan-2024,YYYY-00-DD 00:00:SS,Unknown,
layoff_00569,BRIGHT MONEY ,Bengaluru,India,Finance, series a  ,200,100,100,50,31,"July 15, 2022",YYYY-00-DD 00:00:SS,Unknown,
layoff_04946,sherpa ,Toronto,Canada,Travel,Unknown,6400,583,22,35,11,07/29/2022,YYYY-00-DD 00:00:SS,Unknown,
layoff_04832,Medium,SF Bay Area,United States,Media,Unknown,61,397,46,25,,2022-09-06,YYYY-00-DD 00:00:SS,Unknown,
layoff_00971,Hootsuite,Vancouver,Canada,Marketing,,1000,930,70,7,300,2023-01-18,01-18-23,Unknown,
layoff_01876,NerdWallet,  SAN FRANCISCO,USA,Finance,Post-IPO,325,9700,85,,105,2024-07-30,07/30/2024,Unknown,
layoff_04918,RingCentral,SF Bay Area,United States of America,Support,post-ipo ,333,2833,50,0,,04-Aug-2022,YYYY-00-DD 00:00:SS,Unknown,
layoff_01166,WalkMe,San Francisco,United States of America,Other,Post-IPO,1120,1008,112,10,307,04/19/2023,YYYY-00-DD 00:00:SS,,
layoff_03214,  BOOZT,Malmo,Sweden,Retail,Post-IPO,669,728,60,,56,01/13/2025,YYYY-00-DD 00:00:SS,,
layoff_04454,Wyre,SF Bay Area,United States,Crypto,Unknown,1000,256,275,,29,01/04/2023,YYYY-00-DD 00:00:SS,Unknown,
layoff_01560,Glowforge,Seattle,United States,Manufacturing,Series E,150,64,100,18%,,"February 06, 2024",YYYY-00-DD 00:00:SS,Unknown,
layoff_05581,GOAT Group,Los Angeles,United States,Retail,Series D,690,546,190,40,197,2020-04-01,YYYY-00-DD 00:00:SS,,
layoff_02132,Google, mountain view,U.S.,Consumer,Post-IPO,200000,75,1800,20%,26,02-27-25,2025-02-27,Unknown,
layoff_04326,Gemini,New York City,USA,Crypto,Unknown,352,,44,10,423,01/23/2023,YYYY-00-DD 00:00:SS,Unknown,
layoff_03160,bench ,SF Bay Area,U.S.,Finance,Acquired,157,585,95,30%,109,2025-05-01,YYYY-00-DD 00:00:SS,Unknown,
layoff_03139,Intel,Sacramento,U.S.A.,Hardware,Post-IPO,100000,797,5000,7,,2025-07-11,YYYY-00-DD 00:00:SS,Unknown,
layoff_01989,F5,Seattle,United States of America,Security,Post-IPO,5000,4900,100,2,750,2024-10-29,YYYY-00-DD 00:00:SS,,
layoff_04881,Edmodo,SF Bay Area,United States,Education,Acquired,423,117,31,100%,77,2022-08-16,YYYY-00-DD 00:00:SS,Unknown,
layoff_00067,PatientPop,Los Angeles,USA,Healthcare,Series B,500,400,100,20,75,04-01-20,YYYY-00-DD 00:00:SS,Unknown,
layoff_05171,Thirty Madison,New York City,United States,Healthcare,Acquired,1143,132,24,12,209,"May 14, 2022",16-May-2022,Unknown,
layoff_03839,JOONKO  ,New York City,United States,Recruiting,,16000,,69,100,38,"June 25, 2023",YYYY-00-DD 00:00:SS,Unknown,
layoff_01772,Funding Circle,London,United Kingdom,Finance,Post-IPO,214,137,310,70%,746,"May 29, 2024",YYYY-00-DD 00:00:SS,Unknown,
layoff_00965,Unico,Sao Paulo,Brazil,Other,Series D,1100,990,110,10,336,01/17/2023,YYYY-00-DD 00:00:SS,Unknown,
layoff_02859,Rapyd,  tel aviv  ,Israel,Finance,Unknown,13333,195,8,15,770,05-28-26,YYYY-00-DD 00:00:SS,Unknown,
layoff_05437,Qwick,Phoenix,U.S.,  recruiting  ,Seed,500,,46,70%,4,04/27/2020,04-28-20,Unknown,
layoff_04186,PhableCare,Bengaluru,India,Healthcare,Series B,1143,43,56,70,40,"February 14, 2023",YYYY-00-DD 00:00:SS,Unknown,
layoff_02321,Ludeo,El Segundo,United States,Computer Games,UNKNOWN  ,50,25,25,50,97,20-Oct-2025,YYYY-00-DD 00:00:SS,Unknown,
layoff_00173,Komodo Health, san francisco,United States,Healthcare,Series C,256,233,23,9%,50,2020-04-20,2020-04-20,Unknown,
layoff_02350,Flipkart,Tel Aviv,Israel,e-commerce,Unknown,11111,12000,40,4%,1200,11-16-25,YYYY-00-DD 00:00:SS,Unknown,
layoff_04668,Salesforce,SF Bay Area,United States,Sales,Post-IPO,100000,,1000,1,65,11-07-22,YYYY-00-DD 00:00:SS,Unknown,
layoff_01814,Chegg,Santa Clara,United States,Education, Post-IPO ,1917,1476,441,23%,227,2024-06-18,YYYY-00-DD 00:00:SS,Unknown,
layoff_02486,Homeward,Austin,unknown,"Real Estate, PropTech",Unknown,600,268,120,,109,"August 11, 2022",YYYY-00-DD 00:00:SS,Private,
layoff_03652,Expedia,Seattle,United States,Travel,Post-IPO,2000,187,100,18,3300,08/31/2023,YYYY-00-DD 00:00:SS,Unknown,
layoff_02439,Automox,Boulder,United States,Security,Series C,1786,1567,50,,152,04/18/2022,YYYY-00-DD 00:00:SS,Private,
layoff_05379,  Veem,,United States,Finance,,233,114,30,40,69,05-14-20,YYYY-00-DD 00:00:SS,Unknown,
layoff_04314,offor health  ,Columbus,U.S.A.,Healthcare,Series A,159,170,16,5,14,2023-01-24,YYYY-00-DD 00:00:SS,Unknown,
layoff_04982,BlueStacks,SF Bay Area,United States,,Series C,1000,350,60,65,48,20-Jul-2022,YYYY-00-DD 00:00:SS,Unknown,
layoff_00218,CureFit,Bengaluru,India,Fitness,,5000,4200,800,16,404,05-04-20,YYYY-00-DD 00:00:SS,Unknown,
layoff_00601,Metromile, San Francisco  ,U.S.A.,Finance,,300,240,60,20%,510,2022-07-28,YYYY-00-DD 00:00:SS,Unknown,
layoff_00816,  AMAZON ,Seattle,USA, retail  ,Post-IPO,333333,323333,10000,3,108,16-Nov-2022,11/16/2022,Unknown,
layoff_04448,Megaport,  BRISBANE ,Australia,Infrastructure,Post-IPO,262,235,34,16,98,05-Jan-2023,06-Jan-2023,,
layoff_03074,AirSlate,Boston,us,Other,Series B,9467,263,170,100,,23-Oct-2025,YYYY-00-DD 00:00:SS,,
layoff_03874,Branch,Columbus,United States,Finance,Series C,1000,207,186,100%,,06-08-23,YYYY-00-DD 00:00:SS,Unknown,
layoff_04958,Brainbase,Los Angeles,U.S.A.,Sales,Series A,39,299,17,,,"July 28, 2022",YYYY-00-DD 00:00:SS,Unknown,
layoff_01207,Cornershop,Santiago,Chile,Food,Acquired,2273,2023,250,11,31,05-11-23,YYYY-00-DD 00:00:SS,,
layoff_03001,Expedia,Seattle,United States,Travel,Post-IPO,1200,406,100,25,3300,02-01-26,YYYY-00-DD 00:00:SS,Unknown,
layoff_04927,Puppet,PORTLAND  ,United States,Infrastructure,Acquired,2286,,50,15,189,08/03/2022,YYYY-00-DD 00:00:SS,Unknown,
layoff_00733,AtoB,San Francisco,,FINANCE,  Series B,107,75,32,30,177,"October 19, 2022","October 19, 2022",Private,
layoff_01824,Bluevine,Tel Aviv,Israel,FINANCE  ,Unknown,52,146,,12%,,"June 20, 2024",YYYY-00-DD 00:00:SS,Unknown,
layoff_03735,Cambricon,Beijing ,China,Hardware,Series B,400,45600,100,12,200,07-31-23,YYYY-00-DD 00:00:SS,Unknown,
layoff_01403,Superpedestrian,Boston,U.S.A.,Transportation,Series C,406,870,340,245,262,12/15/2023,YYYY-00-DD 00:00:SS,Unknown,
layoff_01659,  epicery ,Paris,France,Food,Acquired,22727,2400,40,100,7,"April 02, 2024",YYYY-00-DD 00:00:SS,Unknown,
layoff_02874,Cisco,SF Bay Area,United States,Infrastructure,Post-IPO,80000,2090,4000,5%,2,05-13-26,YYYY-00-DD 00:00:SS,Unknown,
layoff_03235,Lyra Health,SF Bay Area,United States,Healthcare,Series F,3850,1330,77,2,910,11/12/2024,21-Nov-2024,Unknown,
layoff_00419, sumup ,Sao Paulo,,Finance,Unknown,3333,3233,100,3,50,05-30-22,YYYY-00-DD 00:00:SS,Unknown,
layoff_01053,GitLab,San Francisco,,Product,Post-IPO,1857,,130,7,413,"February 09, 2023",YYYY-00-DD 00:00:SS,Unknown,
layoff_01581,Cisco,San Jose,United States,Infrastructure,post-ipo  ,85000,80750,4250,5%,,02-14-24,YYYY-00-DD 00:00:SS,Unknown,
layoff_00933,Huobi, Beijing  ,China,Crypto,Unknown,1375,1100,275,20,2,01/06/2023,YYYY-00-DD 00:00:SS,Unknown,
layoff_00257,Pollen,London,United Kingdom,Travel,Series B,223,154,69,31,88,05/19/2020,YYYY-00-DD 00:00:SS,Unknown,
layoff_01505,  Desktop Metal ,Boston,United States,Other,Post-IPO,350,1581,10,20,811,01/24/2024,2024-01-25,Unknown,
layoff_01351,Carbon Health,San Francisco,U.S.,Healthcare,Series D,2280,2166,114,,,2023-10-09,YYYY-00-DD 00:00:SS,Unknown,
layoff_01508,Storytel,Stockholm,Sweden,Media,,615,535,80,13,275,01/24/2024,YYYY-00-DD 00:00:SS,,
layoff_00072,1stdibs,New York City,United States,,Series D,412,342,70,17,253,"April 02, 2020",YYYY-00-DD 00:00:SS,Unknown,
layoff_00624,Uberflip,Toronto,Canada,Marketing,Series A,182,151,31,17%,42,"August 05, 2022",YYYY-00-DD 00:00:SS,Unknown,
layoff_00655,DataRobot,Boston,United States,  Data  ,Series G,930,,242,,,2022-08-23,YYYY-00-DD 00:00:SS,Private,
layoff_05358, CARDEKHO  ,Gurugram,India, TRANSPORTATION,Series D,80,1620,,,247,"May 25, 2020",YYYY-00-DD 00:00:SS,Unknown,
layoff_03760,Blue Apron,New York City ,United States, FOOD ,Post-IPO,100,853,,20,422,"July 19, 2023",YYYY-00-DD 00:00:SS,Unknown,
layoff_01542,Polygon,Cayman Islands,Cayman Islands,Crypto,Unknown,316,256,60,19%,451,02-01-24,01-Feb-2024,Unknown,
layoff_01442,EVBox,Amsterdam,Netherlands,Energy,Post-IPO,4516,1716,350,12,124,2024-01-09,YYYY-00-DD 00:00:SS,Unknown,
layoff_05233,Katerra,SF Bay Area,United States,Construction,Unknown,2434,140,2434,100,1600,06/01/2021,YYYY-00-DD 00:00:SS,,
layoff_03372,OrCam,Jerusalem,Israel,Healthcare,Unknown,263,450,50,,86,"February 28, 2024",YYYY-00-DD 00:00:SS,Unknown,
layoff_03454,Yahoo,sf bay area ,us,Consumer,Acquired,91,800,500,,6,2023-12-05,YYYY-00-DD 00:00:SS,Unknown,
layoff_02660,Deep Instinct,New York,Unknown,Cybersecurity,Unknown,778,809,80,,865,"June 08, 2022",YYYY-00-DD 00:00:SS,Private,
layoff_04197,  TikTok India  ,mumbai,India,Consumer,Acquired,500,1276,40,,,02/10/2023,02/10/2023,Unknown,
layoff_01892,Cisco,San Jose,USA,Infrastructure,Post-IPO,80000,74400,5600,7,2,09-Aug-2024,"August 09, 2024",Unknown,
layoff_05477,Opendoor,SF Bay Area,U.S.A.,Real Estate,Series E,1714,800,600,,,04/15/2020,YYYY-00-DD 00:00:SS,Unknown,
layoff_05018,Ignite,SF Bay Area,U.S.A.,Crypto,Series A,333,613,26,,9,07-11-22,YYYY-00-DD 00:00:SS,Unknown,
layoff_03618,Velocity,Bengaluru,India,Finance,Series A,500,255,45,14,30,"September 15, 2023",YYYY-00-DD 00:00:SS,Unknown,
,  SONOS  ,Santa Barbara,United States,CONSUMER  ,Post-IPO,1667,1567,100,6,455,14-Aug-2024,14-Aug-2024,Unknown,
layoff_04538,Cognyte,Tel Aviv,Israel,Security,Unknown,2000,5820,,5,,12-02-22,YYYY-00-DD 00:00:SS,Unknown,
layoff_04409,Flexport, SF BAY AREA  ,us,Logistics,Series E,3200,111,640,20,,01-11-23,YYYY-00-DD 00:00:SS,Unknown,
layoff_01400,Stellar Pizza,Los Angeles,United States,Food,Series A,7000,783,120,50,25,12-14-23,YYYY-00-DD 00:00:SS,Unknown,
layoff_03448,FNZ,London,United Kingdom,Finance,Private Equity,680,,240,25,3500,"December 05, 2023",YYYY-00-DD 00:00:SS,Unknown,
layoff_05195,Better.com,New York City,United States,Real Estate,Unknown,450,14,100,20,905,"April 19, 2022",YYYY-00-DD 00:00:SS,Unknown,
layoff_01437,MeridianLink,Los Angeles,United States,Finance,Post-IPO,27778,297,186,9,485,2024-01-08,YYYY-00-DD 00:00:SS,Unknown,
layoff_01467,Dextrous Robotics,Memphis  ,United States,Logistics,Unknown,200,240,45,100,1100,01-11-24,01/12/2024,Unknown,
layoff_05460,Komodo Health,SF Bay Area,United States,Healthcare,Series C,256,850,23,9,,20-Apr-2020,YYYY-00-DD 00:00:SS,Unknown,
layoff_00382,On Deck,San Francisco,United States,Education,Series A,288,216,72,25%,20,05-05-22,05-May-2022,Private,
layoff_05473,Grailed,New York City,United States of America,Retail,Series A,669,1422,,100,16,04/16/2020,YYYY-00-DD 00:00:SS,Unknown,
layoff_01007,SAP, walldorf ,Germany,Other,Post-IPO,100000,97000,3000,3,1300,01-26-23,01-26-23,Unknown,
layoff_03002,Zupee,New Delhi,India,Consumer,Series B,833,,200,15,121,2026-01-30,YYYY-00-DD 00:00:SS,Unknown,
layoff_04380, Rappi ,Buenos Aires,Argentina,Food,Unknown,20833,5314,649,24%,2300,17-Jan-2023,YYYY-00-DD 00:00:SS,Unknown,
layoff_03158,CrowdStrike,SF Bay Area,United States,Security,Post-IPO,10000,342,500,5,1200,05-07-25,YYYY-00-DD 00:00:SS,Unknown,
layoff_05493,DataStax,SF Bay Area,U.S.A.,Data,Series E,133,940,15,28,190,"April 14, 2020",04/15/2020,Unknown,
layoff_02230,ByteDance,Seattle,United States,Software Development,Unknown,300,190000,65,3,1,2025-07-07,YYYY-00-DD 00:00:SS,Unknown,
layoff_04146,EVgo, LOS ANGELES ,United States,Transportation,Post-IPO,1500,2940,40,30,400,02-23-23,YYYY-00-DD 00:00:SS,Unknown,
layoff_00348,Rhino,  new york city  ,United States,REAL ESTATE  ,UNKNOWN ,285,,57,,133,02-03-22,YYYY-00-DD 00:00:SS,Unknown,
layoff_05394,Glassdoor,SF Bay Area,United States,Recruiting,,1000,1133,300,30,204,05-07-20,YYYY-00-DD 00:00:SS,Unknown,
layoff_02966,SSense,Montreal,Canada,Retail,Series A,17500,850,215,17,8,03-05-26,YYYY-00-DD 00:00:SS,Unknown,
layoff_03572,VTrips, Jacksonville,us,Travel,Private Equity,833,,75,9,981,10-07-23,2023-12-22,,
layoff_00196,TutorMundi,Sao Paulo,Brazil,Education,Series A,4,0,4,100,2,"April 24, 2020",YYYY-00-DD 00:00:SS,Unknown,
layoff_03957,Eventus,Austin,United States,Finance,,2143,,24,,45,"May 05, 2023",YYYY-00-DD 00:00:SS,Unknown,
layoff_01812,Stackpath,Dallas,United States of America,Infrastructure,Series B,0,0,0,100,396,"June 17, 2024",06/23/2024,Unknown,
layoff_00885,Armis,San Francisco,United States,,Private Equity,625,600,25,4,537,2022-12-08,08-Dec-2022,Unknown,
layoff_05567,Humu,SF Bay Area,United States,  hr,Series B,6000,176,26,10,40,04/02/2020,04-03-20,Unknown,
layoff_00997,Gitpod,Kiel,Germany,Product,Series A,75,54,21,28%,41,2023-01-24,YYYY-00-DD 00:00:SS,Unknown,
layoff_01315,BlackLine,Los Angeles,USA,Finance,Post-IPO,1900,,95,5,220,23-Aug-2023,YYYY-00-DD 00:00:SS,Unknown,
layoff_03290,Avaya,  durham ,us,Other,Post-IPO,6000,13650,180,3%,700,"August 01, 2024",YYYY-00-DD 00:00:SS,Unknown,
layoff_02996,Workday,SF BAY AREA,United States,HR,Post-IPO,20000,12467,400,2,230,04-Feb-2026,YYYY-00-DD 00:00:SS,Unknown,
layoff_01314,Atlas,Chicago,U.S.A.,HR, series b,500,350,150,30%,,08/23/2023,YYYY-00-DD 00:00:SS,Unknown,
layoff_00844,Ajaib,Jakarta,Indonesia,Finance,Unknown,838,771,67,8,245,28-Nov-2022,11/30/2022,Unknown,
layoff_00344,Better.com,New York City,United States,Real Estate,Unknown,10000,9100,900,9,905,12/01/2021,YYYY-00-DD 00:00:SS,Unknown,
layoff_02778,Movement Labs,New York City,United States,Crypto,,167,63,89,100,141,21-Jul-2026,YYYY-00-DD 00:00:SS,Unknown,
layoff_04632,Nestcoin,Lagos,Nigeria,Crypto,Seed,100,647,30,7,6,14-Nov-2022,2022-11-20,Unknown,
layoff_01078,Fireblocks,New York City,United States,Crypto,Series E,600,570,30,5,1000,20-Feb-2023,"February 22, 2023",Unknown,
layoff_04029,Guideline,SF Bay Area,United States,Finance,Series E,436,203,48,11,339,"April 03, 2023",YYYY-00-DD 00:00:SS,Unknown,
layoff_00688,Infarm,Berlin,Germany,Other,Series D,1000,950,50,5%,604,09-14-22,YYYY-00-DD 00:00:SS,Unknown,
layoff_01238,TaxBit,San Francisco,us,Crypto,Unknown,200,120,80,40,,06-11-23,2023-06-11,Unknown,
layoff_04390,Black Shark,Shenzen,China,Hardware,,25000,85000,900,2,1200,13-Jan-2023,YYYY-00-DD 00:00:SS,Unknown,
layoff_04200,Rigetti Computing,SF Bay Area,United States,Hardware,Post-IPO,18571,17000,300,28,298,2023-02-10,YYYY-00-DD 00:00:SS,Unknown,
layoff_00825,&Open ,Dublin,Ireland,Marketing,,100,91,9,9,35,11/17/2022,YYYY-00-DD 00:00:SS,Unknown,
layoff_03051,HP,SF Bay Area,United States,Hardware ,,25000,41,4000,,1200,11/25/2025,03-01-25,Unknown,
layoff_03383,Mozilla,SF Bay Area,United States,Consumer,,1200,1727,60,,2.3,02-13-24,YYYY-00-DD 00:00:SS,Unknown,
layoff_00575,Flyhomes,Seattle,United States,  REAL ESTATE,Series C,1000,800,200,20,310,20-Jul-2022,YYYY-00-DD 00:00:SS,Private,
layoff_02831,Rackspace, SAN ANTONIO  ,United States,Data,Acquired,567,59,22,15,,16-Jun-2026,2026-06-19,Unknown,
layoff_02231,Eigen Labs,Seattle,United States,Software Development,Unknown,116,190000,29,25,234,08-Jul-2025,YYYY-00-DD 00:00:SS,Unknown,
layoff_04917,On Deck,SF Bay Area,United States of America, education  ,series a,221,260,73,33,20,04-Aug-2022,YYYY-00-DD 00:00:SS,Unknown,
layoff_03587,Sendoso, sf bay area  ,United States,Marketing,Series C,197,810,30,20%,152,2023-10-03,YYYY-00-DD 00:00:SS,Unknown,
layoff_00182,RealSelf,Seattle,USA,Healthcare,Series B,308,268,40,13%,42,2020-04-21,YYYY-00-DD 00:00:SS,Unknown,
layoff_05276,TheWrap,Los Angeles,United States,Media,series b,61,80,5,10,3.5,09-29-20,YYYY-00-DD 00:00:SS,,
layoff_04153,Arch Oncology,St. Louis,United States,Healthcare,Series C,2500,170,30,15,155,02-22-23,YYYY-00-DD 00:00:SS,Unknown,
layoff_04568,Hirect,Bengaluru,India,Recruiting,Series A,500,19998,200,40,26,11/28/2022,"November 29, 2022",,
layoff_00191,Ada Support,Toronto,Canada,Support,,157,121,36,23,,24-Apr-2020,24-Apr-2020,Unknown,
layoff_00605,Vee,Tel Aviv,Israel,HR,  SEED  ,50,,16,,,31-Jul-2022,2022-08-02,Unknown,
layoff_03414,Certinia,SF Bay Area,United States,Other,Unknown,364,4800,180,10,194,11-Jan-2024,YYYY-00-DD 00:00:SS,Unknown,
layoff_02331,NTT Data,Tokyo,Japan,IT Services and IT Consulting,Unknown,600000,588000,108,3,8100,10-31-25,YYYY-00-DD 00:00:SS,Unknown,
layoff_00888,CyCognito,Palo Alto,United States,Security,SERIES C,200,170,30,15%,153,"December 08, 2022",YYYY-00-DD 00:00:SS,Private,
layoff_04360,Aiven, helsinki,Finland,Infrastructure,Series D,0,855,92,20%,420,01-18-23,YYYY-00-DD 00:00:SS,Unknown,
layoff_05413,OYO,London,,,Series F,60,503,150,35,2400,05-01-20,YYYY-00-DD 00:00:SS,Unknown,
layoff_01291, fable  ,Toronto,Canada,  other ,Series A,144,,13,9,12,31-Jul-2023,YYYY-00-DD 00:00:SS,Unknown,
layoff_00413,Nuri,  Berlin  ,Germany,  Finance,Series B,225,,45,20,42,05-25-22,YYYY-00-DD 00:00:SS,Unknown,
layoff_01981,Jellysmack,New York City,United States,Media,Series C,500,493,22,7%,22,"October 21, 2024",YYYY-00-DD 00:00:SS,Unknown,
layoff_00923,SaleSan Francisco Bay Areaorce,San Francisco,United States,Sales,Post-IPO,80000,72000,8000,,65,04-Jan-2023,YYYY-00-DD 00:00:SS,Unknown,
layoff_04529,Moove,Lagos,Nigeria,Transportation,,900,,180,100,630,12/06/2022,YYYY-00-DD 00:00:SS,Unknown,
layoff_04030,Apple,SF Bay Area,U.S.,Retail,Post-IPO,1385,540,87,50%,6200,04-03-23,YYYY-00-DD 00:00:SS,Unknown,
layoff_03744,Myntra,Bengaluru,India,Retail, ACQUIRED  ,120,850,50,5,516,07/26/2023,"July 26, 2023",Unknown,
layoff_00143,EasyPost,San Francisco,United States,Logistics,Series A,200,150,50,25%,12,04-13-20,YYYY-00-DD 00:00:SS,Unknown,
layoff_02316,Heart Machine,Los Angeles,United States,,Unknown,758,360,200,35,261,09-Oct-2025,YYYY-00-DD 00:00:SS,Unknown,
layoff_00638,FourKites,Chicago,us,Logistics,Series D,750,690,60,8,201,11-Aug-2022,YYYY-00-DD 00:00:SS,Unknown,
layoff_02474,Nextiva,Phoenix,U.S.A.,Customer service,Private Equity,120,690,33,17,200,2022-12-06,07-Dec-2022,Private,
layoff_05327,New Relic,Portland,United States of America,Infrastructure,Post-IPO,80000,2295,20,20,214.5,06/29/2020,YYYY-00-DD 00:00:SS,Unknown,
layoff_02525,Homie,"South Jordan, Utah",unknown,PropTech,Unknown,506,80750,162,32,13,"October 04, 2022",YYYY-00-DD 00:00:SS,Private,
layoff_00756,Amazon, Seattle,United States,Retail,Post-IPO,333483,333333,150,0,108,10-28-22,YYYY-00-DD 00:00:SS,,
layoff_00552,Butler Hospitality,New York City,United States,Food,Series B,1000,0,1000,100,50,07/08/2022,YYYY-00-DD 00:00:SS,Unknown,
layoff_00725,6sense,San Francisco,U.S.,Sales,Series E,1500,1350,150,10,426,10/12/2022,"October 12, 2022",Private,
layoff_01072,  DOCUSIGN  , San Francisco  ,United States,Sales,Post-IPO,6800,6120,680,10,,"February 16, 2023",2023-02-16,Unknown,
layoff_04846,Electric,New York City,U.S.A.,Other,,700,810,81,7,,"August 30, 2022",09/30/2022,Unknown,
layoff_02394,  nextroll,San Francisco,,Marketing Tech,Unknown,139,732,382,3%,414,08-Jul-2022,YYYY-00-DD 00:00:SS,,
layoff_02258,Lido Finance,George Town,Cayman Islands,Finance,Unknown,111,500,60,15,76,"August 03, 2025",08/03/2025,Unknown,
layoff_00528,Stash Financial,New York City,United States,FINANCE  ,,500,460,40,8,480,06-30-22,YYYY-00-DD 00:00:SS,Unknown,
layoff_02015,23andMe,San Francisco,us,, post-ipo  ,500,300,200,40,1,2024-11-11,YYYY-00-DD 00:00:SS,Unknown,
layoff_01014,Delivery Hero,Berlin,Germany,Food,Post-IPO,3900,3744,156,4,,"January 30, 2023",YYYY-00-DD 00:00:SS,Unknown,
layoff_04292,Heycar,Berlin,Germany,Transportation,Unknown,15000,1193,73,2,9,27-Jan-2023,YYYY-00-DD 00:00:SS,Unknown,
layoff_02107,Unity,San Francisco,United States,Other,Post-IPO,1756,360,80,10%,1300,02/11/2025,YYYY-00-DD 00:00:SS,Unknown,
layoff_01782,OrCam,Jerusalem,Israel,,Unknown,200,170,100,50,,03-Jun-2024,YYYY-00-DD 00:00:SS,Unknown,
layoff_04227, daraz,Singapore,Singapore,Retail,Unknown,85,,87,11,,06-Feb-2023,YYYY-00-DD 00:00:SS,Unknown,
layoff_00315,Thriver,  TORONTO  ,Canada,Food,Series B,150,75,75,50,53,08-06-20,YYYY-00-DD 00:00:SS,Unknown,
layoff_00969,Benevity,Calgary,Canada, other ,Unknown,979,842,137,14,69,18-Jan-2023,YYYY-00-DD 00:00:SS,Unknown,
layoff_04959,CHANGE.ORG  ,SF Bay Area,us,Other,Series D,5000,30,1500,19,72,2022-07-28,29-Jul-2022,Unknown,
layoff_02341,SAS, Cary,United States of America,,Unknown,3867,207,400,4,,09-Nov-2025,YYYY-00-DD 00:00:SS,Unknown,
layoff_02274,TechWerks,Arlington,U.S.,  IT Services and IT Consulting  ,Unknown,600000,588000,87,2,17,2025-08-24,YYYY-00-DD 00:00:SS,Unknown,
layoff_02291,Scale,San Francisco,United States,Software Development,Unknown,3867,2400,12,13,24,2025-09-09,YYYY-00-DD 00:00:SS,Unknown,
layoff_01510,Business Insider, NEW YORK CITY ,United States,Media,Acquired ,231,607,20,8,56,25-Jan-2024,01-26-24,Unknown,
layoff_02957,FranShares,Chicago,United States,finance ,Seed,1667,437,15,,,03/17/2026,YYYY-00-DD 00:00:SS,Unknown,
layoff_04622,Rubicon Technologies,Lexington,United States,Other,Post-IPO,822,150,80,11%,,2022-11-15,YYYY-00-DD 00:00:SS,Unknown,
layoff_02506,Cedar,New York,,Health Care,Unknown,2812,96,450,24,,"July 07, 2022",YYYY-00-DD 00:00:SS,Private,
layoff_02748,UiPath,New York,n/a,Artificial Intelligence,Unknown,148,1581,451,7,1000,11-15-22,YYYY-00-DD 00:00:SS,Public,
layoff_00723,Pacaso,San Francisco,United States of America,Real Estate,Series C,333,233,100,30%,217,11-Oct-2022,YYYY-00-DD 00:00:SS,Private,
layoff_04034,Roku,SF Bay Area,USA,Media,Post-IPO,3333,630,200,6,208,2023-03-30,YYYY-00-DD 00:00:SS,Unknown,
layoff_02279,Salesforce, San Francisco ,United States,Software Development,,20,,4000,40,,09/02/2025,YYYY-00-DD 00:00:SS,Unknown,
layoff_00259,Ola,Bengaluru,India,Transportation, SERIES J  ,4000,2600,1400,35%,3800,"May 20, 2020",YYYY-00-DD 00:00:SS,Unknown,
layoff_04129,DUX Education,Bengaluru,India,Education,Unknown,83,368,100,100,1200,"February 28, 2023",YYYY-00-DD 00:00:SS,Unknown,
layoff_04620,OfferUp,Seattle,United States,Retail,Unknown,238,836,87,19,381,11/15/2022,YYYY-00-DD 00:00:SS,Unknown,
layoff_04237,Autodesk,SF Bay Area,United States,other  ,  POST-IPO,12500,3780,,2,484,02-Feb-2023,YYYY-00-DD 00:00:SS,Unknown,
layoff_05152,Getta,  tel aviv ,Israel,Transportation,Series A,1729,101,30,,49,31-May-2022,"June 01, 2022",Unknown,
layoff_03302,Flutterwave,Lagos,Nigeria,Finance,Unknown,1000,39,30,,509,06/24/2024,YYYY-00-DD 00:00:SS,Unknown,
layoff_00845,ApplyBoard,Waterloo,Canada,Education,Series D,1500,1410,90,6,483,11-28-22,2022-11-30,Unknown,
layoff_05377,Quartz,New York City,United States,Media,Acquired,200,,80,,121900,14-May-2020,YYYY-00-DD 00:00:SS,Unknown,
layoff_04065,Roofstock,SF Bay Area,United States,Real Estate,Series E,2545,400,200,27,365,22-Mar-2023,YYYY-00-DD 00:00:SS,Unknown,
layoff_04728,AtoB,SF Bay Area,United States,Finance,SERIES B  ,107,301,32,30,177,"October 19, 2022",YYYY-00-DD 00:00:SS,Unknown,
layoff_00036,Getaround,San Francisco,United States,Transportation,Series D,400,300,100,25,403,"March 27, 2020",YYYY-00-DD 00:00:SS,Unknown,
layoff_00453,Albert,Los Angeles,us,Finance,Series C,250,230,20,8,175,2022-06-10,2022-06-11,Private,
layoff_03669,CoinDCX,Mumbai,India,Crypto,Series D,6111,283,19,,247,2023-08-22,YYYY-00-DD 00:00:SS,Unknown,
layoff_00549,argo ai, PITTSBURGH,United States,Transportation,Unknown,3000,2850,150,5,,07-07-22,YYYY-00-DD 00:00:SS,Private,
layoff_02994,Fi.Money,Bengaluru,India,Finance,Series C,667,649,70,,992,2026-02-10,YYYY-00-DD 00:00:SS,Unknown,
layoff_00556,Gopuff, philadelphia ,United States,Food,Series H,15000,13500,1500,,3400,"July 12, 2022",YYYY-00-DD 00:00:SS,Unknown,
layoff_00716,BIOMARIN,San Rafael,USA,HEALTHCARE ,  POST-IPO,3000,2880,120,4,585,"October 07, 2022",YYYY-00-DD 00:00:SS,Unknown,
layoff_00846,Candy Digital,New York City,United States,crypto,Series A,100,67,33,33,100,"November 28, 2022","November 29, 2022",Unknown,
layoff_04217,Nearmap,Sydney,Australia,Construction,Acquired,2434,513,240,20,,02/08/2023,YYYY-00-DD 00:00:SS,Unknown,
layoff_03497,Amazon,Seattle,United States,Retail,Post-IPO,17400,323333,180,30,108,13-Nov-2023,YYYY-00-DD 00:00:SS,Unknown,
layoff_00847,Infarm,Berlin,Germany,Other,Series D,1000,500,500,50,604,"November 28, 2022",YYYY-00-DD 00:00:SS,Unknown,
layoff_01859,Spotify,Stockholm,Sweden,Media,Post-IPO,1667,153,40,5,2,07-15-24,2024-07-16,Unknown,
layoff_04346,Earth Rides,Nashville,United States,  Transportation ,Unknown,1600,4794,1000,100%,2,"January 19, 2023",01/29/2023,Unknown,
layoff_00105,Rock Content,Belo Horizonte,Brazil,Marketing,Series A,500,400,100,20%,1,2020-04-06,04-06-20,Unknown,
layoff_04505,Inscripta,Boulder,U.S.A.,Healthcare,Series E,46154,420,43,20%,459,08-Dec-2022,YYYY-00-DD 00:00:SS,Unknown,
layoff_02386,The Trade Desk,Ventura,United States,Technology. Information and Internet,  UNKNOWN,10000,154,150,1,205,"December 17, 2025",YYYY-00-DD 00:00:SS,Unknown,
layoff_04973,Wizeline,SF Bay Area,United States,Product  ,Acquired,833,240,100,5,,22-Jul-2022,07-22-22,Unknown,
layoff_05383,Deliv,SF Bay Area,USA,,Series C,669,911,669,100%,,2020-05-13,YYYY-00-DD 00:00:SS,Unknown,
layoff_00100,BounceX,New York City,United States,Marketing,Series B,385,308,77,20,75,04-06-20,"April 06, 2020",Unknown,
layoff_03569,Blue Origin,Seattle,USA,Aerospace,Unknown,0,120,40,25,167,2023-10-09,YYYY-00-DD 00:00:SS,Unknown,
layoff_00606,Hash,Sao Paulo,Brazil,Finance,Series C,116,58,58,,58,08-01-22,YYYY-00-DD 00:00:SS,Unknown,
layoff_01628,Sorare,New York City,United States,Crypto,Series B,169,147,22,,739,"March 06, 2024",YYYY-00-DD 00:00:SS,Unknown,
layoff_03203,Innoviz,Tel Aviv,Israel,  TRANSPORTATION ,Post-IPO,444,5922,40,,547,2025-02-04,YYYY-00-DD 00:00:SS,Unknown,
layoff_04209,WeTrade,Bengaluru,India,Crypto,Unknown,247,,90,100%,156,2023-02-09,"February 09, 2023",Unknown,
layoff_03346,Tome,SF Bay Area,U.S.,AI,  series b,48,0,12,25,75,"April 16, 2024",YYYY-00-DD 00:00:SS,Unknown,
layoff_00917,Micron,Boise,United States,Hardware,Post-IPO,48000,43200,4800,10,50,2023-01-01,YYYY-00-DD 00:00:SS,Unknown,
layoff_03836,Waze,SF Bay Area,United States,Transportation , Acquired ,3000,850,23,12,67,2023-06-27,28-Jun-2023,Unknown,
layoff_02086,Cushion,San Francisco,U.S.A.,Finance,Series A,215,423,450,100,20,"January 30, 2025",YYYY-00-DD 00:00:SS,Unknown,
layoff_03925,Paperless Parts,Boston,United States,Manufacturing,Series B,10000,319,31,7%,,05/22/2023,YYYY-00-DD 00:00:SS,Unknown,
layoff_00811,CaptivateIQ,San Francisco,us,Sales,,310,279,31,10%,,15-Nov-2022,YYYY-00-DD 00:00:SS,Unknown,
layoff_02043,Mixtroz,Birmingham,United States,Other,Seed,0,0,0,100,,12/06/2024,12/11/2024,Unknown,
layoff_02097,Sonos,Santa Barbara,U.S.A.,Consumer,,1667,1467,200,,,02/05/2025,"February 05, 2025",Unknown,
layoff_02387,Amazon,Luxembourg,Luxembourg,E-commerce,Unknown,121,126000,370,10,8100,19-Dec-2025,2025-12-19,Unknown,
layoff_03316,Oda,Oslo,Norway,Food,Unknown,2174,350,150,100,691,2024-06-05,YYYY-00-DD 00:00:SS,Unknown,
layoff_02289,Microsoft,Seattle,us,Software Development,post-ipo,1429,0,42,6,1,"September 08, 2025",YYYY-00-DD 00:00:SS,Unknown,
layoff_00791,Meta,Menlo Park,United States, CONSUMER ,post-ipo,84615,73615,11000,13,26000,2022-11-09,11/09/2022,Unknown,
layoff_02516,Medium,San Francisco,Unknown,Publishing,Unknown,303,,15,25%,293,"September 06, 2022",YYYY-00-DD 00:00:SS,Private,
layoff_01683,Glovo,Barcelona ,Spain,Food,Acquired,2500,0,25,33%,1200,"April 12, 2024",YYYY-00-DD 00:00:SS,Unknown,
layoff_01270,Sisense  ,New York City,United States of America,Data,Series F,667,567,100,15%,274,2023-07-11,2023-07-11,Unknown,
layoff_01296,Augury,New York City,United States,Manufacturing,Series E,389,319,70,18,274,02-Aug-2023,YYYY-00-DD 00:00:SS,Unknown,
layoff_04440,Mojo Vision,SF Bay Area,U.S.A.,Hardware,Series B,833,61,60,75%,204,01/06/2023,YYYY-00-DD 00:00:SS,,
layoff_03175,Marin Software,SF Bay Area,United States, MARKETING ,,90,300,47,100,99,04-10-25,04-16-25,Unknown,
layoff_01411,Kaspien, SEATTLE,U.S.A.,RETAIL ,Post-IPO,667,900,60,100,52,12/19/2023,YYYY-00-DD 00:00:SS,Unknown,
layoff_00713,Crypto.com,Singapore,Singapore,  CRYPTO,Unknown,6667,4667,2000,30,156,"October 06, 2022",YYYY-00-DD 00:00:SS,Unknown,
layoff_04260,Match Group,New York City,United States,,Post-IPO,150,779,80,,59,"February 01, 2023",YYYY-00-DD 00:00:SS,Unknown,
layoff_02442,  divvy homes,San Franicsco,,PropTech,Unknown,333,,40,12,13,09-27-22,27-Sep-2022,Private,
layoff_05301,Vesta,Atlanta,U.S.,Sales,Unknown,1200,1350,56,10,20,05-Aug-2020,YYYY-00-DD 00:00:SS,Unknown,
layoff_03339,True Anomaly, DENVER  ,United States,AEROSPACE , Series B,120,0,30,25,158,04/25/2024,YYYY-00-DD 00:00:SS,Unknown,
layoff_03590,Chia Network,SF Bay Area,U.S.,Crypto,Series D,70,783,26,37,70,2023-10-02,YYYY-00-DD 00:00:SS,Unknown,
layoff_03648,Lunchtime,BRNO ,Czech Republic,Food,Acquired,300,837,150,100%,2400,2023-09-01,YYYY-00-DD 00:00:SS,Unknown,
layoff_04940,Perceptive Automata,Boston,United States,Transportation,Series A,780,80,130,100,20,01-Aug-2022,YYYY-00-DD 00:00:SS,Unknown,
layoff_02623,Convene,New York,N/A,"Proptech, hospitality",Unknown,2909,30,100,5%,18,"December 10, 2022",YYYY-00-DD 00:00:SS,Private,
layoff_02356,Pipe,San Francisco,USA,Finance,Unknown,400,200,,50,453,11-18-25,YYYY-00-DD 00:00:SS,Unknown,
layoff_03480,Jane,Lehi,United States,Retail,Series A  ,750,1330,44,,40,11/17/2023,2023-11-22,Unknown,
layoff_01564, Workfellow  , espoo,Finland,HR,Seed,1650,227,58,100,3,"February 07, 2024",YYYY-00-DD 00:00:SS,Unknown,
layoff_02223,sabi,Lagos,Nigeria,Retail,  series b,250,200,50,20,66,06/29/2025,YYYY-00-DD 00:00:SS,Unknown,
layoff_05231,Bytedance,Shanghai,China,Consumer, Unknown ,8,61,1800,50%,9400,"August 05, 2021",2021-08-05,Unknown,
layoff_02298,Hike ,New Delhi,India, gaming,,140,91,49,100%,261,13-Sep-2025,09-15-25,Unknown,
layoff_05547,G/O Media Group,New York City,United States,media , unknown  ,280,3240,14,,1700,"April 03, 2020",YYYY-00-DD 00:00:SS,Unknown,
layoff_03778, khoros ,Austin,United States,Sales,Private Equity,1000,160,12,5%,138,2023-07-13,YYYY-00-DD 00:00:SS,Unknown,
layoff_01204,Redbubble, melbourne,Australia,,  Post-IPO,304,234,70,23%,55,2023-05-10,05-10-23,Unknown,
layoff_01150,Flock Freight,San Diego,United States of America,Logistics,Series D,563,518,45,8,399,2023-04-10,YYYY-00-DD 00:00:SS,Unknown,
layoff_03763,Square Roots,New York City,U.S.A.,Food,Unknown,1200,509,100,5,,2023-07-18,YYYY-00-DD 00:00:SS,Unknown,
layoff_00448,OneTrust,Atlanta,United States,Security,Series C,3800,2850,950,25,,09-Jun-2022,YYYY-00-DD 00:00:SS,Private,
layoff_01688,Take-Two,New York City,United States,Entertainment Providers,,12000,11400,600,5%,4100,04/16/2024,YYYY-00-DD 00:00:SS,Unknown,
layoff_03337,Google,,USA,Consumer,Post-IPO,3500,1140,6,50%,26,04-30-24,YYYY-00-DD 00:00:SS,Unknown,
layoff_03663,Fortinet,SF Bay Area  ,United States, Security,Post-IPO,714,976,121,37,89,"August 25, 2023",YYYY-00-DD 00:00:SS,Unknown,
layoff_05562,Shuttl,New Delhi,India,Transportation,Series C,1800,1960,40,40,122,2020-04-02,2020-04-10,Unknown,
layoff_05354,MakeMyTrip,Gurugram,India,Travel,Post-IPO,3500,135,350,10%,548,2020-06-01,YYYY-00-DD 00:00:SS,Unknown,
layoff_04596,Roku,SF Bay Area,U.S.,Media,Post-IPO,2857,9200,200,7,208,17-Nov-2022,YYYY-00-DD 00:00:SS,Unknown,
layoff_00255,WeWork,New Delhi,India,Real Estate,Series H,500,400,,20,19500,18-May-2020,YYYY-00-DD 00:00:SS,Unknown,
layoff_03222,YAHOO  ,SF Bay Area,,,Acquired,909,560,50,10,6,12-Dec-2024,YYYY-00-DD 00:00:SS,Unknown,
layoff_01350,InvestCloud,,United States,Finance,Private Equity,1600,1520,80,5%,54,2023-10-06,YYYY-00-DD 00:00:SS,Unknown,
layoff_02084,Digital River,Minneapolis,United States, RETAIL ,Private Equity,128,142,122,13,50,2025-01-28,YYYY-00-DD 00:00:SS,Unknown,
layoff_01436,Lendio,Lehi,United States,Finance,Series E,1000,360,70,,108,08-Jan-2024,YYYY-00-DD 00:00:SS,Unknown,
layoff_00458,Sanar,Sao Paulo,Brazil,Healthcare,Unknown,300,240,60,20,11,"June 10, 2022",YYYY-00-DD 00:00:SS,Unknown,
layoff_01783,Microsoft,Seattle,United States,Software Development,Post-IPO,400,,3000,13,1,06-04-24,YYYY-00-DD 00:00:SS,Unknown,
layoff_03207,Amazon,  Seattle,United States,Retail,,87,8,300,17%,8100,01-29-25,YYYY-00-DD 00:00:SS,Unknown,
layoff_01949,LUMINAR,Orlando,United States of America,Transportion,Post-IPO,3000,2970,100,,780,"September 20, 2024",YYYY-00-DD 00:00:SS,Unknown,
layoff_04256,Ada,Toronto,Canada,Support,Series C,7000,0,193,9,190,02/01/2023,YYYY-00-DD 00:00:SS,Unknown,
layoff_05348,Kitty Hawk,,United States,Aerospace,,120,90,70,17%,,"June 03, 2020",YYYY-00-DD 00:00:SS,Unknown,
layoff_03106,Klaviyo,Boston,United States,Marketing,Unknown,500,306,31,13,,"August 25, 2025",YYYY-00-DD 00:00:SS,Unknown,
layoff_00497,Pipl, spokane  ,U.S.,Security,Unknown,169,147,22,13,19,"June 23, 2022",YYYY-00-DD 00:00:SS,,
layoff_00664,54gene,Washington DC,United States of America,Healthcare,Series B,317,222,95,30,44,"August 29, 2022",YYYY-00-DD 00:00:SS,Unknown,
layoff_04127,Eventbrite,  SF Bay Area ,United States,  consumer ,Post-IPO,1000,5120,80,,,2023-02-28,YYYY-00-DD 00:00:SS,Unknown,
layoff_04944,Imperfect Foods,SF Bay Area,us,Food,Series D,150,2200,50,2%,229,29-Jul-2022,YYYY-00-DD 00:00:SS,Unknown,
layoff_05660,EasyPost,Salt Lake City,,Logistics,,600,170,75,,12,03-11-20,YYYY-00-DD 00:00:SS,Unknown,
layoff_01577,Popcore,Berlin,Germany,Consumer,Acquired,8000,162,200,10%,57,02/13/2024,YYYY-00-DD 00:00:SS,Unknown,
layoff_03004,Kiwi.com,Brno,Czech Republic,Travel,Unknown,694,984,250,36%,107,2026-01-29,YYYY-00-DD 00:00:SS,Unknown,
layoff_02342,GamesKraft,Bengaluru,India,Online Gaming,Unknown,700,1300,280,7,74,2025-11-10,YYYY-00-DD 00:00:SS,Unknown,
layoff_00266,PickYourTrail, chennai,India,  travel,Series A,200,130,70,35,3,05/21/2020,YYYY-00-DD 00:00:SS,Unknown,
layoff_00919,Amazon, seattle  ,U.S.,  Retail,Post-IPO,400000,392000,8000,2,,01-04-23,01-05-23,Unknown,
layoff_05025,Twitter,SF Bay Area,United States, Consumer  ,Post-IPO,8000,188000,30,,5700,07/07/2022,YYYY-00-DD 00:00:SS,Unknown,
layoff_01929, abl  ,Los Angeles,U.S.,Aerospace,Unknown,233,0,30,85,479,03-Sep-2024,YYYY-00-DD 00:00:SS,Unknown,
layoff_01321,Omuni,Bengaluru  ,India,Retail, ACQUIRED  ,171,111,60,,10,30-Aug-2023,YYYY-00-DD 00:00:SS,Unknown,
layoff_00506,SafeGraph,San Francisco,United States,, series b  ,108,,27,25,61,2022-06-27,2022-06-27,Private,
layoff_03402,Cult.fit,Bengaluru,India, fitness ,Series F,367,16,100,,635,2024-01-24,YYYY-00-DD 00:00:SS,Unknown,
layoff_03283,  Cisco,SF Bay Area,United States,Infrastructure,Post-IPO,80000,720,5600,7,2,09-Aug-2024,YYYY-00-DD 00:00:SS,Unknown,
layoff_02036,Skai,Tel Aviv,Israel,Marketing,Series E,571,491,80,14%,60,"December 03, 2024",YYYY-00-DD 00:00:SS,Unknown,
layoff_02433,Side,San Francisco,-,PropTech,Unknown,506,4417,100,10,13,"June 01, 2022",YYYY-00-DD 00:00:SS,Private,
layoff_00140,NuoDB,Boston,United States,Data,UNKNOWN ,69,49,20,,85,04-10-20,YYYY-00-DD 00:00:SS,Unknown,
layoff_05036,WanderJaunt,SF Bay Area,USA,Travel,Series B,85,17250,85,100,26,01-Jul-2022,"July 02, 2022",Unknown,
layoff_00130,Code42,Minneapolis,United States,Data,Series B,500,475,25,,138,04-09-20,YYYY-00-DD 00:00:SS,Unknown,
layoff_00724,Udacity,Mountain View,United States,EDUCATION ,Unknown,423,368,55,13,235,"October 11, 2022",YYYY-00-DD 00:00:SS,Unknown,
layoff_03907, Coupa ,SF Bay Area,U.S.,Finance,Acquired,230,115,300,7,219,05/30/2023,YYYY-00-DD 00:00:SS,Unknown,
layoff_01512,Jamf,Minneapolis,United States,OTHER,Post-IPO,329,360,180,6,332,2024-01-25,"January 25, 2024",Unknown,
layoff_00037,HOOQ,Singapore,Singapore,Consumer,Unknown,250,0,250,100,95,27-Mar-2020,YYYY-00-DD 00:00:SS,Unknown,
layoff_01487,Fashinza,New York City,United States,  retail  ,Unknown,275,836,340,100,153,18-Jan-2024,23-Jan-2024,Unknown,
layoff_05230,Flockjay,SF Bay Area,USA,Education,Series A,74,1920,,50%,14,"August 24, 2021",YYYY-00-DD 00:00:SS,Unknown,
layoff_02110,Redfin,Seattle,United States,Real Estate,Post-IPO,1400,293,46,100,320,12-Feb-2025,YYYY-00-DD 00:00:SS,Unknown,
layoff_04265,NetApp,SF Bay Area,U.S.A.,Data,,12000,567,960,8,47,31-Jan-2023,YYYY-00-DD 00:00:SS,Unknown,
layoff_04495,PharmEasy,Mumbai,India, healthcare,UNKNOWN ,72,302,,14%,1600,2022-12-10,YYYY-00-DD 00:00:SS,Unknown,
layoff_00093,Minted, SAN FRANCISCO ,United States, retail  ,Series E,397,250,147,37,,"April 03, 2020",YYYY-00-DD 00:00:SS,Unknown,
layoff_03353,Vivian Health,SF Bay Area,United States,Healthcare,Acquired,308,0,13,20,60,2024-04-03,04/10/2024,Unknown,
layoff_00864,Springbig,Miami,us,Sales,Post-IPO,161,124,37,23%,32,12-01-22,YYYY-00-DD 00:00:SS,Unknown,
layoff_03409,YouTube,SF Bay Area,U.S.,MEDIA ,Acquired,36,2657,100,13,11,2024-01-17,"January 17, 2024",Unknown,
layoff_00745,Snyk, BOSTON ,United States,  SECURITY,Series F,1414,1216,,14%,849,"October 24, 2022",YYYY-00-DD 00:00:SS,,
layoff_03914,Kabam,SF Bay Area,United States,Consumer,Acquired,13000,5120,350,,244,05-25-23,YYYY-00-DD 00:00:SS,Unknown,
layoff_00795,Root Insurance,,United States,Finance,Post-IPO,685,548,137,,,11-09-22,11/10/2022,Public,
layoff_01451,Uber Freight,San Francisco,United States,Logistics,Subsidiary,738,111,40,38,3,01/09/2024,YYYY-00-DD 00:00:SS,Unknown,
layoff_01233,Cityblock Health,New York City,USA,Healthcare,Series D,1292,1137,155,12,891,2023-06-08,06/08/2023,Unknown,
layoff_05123,KiwiCo,SF Bay Area,United States,Retail,Unknown,2200,1330,40,7,11,06-07-22,YYYY-00-DD 00:00:SS,Unknown,
layoff_00272,Culture Amp, melbourne  ,Australia,HR,Series E,450,414,36,8,157,28-May-2020,05/28/2020,Unknown,
layoff_04563,Firework,SF Bay Area,us,Retail,Series B,333,911,255,,,2022-11-29,YYYY-00-DD 00:00:SS,Unknown,
layoff_03267,Notable Labs,SF Bay Area,United States, healthcare,Series B,1000,203,30,65,417,"September 20, 2024",YYYY-00-DD 00:00:SS,Unknown,
layoff_02303,Olo,New York City,USA,Software Development,,300,105,100,20,1,09/17/2025,YYYY-00-DD 00:00:SS,,
layoff_03641,MaxMilhas,Belo Horizonte,Brazil,Travel,Unknown,456,812,82,18,116,"September 05, 2023",09-06-23,Unknown,
layoff_02162,tract  ,London,United Kingdom,Real Estate,Unknown,3200,800,20,29,1600,04-03-25,YYYY-00-DD 00:00:SS,Unknown,
layoff_04831,Juniper Square,SF Bay Area,United States, real estate ,Series C,2600,423,45,14,108,"September 06, 2022",YYYY-00-DD 00:00:SS,Unknown,
layoff_01738,Arkane Studios,Austin,United States,Consumer,Unknown,96,,96,100,17,08-May-2024,YYYY-00-DD 00:00:SS,Unknown,
layoff_02885,Parker,New York City,,  FINANCE,Series B ,1000,510,100,100,57,09-May-2026,YYYY-00-DD 00:00:SS,Unknown,
layoff_04008,Snyk,  BOSTON,United States,Security,Series F,80,495,128,44,849,04/13/2023,YYYY-00-DD 00:00:SS,Unknown,
layoff_04912,Talkdesk ,SF Bay Area,United States,Support,Series D,375,85,90,,497,08-05-22,YYYY-00-DD 00:00:SS,Unknown,
layoff_01885,Dell,Austin,United States,Hardware,,0,47500,480,7,1400,05-Aug-2024,05-Aug-2024,Unknown,
layoff_03367,Totango,SF Bay Area,United States,Support,Acquired,7000,2059,115,13,147,07-Mar-2024,YYYY-00-DD 00:00:SS,Unknown,
layoff_00766,Checkmarx,Tel Aviv,Israel,Security,Series C,1000,900,100,,92,11-02-22,YYYY-00-DD 00:00:SS,Unknown,
layoff_04352,Personalis,SF Bay Area,United States,Healthcare,Post-IPO,2280,810,30,30%,225,"January 19, 2023",YYYY-00-DD 00:00:SS,Unknown,
layoff_00359,Knock,New York City,U.S.,Real Estate,Unknown,250,135,115,46%,,15-Mar-2022,YYYY-00-DD 00:00:SS,Unknown,
layoff_05185,  Noom,New York City,United States,Healthcare,Series F,723,,495,31,657,"April 29, 2022",YYYY-00-DD 00:00:SS,Unknown,
layoff_03444,Rivian,  Detroit  ,United States,Transportation,,3950,252,20,,10700,12/07/2023,"December 22, 2023",Unknown,
layoff_00938,Cart.com,Austin  ,United States,Retail,Unknown,625,600,25,4,383,01-10-23,YYYY-00-DD 00:00:SS,Unknown,
layoff_00078,Instamojo,Bengaluru,India,Finance,Unknown,100,94,6,6%,8,2020-04-02,04/12/2020,Unknown,
layoff_01664,New Relic,  San Francisco ,USA,Infrastructure,Acquired,1818,,60,,214,04/03/2024,YYYY-00-DD 00:00:SS,Unknown,
,COURSE HERO  ,SF Bay Area,U.S.,Education,Series C,280,6467,42,15,477,03-16-23,YYYY-00-DD 00:00:SS,Unknown,
layoff_03584,Block,  sf bay area  ,United States,Finance,Post-IPO,52,,104,,150,04-Oct-2023,2023-10-04,Unknown,
layoff_01493,Riot Gaming,Los Angeles,USA,Consumer,Acquired,4818,4288,,11,21,01/22/2024,YYYY-00-DD 00:00:SS,Unknown,
layoff_05468,Dispatch,Boston,us,OTHER,Series A,1400,690,200,38,18,2020-04-17,YYYY-00-DD 00:00:SS,Unknown,
layoff_02152,Niantic,San Francisco,United States,Other,Series D,106250,1012,68,16,770,03/25/2025,YYYY-00-DD 00:00:SS,Unknown,
layoff_01357,ManoMano,Paris,France,Retail,Series F,920,690,230,25,705,10/18/2023,YYYY-00-DD 00:00:SS,Unknown,
layoff_02818,Snyk,  boston,United States, security ,Series F,125,9377,130,10,849,24-Jun-2026,2026-06-24,Unknown,
layoff_03061,Deepwatch,Tampa Bay,United States,Security,Series C,250,708,80,32,256,12-Nov-2025,11/14/2025,Unknown,
layoff_01413,Hyperloop One,Los Angeles,United States,Transportation,Unknown,14000,101,140,100,,21-Dec-2023,12/22/2023,Unknown,
layoff_02020,New Relic,San Francisco,United States,Infrastructure,acquired ,471,450,30,15,214,11/12/2024,"November 12, 2024",Unknown,
layoff_02062,Cloud Software Group, santa clara,United States of America,Other,unknown ,307,216000,25,,604,01/07/2025,2025-01-07,,
layoff_00092,Jetty,New York City,United States,Finance,Series B,88,,35,40,40,04-03-20,YYYY-00-DD 00:00:SS,Unknown,
layoff_01421,Lazada Group,Singapore,, Retail  ,Acquired,333,233,100,30,7,03-Jan-2024,2024-01-05,Unknown,
layoff_02774,Monday.com,Tel Aviv,Israel,Product,Post-IPO,3150,1016,630,20,384,22-Jul-2026,YYYY-00-DD 00:00:SS,Unknown,
layoff_05089,Tray.io,SF Bay Area,United States,  data ,Series C,1429,940,99,10,109,06/21/2022,YYYY-00-DD 00:00:SS,Unknown,
layoff_02048, CALENDLY  ,,United States,Other, series b,538,468,70,13%,351,12-11-24,YYYY-00-DD 00:00:SS,Unknown,
layoff_02373, Cellebrite,Petah Tikva,Israel,Digital Intelligence,,500,65,,,12,2025-12-03,12-03-25,Unknown,
layoff_03792,Jasper,Montreal,Canada,AI,Series A,312,80,60,,131,"July 11, 2023",2023-07-14,Unknown,
layoff_02578,Noom,New York,Unknown,Fitness/Digital Health,Unknown,300,111,1095,11,106,10/11/2022,YYYY-00-DD 00:00:SS,Private,
layoff_05012, AIRLIFT,Lahore,Pakistan,Logistics,Series B,738,1367,90,100,109,"July 12, 2022",07/13/2022,Unknown,
layoff_00129,Clinc,Ann Arbor,U.S.,Support,Series B,125,,40,,59,09-Apr-2020,02-Apr-2020,Unknown,
layoff_04681,CloudKitchens,Los Angeles,us,Real Estate,Unknown,1400,6091,110,100%,1300,"November 03, 2022",04-Nov-2022,Unknown,
layoff_01033,Miro, SAN FRANCISCO ,United States,Other,Series C,1700,1581,119,7,476,02-02-23,YYYY-00-DD 00:00:SS,Unknown,
layoff_01979,  chief ,New York City,United States,HR,  Series B  ,236,90,270,10,140,10-20-24,YYYY-00-DD 00:00:SS,Unknown,
layoff_04599,Chili Piper,New York City,United States,Sales, Series B,7333,930,58,10,54,17-Nov-2022,YYYY-00-DD 00:00:SS,Unknown,
layoff_01362,Nomad Health,New York City,United States,Healthcare,UNKNOWN,700,581,119,,218,20-Oct-2023,2023-02-10,Unknown,
layoff_00974,Microsoft,Seattle,USA,Software Development,Post-IPO,200000,190000,10000,5%,1,2023-01-18,YYYY-00-DD 00:00:SS,Public,
layoff_03904,McMakler,Berlin,Germany,Real Estate,Unknown,2545,518,60,13%,,05-31-23,02-Jun-2023,Unknown,
layoff_03895,haven technologies,new york city ,us,Finance,Subsidiary,400,771,280,70%,15,01-Jun-2023,YYYY-00-DD 00:00:SS,Unknown,
layoff_00463,Coinbase,San Francisco,U.S.A.,Crypto,post-ipo,6111,5011,1100,18,549,06-14-22,YYYY-00-DD 00:00:SS,Unknown,
layoff_00886,  BLACKLINE,Los Angeles,United States,Finance,Private Equity,1900,1805,95,5,,12/08/2022,YYYY-00-DD 00:00:SS,,
layoff_03420,Nevro,SF Bay Area,United States,Healthcare,Post-IPO,1260,406,63,5,556,01-09-24,YYYY-00-DD 00:00:SS,Unknown,
layoff_00586,Eucalyptus,Sydney,Australia,Healthcare,Series C,250,200,50,20,69,07/22/2022,YYYY-00-DD 00:00:SS,Unknown,
layoff_03992,Lenovo,Raleigh,United States,Hardware,Post-IPO,110000,43200,2400,15,850,2023-04-20,YYYY-00-DD 00:00:SS,Unknown,
layoff_04682,LiveRamp,SF Bay Area,United States,Marketing,Post-IPO,186,630,19,10,16,2022-11-03,YYYY-00-DD 00:00:SS,Unknown,
layoff_01318,  zebra technologies,Chicago,United States,Manufacturing,Post-IPO,10000,9300,700,7,2000,08-28-23,YYYY-00-DD 00:00:SS,Unknown,
layoff_05646,Eight Sleep,New York City,United States,Retail,Series C,818,60,100,20,70,"March 23, 2020",03-28-20,Unknown,
layoff_01998,Atera,Tel Aviv,Israel,Other,Series B,333,313,,6,102,2024-11-03,YYYY-00-DD 00:00:SS,Unknown,
layoff_03826,Starburst,Boston,United States,Data,Series D,81,63,960,15,414,28-Jun-2023,YYYY-00-DD 00:00:SS,Unknown,
layoff_01778,  gro intelligence  ,New York City,us,Food,Series B,0,567,150,10%,118,"May 31, 2024",YYYY-00-DD 00:00:SS,Unknown,
layoff_04469,Zoopla,London,United Kingdom,  Real Estate  ,Series C,2500,233,50,30,,12/23/2022,YYYY-00-DD 00:00:SS,Unknown,
layoff_03304,PayPal,SF Bay Area,United States,Finance, post-ipo  ,700,81,85,30%,216,06-18-24,YYYY-00-DD 00:00:SS,Unknown,
layoff_00438,Dutchie,Bend,United States,Other,Series D,714,,50,7,603,"June 06, 2022",YYYY-00-DD 00:00:SS,Unknown,
layoff_03747,Pluralsight,Salt Lake City,United States,Education,Acquired,580,324,400,3,192,07/25/2023,YYYY-00-DD 00:00:SS,Unknown,
layoff_00346,Glossier,New York City,United States,Consumer,Series E,242,162,80,33,266,01/26/2022,YYYY-00-DD 00:00:SS,Unknown,
layoff_02979,DELIVEROO,London,United Kingdom,,Post-IPO,813,624,187,,1700,"February 25, 2026",YYYY-00-DD 00:00:SS,Unknown,
layoff_00211,TranSan Francisco Bay Areaix,New York City,United States of America,Logistics,,240,216,24,10%,128,04-29-20,YYYY-00-DD 00:00:SS,Unknown,
layoff_00932,Bounce, Bengaluru ,India,  transportation ,,800,760,40,,214,01-06-23,YYYY-00-DD 00:00:SS,Unknown,
layoff_04092,Bonusly,Boulder,U.S.,HR,SERIES B,303,800,36,4,,"March 09, 2023",YYYY-00-DD 00:00:SS,Unknown,
layoff_04347,Fandom,SF Bay Area  ,United States,MEDIA,Series E,682,114,51,20,145,"January 19, 2023",2023-01-20,Unknown,
layoff_02157,2U,  washington dc ,United States,Education,Post-IPO,173,5633,200,45,426,2025-03-31,YYYY-00-DD 00:00:SS,Unknown,
layoff_04988,SellerX,Berlin,Germany,Retail,Unknown,500,2115,28,100,766,07-19-22,YYYY-00-DD 00:00:SS,Unknown,
layoff_05081,  sprinklr,New York City,United States, Support  ,Post-IPO,2714,3680,50,7,429,06-22-22,06/26/2022,Unknown,
layoff_05607,Restaurant365,Los Angeles,us,Food,Series C,271,,175,75,127,03/27/2020,YYYY-00-DD 00:00:SS,Unknown,
layoff_03195,Meta,SF Bay Area,United States,Consumer,Post-IPO,72000,1035,3600,5,26000,10-Feb-2025,YYYY-00-DD 00:00:SS,Unknown,
layoff_04726,Roofstock,SF Bay Area,U.S.,real estate,Series E,146,230,40,20,365,"October 20, 2022",10/22/2022,Unknown,
layoff_00244,Deliv,Menlo Park,us,Retail,Series C,669,0,669,100,,05/13/2020,YYYY-00-DD 00:00:SS,Unknown,
layoff_00535,Lightricks,Jerusalem,Israel,Consumer,Series D,667,587,80,12,335,"July 04, 2022",YYYY-00-DD 00:00:SS,Unknown,
layoff_04195,Getir,London,United Kingdom,Food,Series E,120,,,100,1800,"February 13, 2023",YYYY-00-DD 00:00:SS,Unknown,
layoff_01547,Top Hat,Toronto,Canada,Education,Series E,500,465,35,7,234,"February 02, 2024",YYYY-00-DD 00:00:SS,Unknown,
layoff_02779,Magic Leap,  Miami  ,United States,Consumer,Series E,500,84,193,6%,4100,07/20/2026,YYYY-00-DD 00:00:SS,Unknown,
layoff_00641, PELOTON  ,New York City,United States,,Post-IPO,6031,5247,784,13,1900,"August 12, 2022",YYYY-00-DD 00:00:SS,Unknown,
layoff_00048,Iris Nova,New York City,United States,Food,Seed,18,9,9,50,15,"March 30, 2020",YYYY-00-DD 00:00:SS,Unknown,
layoff_04452,Butterfly Network,Boston,United States, Healthcare ,Post-IPO,268,1632,285,25,530,01/04/2023,18-Jan-2023,Unknown,
layoff_02398,JOKR  ,New York,Unknown,"Food delivery, ecommerce",Unknown,1000,900,,5,120,06-16-22,YYYY-00-DD 00:00:SS,Private,
layoff_02453,Benitago Group,New York,N/A,"  e-commerce, retail  ",Unknown,1825,,15,14,9,2022-11-04,"November 04, 2022",Private,
layoff_04461,Ezoic,San Diego,United States of America,Infrastructure,Series A,6750,170,35,13%,39,12/31/2022,YYYY-00-DD 00:00:SS,Unknown,
layoff_05253,Dropbox, sf bay area,United States,  OTHER  ,Post-IPO,2100,,315,15,,"January 13, 2021",YYYY-00-DD 00:00:SS,Unknown,
layoff_01066,  Dropp  ,Berlin,Germany,Retail,Unknown,60,,60,100,2,02/14/2023,YYYY-00-DD 00:00:SS,Unknown,
layoff_04361,Bally's Interactive,Providence,,Consumer,Post-IPO,833,1276,80,,946,01-18-23,"January 21, 2023",Unknown,
layoff_02800,Hotmart,Belo Horizonte,Brazil,Marketing,Series C,1200,,370,10,127,07-06-26,YYYY-00-DD 00:00:SS,Unknown,
layoff_04714,Fundbox,SF Bay Area,us,Finance,,357,771,150,42,553,25-Oct-2022,YYYY-00-DD 00:00:SS,Unknown,
layoff_04762,Impossible Foods,SF Bay Area,U.S.,Food,series h,833,950,50,,1900,10-06-22,YYYY-00-DD 00:00:SS,Unknown,
layoff_01474,Dastgyr,Karachi,Pakistan,Retail,  SERIES A  ,920,467,9000,80,,01/12/2024,YYYY-00-DD 00:00:SS,Unknown,
layoff_05454,Lending Club,SF Bay Area,United States,  finance ,Post-IPO,1533,1382,460,30,392,"April 21, 2020",YYYY-00-DD 00:00:SS,Unknown,
layoff_05319,The Wing,,United States, REAL ESTATE,Series C,100,9100,56,10,117,01-Jul-2020,YYYY-00-DD 00:00:SS,Unknown,
layoff_02723,Pagaya,New York,Unknown,"FINTECH, AI ",Unknown,1000,575,200,20%,302,18-Jan-2023,YYYY-00-DD 00:00:SS,Public,
layoff_02706,DesktopMetal,"Burlington, Massachusetts",Unknown,3D Printing,Unknown,256,567,31,12,3,06-13-22,YYYY-00-DD 00:00:SS,Public,
layoff_01255,Convoy,Seattle,United States,Logistics,Series E,600,570,30,5%,1100,"June 26, 2023",06-27-23,Unknown,
layoff_05180,Colossus,Boston,USA,  Energy  ,Series A,3500,4725,,20,41,05-04-22,YYYY-00-DD 00:00:SS,Unknown,
layoff_04498,Share Now,Berlin,Germany, Transportation  ,Acquired,417,13160,150,,1700,12-09-22,YYYY-00-DD 00:00:SS,Unknown,
layoff_01193,Autograph,Los Angeles,United States,Crypto,Series B,91,61,30,33,205,05/04/2023,YYYY-00-DD 00:00:SS,Unknown,
layoff_01139,Domestika, Madrid ,Spain,education ,Series D,198,,89,45,130,03/31/2023,01-Apr-2023,Unknown,
layoff_00385,Meero,Paris,France,Other, SERIES C,700,,350,50%,293,2022-05-09,YYYY-00-DD 00:00:SS,Unknown,
layoff_03867,Grubhub,SF Bay Area,United States,Food,Acquired,2667,,400,15,,12-Jun-2023,2023-06-12,Unknown,
layoff_01969,CareerBuilder + Monster,Chicago,United States,Recruiting,Acquired,1333,1133,200,15,,10-Oct-2024,YYYY-00-DD 00:00:SS,Unknown,
layoff_02085,Placer.ai,Los Altos,United States,Data,Unknown,833,683,150,,267,2025-01-29,YYYY-00-DD 00:00:SS,Unknown,
layoff_05596,Zerto,boston,United States of America,Infrastructure,Series E,6750,80750,30,20,,03-31-20,01-Apr-2020,Unknown,
layoff_03660,SenseTime,Hong Kong,Hong Kong,AI,,250,80,1108,,2600,08/28/2023,YYYY-00-DD 00:00:SS,,
layoff_02484,  change.org  ,  SAN FRANCISCO,Unknown,CivicTech,Unknown,1667,1600,1350,19,41,07-28-22,YYYY-00-DD 00:00:SS,Private,
layoff_05397,Airy Rooms,Jakarta,Indonesia,,Unknown,200,50,50,100,3,07-May-2020,YYYY-00-DD 00:00:SS,Unknown,
layoff_04758,BioMarin,SF Bay Area,United States,Healthcare,Post-IPO,3000,20,120,,585,10/07/2022,YYYY-00-DD 00:00:SS,Unknown,
layoff_02829,FNZ,London,United Kingdom,  FINANCE ,Private Equity,293,400,180,40,3500,"June 16, 2026","June 16, 2026",Unknown,
layoff_04306,Guardant Health,SF Bay Area,United States,Healthcare,Post-IPO,1857,70,130,7,550,01-25-23,2023-01-26,,
layoff_03226,Kobo360,Lagos,Nigeria,Logistics,  Series B  ,200,0,30,8,85,11-30-24,YYYY-00-DD 00:00:SS,Unknown,
layoff_05584,Pebblepost,New York City,U.S.,Marketing,Series C,2000,513,400,60%,,"April 01, 2020",04/06/2020,Unknown,
layoff_01744,Vacasa,Portland,us,,  Unknown  ,6154,,800,13,834,05-09-24,YYYY-00-DD 00:00:SS,Unknown,
layoff_03899,CoachHub,Berlin,Germany,  hr,Series C,625,1215,382,10,332,2023-06-01,04-Jun-2023,Unknown,
layoff_02764,  Luno,London,,Crypto,Acquired,900,903,51,20%,13,07/28/2026,YYYY-00-DD 00:00:SS,Unknown,
layoff_02512,Section4,New York,-,Edtech,,128,1229,32,25,1100,2022-05-12,05-12-22,Private,
layoff_01401,Glowforge,Seattle,United States of America,Manufacturing,Series E,150,1417,30,,133,"December 15, 2023",YYYY-00-DD 00:00:SS,Unknown,
layoff_04154,Immutable,Sydney,Australia,Crypto,Series C,671,83,20,11,279,"February 22, 2023",YYYY-00-DD 00:00:SS,Unknown,
layoff_02865,Wix,Tel Aviv,Israel,MARKETING,Post-IPO,5000,142,1000,20,58,05-25-26,YYYY-00-DD 00:00:SS,Unknown,
layoff_03771,Amazon,Seattle,USA,Retail,Post-IPO,128,170,80,20,108,07/13/2023,07/14/2023,Unknown,
layoff_04384,Gramophone,Indore,India,Food,  Series B ,20833,3744,75,19,17,"January 16, 2023",YYYY-00-DD 00:00:SS,Unknown,
layoff_02969,ENVATO  ,,Australia,Marketing,Unknown,667,1188,200,30%,127,"March 04, 2026",YYYY-00-DD 00:00:SS,Unknown,
layoff_00824,Yotpo,,United States,Marketing,Unknown,778,708,70,9,436,2022-11-16,11/17/2022,Unknown,
layoff_00073,ClassPass,New York City,United States,Fitness,Series E,700,546,154,22,549,02-Apr-2020,YYYY-00-DD 00:00:SS,Unknown,
layoff_01513,microsoft  , seattle,United States,Software Development,Post-IPO,238,,1900,100,1,01-25-24,"January 25, 2024",Unknown,
layoff_05149,Eaze,SF Bay Area,United States,Consumer,Series D,927,976,25,30,,06-01-22,06/02/2022,Unknown,
layoff_00262,SoFi,San Francisco,United States,Finance,Private Equity,1600,1488,112,7%,,05-20-20,YYYY-00-DD 00:00:SS,Unknown,
layoff_04640,Juul,SF Bay Area,U.S.,Consumer,Unknown,1333,933,400,30,1500,"November 10, 2022",YYYY-00-DD 00:00:SS,Unknown,
layoff_02894,Pocket FM,Bengaluru  ,India,Media,Series D,1000,0,100,10%,212,05/06/2026,05/06/2026,Unknown,
layoff_05517,Quantcast,  SF BAY AREA,U.S.A.,Marketing,Series C,600,54,30,5,65,08-Apr-2020,YYYY-00-DD 00:00:SS,Unknown,
layoff_01948,Reverb,chicago,us,Retail,Acquired,168,56,40,25,47,2024-09-20,YYYY-00-DD 00:00:SS,Unknown,
layoff_04592,Kavak,Sao Paulo,Brazil,Transportation,Series E,1729,2600,100,8%,1600,2022-11-18,"November 20, 2022",Unknown,
layoff_05194,Loft,Sao Paulo,Brazil,Real Estate,,1714,261,159,75,788,"April 19, 2022",YYYY-00-DD 00:00:SS,Unknown,
layoff_00687,Taboola,New York City,United States,Marketing,Post-IPO,1667,1567,100,6,,09-13-22,YYYY-00-DD 00:00:SS,Unknown,
layoff_04426,LEAD,Mumbai,India,Education,Series E,48,480,60,15,,2023-01-10,YYYY-00-DD 00:00:SS,Unknown,
layoff_03824,Karat,Seattle,United States,HR,Unknown,88,510,47,,169,2023-06-28,YYYY-00-DD 00:00:SS,Unknown,
layoff_03084,Smartsheet,Seattle,United States,Other,Post-IPO,106250,5130,120,25,152,2025-10-02,YYYY-00-DD 00:00:SS,Unknown,
layoff_00954,Lending Club,San Francisco,United States,Finance,Post-IPO,1607,1382,225,14,392,01/12/2023,YYYY-00-DD 00:00:SS,Public,
layoff_02313,Starbreeze Entertainment,Stockholm,,Computer Games,Unknown,50,3200,44,50,108,02-Oct-2025,YYYY-00-DD 00:00:SS,Unknown,
layoff_04582,movidesk,Blumenau,Brazil,Support,Acquired,488,611,118,7,11,"November 22, 2022",2023-05-24,Unknown,
layoff_04877,Tempo Automation,SF Bay Area,us, Other  ,Series C,11580,,,4,74,08-17-22,"August 17, 2022",Unknown,
layoff_02349,Crystal Dynamics,San Mateo,United States,Game Studio,Unknown,10,,30,27,1100,"November 14, 2025","November 14, 2025",Unknown,
layoff_04919,Medly,New York City,United States,Healthcare,Series C,500,2300,100,16%,100,08/04/2022,YYYY-00-DD 00:00:SS,Unknown,
layoff_04337,Morning Consult,Washington D.C.,United States,Data,Series B,1429,567,1600,12,91,20-Jan-2023,01-24-23,Unknown,
layoff_02428,Mythical Games,Los Angeles,USA,"Video games, blockchain",Series C,667,1673,40,10,260,2022-11-04,YYYY-00-DD 00:00:SS,Private,
layoff_01499,GoStudent,Vienna,Austria,Education,Series D,2700,494,100,23,686,01/23/2024,YYYY-00-DD 00:00:SS,Unknown,
layoff_03949,Marqeta,SF Bay Area,us,Finance,,1118,297,150,15,530,"May 09, 2023",YYYY-00-DD 00:00:SS,Unknown,
layoff_05335,WeWork,London,United Kingdom,Real Estate,Series H,100,423,200,28,,2020-06-19,27-Jun-2020,Unknown,
layoff_01254,Uber,,United States,Transportation,Post-IPO,20077,19877,200,1%,25200,21-Jun-2023,YYYY-00-DD 00:00:SS,Unknown,
layoff_02943,Yupp,SF Bay Area,United States,AI, Seed ,312,240,15,100,33,03/31/2026,YYYY-00-DD 00:00:SS,Unknown,
layoff_01388,Etsy,New York City,USA,Retail,Post-IPO,2045,1820,225,11,97,13-Dec-2023,YYYY-00-DD 00:00:SS,Unknown,
layoff_01223,Vendr,Boston,United States,Other,Series B  ,400,300,100,25%,216,05-31-23,YYYY-00-DD 00:00:SS,Unknown,
layoff_00084,Synergysuite,Salt Lake City,United States,  food  ,Series A,71,66,5,7,6,"April 02, 2020","April 03, 2020",Unknown,
layoff_04335,Avalara,Seattle,us,Finance,Acquired,2363,,,33,341,20-Jan-2023,2023-01-21,Unknown,
layoff_01895,Ready Robotics,Columbus,United States,Manufacturing,Unknown,1667,9300,250,5,41,08-09-24,08-09-24,Unknown,
layoff_04375,Avaya,Durham,U.S.A.,Other,Post-IPO,1120,990,200,10,700,"January 17, 2023",08/01/2023,Unknown,
layoff_04698,Gem,SF Bay Area,U.S.A.,,Series C,303,1133,100,33,148,11/01/2022,YYYY-00-DD 00:00:SS,Unknown,
layoff_03027,FormFactor,SF Bay Area,USA,Manufacturing,Post-IPO,2000,9300,220,11%,15,01-09-26,YYYY-00-DD 00:00:SS,Unknown,
layoff_03071,Medtronic,Jerusalem,United States,Healthcare,Post-IPO,1250,1330,60,,5900,2025-10-27,"December 08, 2025",Unknown,
layoff_00243,Zeus Living,San Francisco,U.S.,Real Estate,,146,73,73,50,79,05/12/2020,12-May-2020,Unknown,
layoff_00427,Loom,San Francisco,USA,Product,Series C,243,,34,14%,203,06-01-22,YYYY-00-DD 00:00:SS,Unknown,
layoff_05328,  Engine eCommerce  ,Fayetteville,us,Retail,Unknown,2200,198,20,100,4,06/28/2020,YYYY-00-DD 00:00:SS,Unknown,
layoff_03915,WillowTree,Charlottesville,United States,Marketing,Acquired,1091,1140,120,11%,222,24-May-2023,05/24/2023,Unknown,
layoff_00299, gojek  ,Jakarta,Indonesia,Transportation,Series F,4778,,430,9,4800,23-Jun-2020,06-23-20,Unknown,
layoff_01921,IBM,Beijing,China,Hardware,Post-IPO,3333,24000,1000,,106,08-26-24,YYYY-00-DD 00:00:SS,,
layoff_02446,SundaySky,New York,Unknown,Video Conferencing Software,Unknown,185,73615,24,,1,07-11-22,YYYY-00-DD 00:00:SS,Private,
layoff_03111,Restaurant365,Los Angeles ,us,Food,,1111,29,100,9,127,14-Aug-2025,08/18/2025,Unknown,
layoff_02959,Stone,Sao Paulo,Brazil,Finance, POST-IPO,13333,,400,3,521,2026-03-13,YYYY-00-DD 00:00:SS,Unknown,
layoff_00623,Mejuri,Toronto,Canada,Retail,Series B,500,450,50,10,,"August 05, 2022",YYYY-00-DD 00:00:SS,Unknown,
layoff_02711,Edgio,"Tempe, AZ",Unknown,"Cloud computing, web hosting",Unknown,679,794,95,14%,225,12-13-22,YYYY-00-DD 00:00:SS,Public,
layoff_05174, Section4,New York City,United States,Education,Series A,789,368,32,35,37,"May 12, 2022","May 12, 2022",,
layoff_04476,Autograph,Los Angeles,United States,Crypto,Series B,168,2567,235,33,205,16-Dec-2022,12/19/2022,Unknown,
layoff_04896,Vedanta Biosciences,Boston,us, healthcare  ,Series D,800,20,63,20,,08/10/2022,YYYY-00-DD 00:00:SS,,
layoff_05147,Loom,SF Bay Area,USA,Product,Series C,243,32,34,14%,203,"June 01, 2022",YYYY-00-DD 00:00:SS,Unknown,
layoff_00414,Bitso,Mexico City,Mexico,  Crypto  ,Series C,727,647,80,11,378,2022-05-26,05/27/2022,Unknown,
layoff_02003,Avaya,Durham,United States, OTHER  ,Post-IPO,60,0,281,15%,700,11-06-24,YYYY-00-DD 00:00:SS,Unknown,
layoff_05052,Substack,SF Bay Area,United States,Media,Series B,93,0,13,14,,29-Jun-2022,YYYY-00-DD 00:00:SS,Unknown,
layoff_04086,Samsung,SF Bay Area,United States,Hardware,post-ipo  ,48000,114000,30,,,"March 14, 2023",15-Mar-2023,Unknown,
layoff_04187,  Udemy  ,SF Bay Area,United States,Education,Post-IPO,470,1410,60,10,311,02/14/2023,YYYY-00-DD 00:00:SS,Unknown,
layoff_03769, Navi Technologies ,Bengaluru,India,Finance,  unknown ,1550,255,200,25,,13-Jul-2023,2023-07-13,Unknown,
layoff_05261,Domio,New York City,USA,Real Estate,Series B,3056,84,29,50,116,2020-11-18,YYYY-00-DD 00:00:SS,Unknown,
layoff_00198,Welkin Health,San Francisco,United States,Healthcare,Series B,30,20,10,33,29,"April 24, 2020",04/24/2020,Unknown,
layoff_02913,Sama,Nairobi,Kenya,AI,Series B,10,66,1108,26,85,16-Apr-2026,15-May-2026,Unknown,
layoff_01994,Miro,San Francisco,United States,Other,Series C,1528,1253,275,18,476,"October 30, 2024","October 30, 2024",Unknown,
layoff_04280,BM Technologies,Philadelphia,United States, Finance,Post-IPO,10000,995,40,25,504,01/30/2023,YYYY-00-DD 00:00:SS,Unknown,
layoff_05326,Bossa Nova,SF Bay Area,United States,Retail,,60,4320,61,,101.6,29-Jun-2020,YYYY-00-DD 00:00:SS,Unknown,
layoff_04745,MX,Lehi,United States,Finance,Series C,214,260,200,3,450,11-Oct-2022,YYYY-00-DD 00:00:SS,Unknown,
layoff_02534,Lunchbox,New York,n/a,"Restaurant Tech, Food Tech",Unknown,500,135,140,37,839,01-10-23,YYYY-00-DD 00:00:SS,,
layoff_04194,Foodpanda,Singapore,Singapore,Food,Acquired,85,290,81,,749,02-13-23,YYYY-00-DD 00:00:SS,Unknown,
layoff_02976,Ocado,London,United Kingdom,Food,Post-IPO,20000,50,1000,,2000,26-Feb-2026,YYYY-00-DD 00:00:SS,Unknown,
layoff_02629,Storyblocks,"Washington, DC",Unknown,"Media, video editing",,1214,,130,30,1,11-18-22,YYYY-00-DD 00:00:SS,Private,
layoff_02548,MOJO VISION,"SARATOGA, CA ",n/a,"AR, health care",Unknown,2700,25,240,75,,2023-01-06,YYYY-00-DD 00:00:SS,Private,
layoff_01431,BenchSci,Toronto,Canada,Healthcare,Series D,411,341,70,17,164,01-08-24,YYYY-00-DD 00:00:SS,Unknown,
layoff_04288,CoinTracker,SF Bay Area,USA,Crypto,Series A,167,613,19,22%,101,"January 28, 2023",01/28/2023,Unknown,
layoff_02361,Apple,  cupertino ,us,Computers and Electronics Manufacturing,Unknown,200,0,88,,,"November 25, 2025",YYYY-00-DD 00:00:SS,Unknown,
layoff_02299,Sorbet,Tel Aviv,Israel,Fintech,Series A,100,1416,200,100%,,14-Sep-2025,YYYY-00-DD 00:00:SS,,
layoff_04268,Software AG,Frankfurt,Germany,Data,Post-IPO,5000,345,200,,344,2023-01-31,YYYY-00-DD 00:00:SS,Unknown,
layoff_03041,Whatfix,Bengaluru,India,AI,Series E,1000,68,60,6,265,2025-12-09,YYYY-00-DD 00:00:SS,Unknown,
layoff_05364,Intercom,SF Bay Area,United States,Support,Series D,650,147,39,6,240,05/20/2020,"May 20, 2020",Unknown,
layoff_03603,Eat Just,sf bay area,United States,Food,Unknown,3571,13500,,,465,22-Sep-2023,YYYY-00-DD 00:00:SS,Unknown,
layoff_03081,Bill.com, SF Bay Area,U.S.A.,Finance,Post-IPO,1214,760,159,6%,280,2025-10-15,YYYY-00-DD 00:00:SS,Unknown,
layoff_01864,EverC,Tel Aviv,Israel,Security,UNKNOWN,160,144,16,10,61,07/17/2024,YYYY-00-DD 00:00:SS,Unknown,
layoff_00202,App Annie,San Francisco,United States,Data,  unknown  ,444,364,80,,156,28-Apr-2020,YYYY-00-DD 00:00:SS,Unknown,
layoff_03443,Simplilearn,Bengaluru,India,Education,Acquired,12000,1261,200,,76,12/07/2023,YYYY-00-DD 00:00:SS,,
layoff_02143,Zonar Systems,,United States,Logistics,acquired,5000,1196,200,100,50,03-09-25,YYYY-00-DD 00:00:SS,Unknown,
layoff_02582,Healthcare.com,"Miami, FL",,  Insurtech , UNKNOWN,300,261,149,100,144,"August 03, 2022",YYYY-00-DD 00:00:SS,Private,
layoff_04932,Seegrid,Pittsburgh,United States,Logistics,Unknown,385,1170,90,20,,02-Aug-2022,YYYY-00-DD 00:00:SS,Unknown,
layoff_03153,GroundGame Health,Tampa Bay,United States,Healthcare,Series A,23,357,97,30,17,15-May-2025,16-May-2025,Unknown,
layoff_01010,Matrixport,  Singapore ,Singapore,Crypto,Series C,290,261,29,10,100,01-27-23,YYYY-00-DD 00:00:SS,Unknown,
layoff_02328,Chegg,Santa Clara,United States,Higher Education,Unknown,862,474,388,45,194,10-28-25,28-Oct-2025,Unknown,
layoff_00351,Hopin,,United Kingdom,Other,Series D,1150,1012,138,,,10-Feb-2022,11-Feb-2022,Unknown,
layoff_05337,Splunk,  SF BAY AREA ,United States,Data,Post-IPO,7000,121,70,1%,40,06-16-20,YYYY-00-DD 00:00:SS,Unknown,
layoff_04809,  Rent the Runway,New York City,United States,Retail,Post-IPO,55,4900,130,24,526,12-Sep-2022,YYYY-00-DD 00:00:SS,,
layoff_03320,Glovo,Madrid,,Food,Acquired,300,0,22,15,1200,2024-05-25,YYYY-00-DD 00:00:SS,Unknown,
layoff_01478,Vendr,Boston,United States,Other,  SERIES B  ,7273,,350,50%,216,"January 12, 2024",YYYY-00-DD 00:00:SS,Unknown,
layoff_04363,Cazoo,London,United Kingdom,Transportation,,1875,1600,72,14,2000,2023-01-18,19-Jan-2023,Unknown,
layoff_02189,General Fusion,Vancouver,Canada,Energy,,433,396,200,25,370,05-May-2025,YYYY-00-DD 00:00:SS,Unknown,
layoff_01933,Lyft,San Francisco,United States,Transportion,Post-IPO,3000,2970,30,1,5,04-Sep-2024,YYYY-00-DD 00:00:SS,Unknown,
layoff_01749,Indeed,Austin,United States,HR,Acquired,12500,11500,1000,8,5,"May 13, 2024",2024-05-13,Unknown,
layoff_01852,Intuit,Mountain View,United States of America,Finance,Post-IPO,18000,16200,,10,18,07/10/2024,"July 10, 2024",Unknown,
layoff_04504,Chrono24,Karlsruhe,Germany,  retail,Series C,667,1822,80,8%,205,"December 08, 2022",YYYY-00-DD 00:00:SS,Unknown,
layoff_05497,  ZOOX  ,SF Bay Area,us,Transportation,Series B,1000,280,100,10,955,2020-04-13,14-Apr-2020,,
layoff_01124,FreshBooks,Toronto,Canada,Finance,,800,720,80,10,331,03/21/2023,YYYY-00-DD 00:00:SS,Unknown,
layoff_02444,Digital Currency Group,,Unknown,Cryptocurrency, UNKNOWN  ,77,1820,10,13,34,2022-11-02,2022-11-02,Private,
layoff_05271,Quibi,Los Angeles,United States of America,Media,private equity  ,1950,14850,14,,1800,2020-10-21,YYYY-00-DD 00:00:SS,Unknown,
layoff_02517,EquityZen,New York,Unknown,Fintech,Unknown,111,50,30,27,2,2022-10-31,YYYY-00-DD 00:00:SS,Private,
layoff_05283,Ouster,SF Bay Area,United States,Transportation,  series b ,75,,25,,132,09/08/2020,YYYY-00-DD 00:00:SS,Unknown,
layoff_00189,StockX,Detroit,United States,Retail,Series C,833,733,100,12,160,04-23-20,2020-04-24,Unknown,
layoff_04191,Collective Health,SF Bay Area,United States of America,,Series F,200,171,54,,719,02/13/2023,02/15/2023,Unknown,
layoff_02940, MONZO  ,,United Kingdom,Finance,Series F,100,,50,20,324,"March 31, 2026",YYYY-00-DD 00:00:SS,Unknown,
layoff_05460,Komodo Health,SF Bay Area,United States,Healthcare,Series C,256,850,23,9,,20-Apr-2020,YYYY-00-DD 00:00:SS,Unknown,
layoff_03960,Unity  ,SF Bay Area,U.S.A.,Other,,7500,0,600,8,1300,05/03/2023,YYYY-00-DD 00:00:SS,Unknown,
layoff_02370,Outright Games,London Colney,United Kingdom,Computer games ,Unknown,367,176,27,,55,12/02/2025,02-Dec-2025,Unknown,
layoff_03751,PathAI,Boston,United States,HEALTHCARE ,Series C,303,27,87,30%,255,"July 21, 2023",YYYY-00-DD 00:00:SS,Unknown,
layoff_04559,Venafi,Salt Lake City,United States,Security,Acquired,714,4387,100,5,167,11-30-22,YYYY-00-DD 00:00:SS,Unknown,
layoff_01291, fable  ,Toronto,Canada,  other ,Series A,144,,13,9,12,31-Jul-2023,YYYY-00-DD 00:00:SS,Unknown,
layoff_02337,HP,Houston,us,IT Services and IT Consulting,Unknown,600000,588000,52,2,583,2025-11-05,05-Nov-2025,,
layoff_04134,BitSight,Tel Aviv,Israel,Security,Unknown,2611,334,40,21,401,02-26-23,YYYY-00-DD 00:00:SS,Unknown,
layoff_00099,Borrowell,Toronto,Canada,Finance,Series B,75,60,15,20%,72,04/06/2020,06-Apr-2020,Unknown,
layoff_03452,  course hero  ,SF Bay Area,USA,EDUCATION  ,Series C,300,1920,60,25,477,12/05/2023,YYYY-00-DD 00:00:SS,Unknown,
layoff_00644,Sema4,Stamford,United States,Healthcare, post-ipo,1923,,250,13,791,08-15-22,YYYY-00-DD 00:00:SS,Unknown,
layoff_00291,  uber  , AMSTERDAM  ,Netherlands,Transportation,  Post-IPO  ,900,675,,25,24700,12-Jun-2020,06-27-20,Unknown,
layoff_01632,Niche,Pittsburgh,USA,Education,Series C,343,319,24,,44,03/08/2024,YYYY-00-DD 00:00:SS,Unknown,
layoff_05245,ThredUp,Chicago,U.S.,Retail,Series F,239,2550,243,23%,,"February 09, 2021",YYYY-00-DD 00:00:SS,Unknown,
layoff_03876,Freshworks,SF Bay Area,United States,Support, post-ipo,760,6650,193,10,484,08-Jun-2023,06-08-23,Unknown,
layoff_04162,Zalando,Berlin,Germany,Retail,Post-IPO,80,9200,50,,467,"February 21, 2023",YYYY-00-DD 00:00:SS,Unknown,
layoff_01383,SmileDirectClub,Nashville,United States,HEALTHCARE,Post-IPO,500,107,50,100,694,"December 09, 2023",2023-12-10,Unknown,
layoff_00195,Lighter Capital,Seattle,United States,Finance,Series B,82,64,18,,,04/24/2020,YYYY-00-DD 00:00:SS,Unknown,
layoff_02253,TCS,Mumbai,India,IT Services and IT Consulting,Unknown,600000,588000,12000,2,90,2025-07-27,YYYY-00-DD 00:00:SS,Unknown,
layoff_00798,InfluxData,San Francisco,United States,Data,Series D,241,,65,27,119,11-10-22,"November 10, 2022",Unknown,
layoff_01802,VRCHAT,San Francisco,United States,cloud,Series D ,625,465,40,30,95,2024-06-13,YYYY-00-DD 00:00:SS,Unknown,
layoff_04557,  PINTEREST  ,SF Bay Area,U.S.,Consumer,Post-IPO,129,817,670,11,1500,2022-11-30,12-01-22,Unknown,
layoff_05650,Service,Los Angeles,United States,Travel,Seed,1000,6233,84,100,5,03-20-20,YYYY-00-DD 00:00:SS,Unknown,
layoff_00337,Bounce,Bengaluru,India,Transportation,Series D,500,300,200,,214,02/22/2021,YYYY-00-DD 00:00:SS,Unknown,
layoff_01187, ZOOMO ,Sydney,Australia,Transportation,Series B,338,311,27,8,105,2023-05-02,YYYY-00-DD 00:00:SS,,
layoff_03631,Mollie,AMSTERDAM ,Netherlands,Finance,Series C,18000,,38,15,928,"September 11, 2023",YYYY-00-DD 00:00:SS,Unknown,
layoff_04320,  Scoro ,London,United Kingdom,HR,Series B,193,15040,198,9,23,"January 24, 2023",01/24/2023,Unknown,
layoff_01592,Auctane,Austin,U.S.A.,Retail,Unknown,187,920,216,,12900,02-20-24,YYYY-00-DD 00:00:SS,Unknown,
layoff_05652,Bounce,Bengaluru,India,Transportation,Series D,143,2009,120,60,214,03/19/2020,YYYY-00-DD 00:00:SS,Unknown,
layoff_01818,Unit,New York City,USA,Finance,Series C,1300,210,250,,,06/18/2024,2024-06-18,Unknown,
layoff_04381,RateGenius,Austin,United States,Finance,Acquired,93,146,15,4,2,17-Jan-2023,YYYY-00-DD 00:00:SS,Unknown,
layoff_03765,Ezoic,San Diego,U.S.,Infrastructure,Series A,133,2295,110,28,39,07-17-23,YYYY-00-DD 00:00:SS,Unknown,
layoff_05453,Paytm,New Delhi,India, Finance ,,400,771,500,,2200,2020-04-21,YYYY-00-DD 00:00:SS,Unknown,
layoff_03013,Autodesk,SF Bay Area,United States,Other,Post-IPO,14286,,1000,7,238,01-22-26,YYYY-00-DD 00:00:SS,Unknown,
layoff_04090,Wave Financial,Toronto,Canada,Finance,Acquired,1300,360,50,18,79,09-Mar-2023,YYYY-00-DD 00:00:SS,Unknown,
layoff_02325,Robin AI,London,United Kingdom,  Legal Intelligence  ,Series B,17500,2400,40,33,,"October 24, 2025",YYYY-00-DD 00:00:SS,Unknown,
layoff_02112,Metro Africa Xpress,Lagos,Nigeria,Logistics,  unknown,3200,150,150,,64,02/13/2025,YYYY-00-DD 00:00:SS,Unknown,
layoff_00025, B8ta,San Francisco,U.S., Retail,Series C,500,250,250,50,88,03/26/2020,YYYY-00-DD 00:00:SS,Unknown,
layoff_01793,Paytm,Noida,India,Finance,Unknown,1200,64,3500,30,1800,10-Jun-2024,YYYY-00-DD 00:00:SS,Unknown,
layoff_01642,Airmeet,Bengaluru,India,Marketing,Series B,1000,323,8,,50,19-Mar-2024,03/20/2024,Unknown,
layoff_04972,People.ai,SF Bay Area,United States,Sales,Series D,167,900,100,15,200,2022-07-22,YYYY-00-DD 00:00:SS,Unknown,
layoff_05543,  zoox  ,SF Bay Area,United States,Transportation,Series B,2000,160,120,33,955,2020-04-03,YYYY-00-DD 00:00:SS,Unknown,
layoff_05438,OYO,Sao Paulo,Brazil,  travel ,Series F,243,0,,50,2400,"April 25, 2020",YYYY-00-DD 00:00:SS,Unknown,
layoff_05528,Virta Health,SF Bay Area,United States,Healthcare,Series C,50,170,65,60,175,04/07/2020,YYYY-00-DD 00:00:SS,Unknown,
layoff_04776,Pastel,sf bay area  ,United States, food  ,Unknown,1000,2200,100,100,,30-Sep-2022,YYYY-00-DD 00:00:SS,Unknown,
layoff_00853,Grin,  SACRAMENTO  ,United States,Marketing,Series B,462,402,60,13,145,30-Nov-2022,YYYY-00-DD 00:00:SS,Unknown,
layoff_04218,zoom  ,SF Bay Area,U.S.A.,Other,Post-IPO,8667,,1300,15,,02-07-23,2023-02-07,Unknown,
layoff_03635,Hijra,Jakarta,Indonesia,Finance,Unknown,170,368,60,,67,"September 07, 2023",YYYY-00-DD 00:00:SS,Unknown,
layoff_04513,Vanta, SF BAY AREA ,United States,Security,Series B,176,,,14,203,"December 08, 2022",YYYY-00-DD 00:00:SS,Unknown,
layoff_03149,  SALTO  ,Tel Aviv,Israel,  other ,Series B,60,42,30,50,69,"June 10, 2025",YYYY-00-DD 00:00:SS,Unknown,
layoff_01788,oda,Oslo,Norway,Food,Unknown,909,1350,150,100%,,2024-06-06,YYYY-00-DD 00:00:SS,Unknown,
layoff_04391,Ola,Bengaluru,India,Transportation,,15000,800,200,25%,5000,13-Jan-2023,YYYY-00-DD 00:00:SS,Unknown,
layoff_03627,Chargebee,SF Bay Area,United States of America,Finance,Series H,1000,1020,100,10,468,"September 11, 2023",09/11/2023,Unknown,
layoff_02032, SPROUT SOCIAL,Chicago,USA,Marketing,Post-IPO,385,315,40,12%,111,11/25/2024,YYYY-00-DD 00:00:SS,Unknown,
layoff_01157,Astronomer,Cincinnati,United States,Data,Series C,250,150,100,,282,04/13/2023,15-Apr-2023,Unknown,
layoff_05286,Awok,Dubai,United Arab Emirates,Retail,Series A,5000,,900,100%,30,09/02/2020,2020-09-02,Unknown,
layoff_01546,Small Robot Computer,Salisbury,United Kingdom,Food,,500,,273,100,10,"February 02, 2024",YYYY-00-DD 00:00:SS,Unknown,
layoff_03250,Twelve,SF Bay Area,us,Energy,,482,170,900,,844,10-25-24,10/31/2024,Unknown,
layoff_04193,Casavo,Milan,Italy,  real estate,Unknown,4100,135,40,30,708,2023-02-13,YYYY-00-DD 00:00:SS,Unknown,
layoff_04786,Graphcore,Bristol,United Kingdom,Data,,461,176,200,8,692,09/27/2022,YYYY-00-DD 00:00:SS,Unknown,
layoff_04486,Landing,Birmingham,United States,Real Estate,Series C,290,,40,,347,12-14-22,YYYY-00-DD 00:00:SS,Unknown,
layoff_02136,ANS Commerce,Gurugram,India,Retail,Acquired,1000,1870,150,100,2,03/02/2025,03-Mar-2025,Unknown,
layoff_04052,AEye,SF Bay Area,United States,,,139,,46,33,314,03/28/2023,"March 29, 2023",Unknown,
layoff_04996,Aspire,SF Bay Area,United States of America,Marketing,Series A,250,1665,23,15,27,07/15/2022,YYYY-00-DD 00:00:SS,Unknown,
layoff_04639,Offerpad,Phoenix,United States,Real Estate,Post-IPO,150,360,100,,355,11-11-22,YYYY-00-DD 00:00:SS,Unknown,
layoff_05303, buy.com / rakuten,SF Bay Area,United States,Retail,Acquired,87,3564,87,100,42.4,"July 30, 2020",YYYY-00-DD 00:00:SS,Unknown,
layoff_03018, Tipalti  ,SF Bay Area,United States of America,Finance,Series F,300,,100,30%,565,01/15/2026,01-19-26,Unknown,
layoff_02890,DeepL,cologne,Germany,AI,Unknown,1190,,250,21%,400,"May 07, 2026",2026-05-07,Unknown,
layoff_04891,Betterfly, Santiago ,Chile,Healthcare,,44,43,30,,204,"August 11, 2022",YYYY-00-DD 00:00:SS,Unknown,
layoff_04182,Vicarious Surgical,Boston,us,Healthcare,,206,27,110,14,185,2023-02-15,YYYY-00-DD 00:00:SS,Unknown,
layoff_01651,Osso VR,San Francisco,United States,Healthcare, Series C  ,555,,67,57,109,04-01-24,YYYY-00-DD 00:00:SS,Unknown,
layoff_05119,Truepill,SF Bay Area,United States,Healthcare, series d ,1000,268,150,15%,255,"June 08, 2022",10-Jun-2022,Unknown,
layoff_02853,Lightricks,Jerusalem,Israel,Consumer, series d ,441,,75,17,,06/01/2026,YYYY-00-DD 00:00:SS,Unknown,
layoff_03576,Shift,SF Bay Area,United States,Transportation,Post-IPO,15000,280,17,100,504,10/06/2023,YYYY-00-DD 00:00:SS,Unknown,
layoff_05102,JetClosing,Seattle,United States,Real Estate ,Series B,3371,9100,20,,44,06/15/2022,YYYY-00-DD 00:00:SS,Unknown,
layoff_04420,Oyster,Charlotte,United States,HR,Series C,933,357,70,12%,224,2023-01-11,YYYY-00-DD 00:00:SS,Unknown,
layoff_01325,  hodinkee,  New York City,United States,,Seed,120,96,24,,40,09/05/2023,2023-09-06,Unknown,
layoff_01419,Frontdesk,Milwaukee,United States,Travel,Unknown,200,0,,100,,"January 02, 2024",YYYY-00-DD 00:00:SS,Unknown,
layoff_01464,Certinia,San Jose,United States,Other,Unknown,10000,,1500,10%,194,11-Jan-2024,YYYY-00-DD 00:00:SS,Unknown,
layoff_03774,Centr,,Australia, Fitness  ,Unknown,2667,408,22,4,404,2023-07-13,YYYY-00-DD 00:00:SS,Unknown,
layoff_05221,Spin,SF Bay Area,U.S.A.,Transportation,ACQUIRED,6000,1960,600,25,8,08-Jan-2022,YYYY-00-DD 00:00:SS,Unknown,
layoff_04772,Tempo,SF Bay Area ,United States,,,400,1200,700,,,2022-10-03,YYYY-00-DD 00:00:SS,,
layoff_04371,Clutch,Toronto,Canada,Transportation,Unknown,15000,3675,150,12%,253,"January 17, 2023",YYYY-00-DD 00:00:SS,Unknown,
layoff_00006,  Remote Year,Chicago,United States,  Travel  ,Series B,100,50,50,50,17,03/19/2020,28-Mar-2020,Unknown,
layoff_03522,Splunk,SF Bay Area,United States,Data,Post-IPO,7143,0,500,,2400,01-Nov-2023,YYYY-00-DD 00:00:SS,Unknown,
layoff_00317,Eatsy,Singapore,Singapore,Food,Seed,20,,20,100,,08-08-20,YYYY-00-DD 00:00:SS,Unknown,
layoff_04717,Convoy,Seattle,USA,  logistics,,500,3986,60,30,,2022-10-25,YYYY-00-DD 00:00:SS,Unknown,
layoff_02740,Adobe,"san jose, ca ",Unknown,"Marketing, software, SaaS",Unknown,933,490,100,5,560,06-Dec-2022,YYYY-00-DD 00:00:SS,Public,
layoff_05509,CipherTrace,SF Bay Area,U.S.A., Crypto  ,Unknown,100,903,26,50,18,09-Apr-2020,YYYY-00-DD 00:00:SS,Unknown,
layoff_01445,Morning Consult,Washington DC,,Data,Series B,500,364,275,6,91,"January 09, 2024",YYYY-00-DD 00:00:SS,Unknown,
layoff_00619,LEAD,Mumbai,India,Education,Series E,2000,1920,80,4,166,2022-08-04,08-04-22,Unknown,
layoff_05219,Root Insurance, Columbus  ,us,Finance,post-ipo,2000,391,330,,527,"January 20, 2022",YYYY-00-DD 00:00:SS,Unknown,
layoff_00726,Byju's,Bengaluru,India,Education,Private Equity,50000,47500,2500,5%,5500,10/12/2022,YYYY-00-DD 00:00:SS,Unknown,
layoff_03571,Product Hunt,Unknown,U.S.A., consumer,Acquired,1450,2000,50,60,3,10-09-23,YYYY-00-DD 00:00:SS,Unknown,
layoff_05003,Tonal,SF Bay Area,United States,Fitness,Series E,749,1300,262,35,450,"July 13, 2022",07/13/2022,Unknown,
layoff_01374,Unity,San Francisco,United States,  Other,,6625,6360,,4%,1300,"November 28, 2023",2023-11-28,Unknown,
layoff_04110,Accolade,Seattle,U.S.A.,Healthcare ,Post-IPO,1292,494,41,18,,03/03/2023,03/07/2023,Unknown,
layoff_02047,Foundry,Boston,U.S.A.,CRYPTO  ,Subsidiary,274,200,74,,13,12-11-24,YYYY-00-DD 00:00:SS,Unknown,
layoff_02984,Lucid Motors,SF Bay Area,us,Transportation,Post-IPO,6667,101,100,12,8300,"February 20, 2026",YYYY-00-DD 00:00:SS,Unknown,
layoff_00815,UiPath,New York City,United States,Data,Post-IPO,4017,3776,241,6,2000,"November 15, 2022",2022-11-17,Unknown,
layoff_03650,Biofourmis,  Boston ,United States, HEALTHCARE ,,152,900,120,20,464,2023-08-31,01-Sep-2023,Unknown,
layoff_05316,PaySense,Mumbai,India,Finance,Acquired,782,,,,25.6,07-09-20,YYYY-00-DD 00:00:SS,Unknown,
layoff_02650,Capsule,New York,Unknown,Health Care,Unknown,1452,18,558,18%,,07-21-22,YYYY-00-DD 00:00:SS,Private,
layoff_03192,Zendesk,SF Bay Area,USA,Support,Acquired,264,830,51,8,85,2025-02-21,YYYY-00-DD 00:00:SS,Unknown,
layoff_05022,Next Insurance,SF Bay Area,United States,Finance,Series E,882,50,150,17,,"July 07, 2022",YYYY-00-DD 00:00:SS,Unknown,
layoff_03923,Daylight,Los Angeles,United States,Finance,  SERIES A,1000,455,83,100,20,05/22/2023,10/26/2023,Unknown,
layoff_01012,Arrival,London,United Kingdom,Transportation,Post-IPO,1600,800,800,50%,629,2023-01-30,2023-01-31,Unknown,
layoff_01153,Milkrun, SYDNEY  ,Australia,Food,Series A,400,,,100,86,11-Apr-2023,YYYY-00-DD 00:00:SS,Unknown,
layoff_00896,  primer  ,London,United Kingdom,Finance,Series B,258,173,85,33%,73,09-Dec-2022,YYYY-00-DD 00:00:SS,Unknown,
layoff_00927,Personetics,  new york city,United States,support,Private Equity,375,345,30,8,178,2023-01-05,YYYY-00-DD 00:00:SS,Unknown,
layoff_05514,Unison,SF Bay Area,us,Finance,Series B,198,303,89,45%,40,04-08-20,YYYY-00-DD 00:00:SS,,
layoff_02953,Gemini,New York City,United States, Crypto ,Unknown,900,171,35,30%,423,"March 20, 2026",YYYY-00-DD 00:00:SS,Unknown,
layoff_04671,Brainly,Krakow,Poland,,Series D,862,117,25,50%,148,11-06-22,2022-11-07,Unknown,
layoff_02391,VideoAmp,Los Angeles,U.S.A.,Advertising platforms,Series F,329,216,300,2,456,"September 19, 2022",09-21-22,Private,
layoff_00627,Perion,Tel Aviv,Israel,  MARKETING,Post-IPO,400,380,20,5%,76,08-Aug-2022,08-08-22,Unknown,
layoff_04686,Studio,SF Bay Area,United States,Education,Series B,16667,99,55,100,50,"November 03, 2022",11/05/2022,Unknown,
layoff_02823,  91Trucks  ,Gurugram,India,,Series A,143,1100,,,5,22-Jun-2026,YYYY-00-DD 00:00:SS,Unknown,
layoff_03161,NetApp,SF BAY AREA  ,U.S.A., DATA, POST-IPO  ,11667,810,700,6,205,04/30/2025,YYYY-00-DD 00:00:SS,Unknown,
layoff_01211,Zepz,London,United Kingdom,Finance,Series E,1615,1195,420,,700,16-May-2023,YYYY-00-DD 00:00:SS,Unknown,
layoff_02549,Uniphore,"Palo Alto, CA",N/A,"Artificial intelligence, machine learning",Unknown,100,1100,76,,51,01/03/2023,YYYY-00-DD 00:00:SS,Private,
layoff_01575,Instacart, san francisco,United States,Food,Post-IPO,3571,3321,250,7,3,02/13/2024,YYYY-00-DD 00:00:SS,Unknown,
layoff_02950,Flex AI,Vancouver,Canada,Fitness,Unknown,6031,546,100,,13,"March 24, 2026",YYYY-00-DD 00:00:SS,Unknown,
layoff_03546,Plume,Denver,United States,Healthcare,Series B,200,200,24,50,38,10-18-23,YYYY-00-DD 00:00:SS,Unknown,
layoff_04315,VENNGAGE,Toronto,Canada,Marketing,,55,220,11,20,28,01/24/2023,YYYY-00-DD 00:00:SS,Unknown,
layoff_01572,SiriusXM,New York City,USA,Media,Post-IPO,5333,5173,,3,525,02-12-24,YYYY-00-DD 00:00:SS,Unknown,
layoff_00280,Fundbox,,United States,Finance,Series C,93,79,14,,453,2020-06-02,YYYY-00-DD 00:00:SS,Unknown,
layoff_03225,  2U ,Washington D.C.,United States,Education,Post-IPO,16667,465,81,20,426,2024-12-04,YYYY-00-DD 00:00:SS,Unknown,
layoff_05409,League,Toronto,Canada,Healthcare,Unknown,303,0,245,100%,76,05/05/2020,05/07/2020,Unknown,
layoff_03523,Faire,SF Bay Area,United States,Retail,,1250,20900,250,20,1700,2023-11-01,YYYY-00-DD 00:00:SS,Unknown,
layoff_03314,Copia,Nairobi,Kenya,Retail,Series C,250,360,1060,100%,103,2024-06-06,06/10/2024,Unknown,
layoff_00213,Namely,  NEW YORK CITY  ,United States,,Series E,275,165,110,40,217,"May 01, 2020",05-02-20,Unknown,
layoff_04991,PACT Pharma, SF Bay Area,United States,Healthcare,,10000,1673,94,13,200,18-Jul-2022,YYYY-00-DD 00:00:SS,Unknown,
layoff_02234,Sony,Tel Aviv,Israel,Electronics,,100,,100,13,25,"July 11, 2025",11-Jul-2025,Unknown,
layoff_03356,Osso VR,SF Bay Area,United States,Healthcare,Series C,317,2880,67,9,109,"April 01, 2024",04/02/2024,Unknown,
layoff_00689,Pitch,Berlin,Germany,Marketing,  series b ,197,138,59,30,,09-14-22,YYYY-00-DD 00:00:SS,Unknown,
layoff_02369,Aqua Security,burlington ,United States of America,Computer and Network Security,Unknown,333,570,100,56,82,"December 01, 2025",YYYY-00-DD 00:00:SS,,
layoff_05091,SummerBio,SF Bay Area,U.S.A.,Healthcare,Unknown,101,18,101,100%,7,06-20-22,YYYY-00-DD 00:00:SS,Unknown,
layoff_04428,Beamery,London,United Kingdom,  HR,Series D,1917,,87,12,223,01/10/2023,YYYY-00-DD 00:00:SS,Unknown,
layoff_03062,FNZ  ,London,United Kingdom,Finance,Private Equity,457,1470,150,3,3500,11-10-25,YYYY-00-DD 00:00:SS,Unknown,
layoff_02918,Taboola,new york city,United States of America,marketing  ,Post-IPO,2000,491,100,5,445,"April 15, 2026",YYYY-00-DD 00:00:SS,Unknown,
layoff_05465,Labster,Copenhagen,Denmark,Education,Series B,170,99,40,3%,34,04-17-20,2020-04-27,Unknown,
layoff_01344,Chia Network,SAN FRANCISCO  ,United States,Crypto,  SERIES D  ,70,44,26,37,70,2023-10-02,YYYY-00-DD 00:00:SS,,
layoff_05024,Cedar,New York City,U.S.A.,HEALTHCARE,Series D,101,144,245,24%,351,"July 07, 2022",YYYY-00-DD 00:00:SS,Unknown,
layoff_00743,OrCam,Jerusalem,Israel,,Unknown,388,326,62,16,86,10/23/2022,2022-10-24,Unknown,
layoff_01578,Riskified,New York City,United States,Retail,Post-IPO,667,627,40,,229,02/13/2024,YYYY-00-DD 00:00:SS,Unknown,
layoff_02785,Rapid7,Boston,United States,Security,,2100,2850,21,1,89,"July 14, 2026",YYYY-00-DD 00:00:SS,Unknown,
layoff_01970,  gowild , LOUISVILLE,U.S.A.,Retail,Seed,17400,2833,30,100,8,10/10/2024,YYYY-00-DD 00:00:SS,Unknown,
layoff_04733,  TIENDANUBE  ,Buenos Aires,Argentina,Marketing,UNKNOWN,1000,,,5,300,2022-10-17,YYYY-00-DD 00:00:SS,Unknown,
layoff_01834,Perion, Tel Aviv,Israel,MARKETING  ,Post-IPO,700,665,35,,76,25-Jun-2024,YYYY-00-DD 00:00:SS,Unknown,
layoff_02490,Equitybee,San Francisco,n/a,Fintech,UNKNOWN,125,50,25,20,2,10-31-22,YYYY-00-DD 00:00:SS,Private,
layoff_02705,AppLovin,Palo Alto,Unknown,"Mobile Apps, Developer Tools",Unknown,2500,192,300,12,9400,06-29-22,YYYY-00-DD 00:00:SS,Public,
layoff_03042,VSCO,SF Bay Area,us,Consumer,  series b,429,10350,24,,90,"December 09, 2025",YYYY-00-DD 00:00:SS,Unknown,
layoff_04301,Quora,SF Bay Area,United States,Consumer,Series D,441,465,,22,226,01-26-23,YYYY-00-DD 00:00:SS,Unknown,
layoff_00501,Bitpanda,Vienna,Austria,Crypto,Series C,1000,730,270,27,546,24-Jun-2022,YYYY-00-DD 00:00:SS,Unknown,
layoff_04310,PagSeguro,,Brazil,  finance,Post-IPO,906,,200,7,472,"January 25, 2023",YYYY-00-DD 00:00:SS,Unknown,
layoff_03234,Forward,  SF BAY AREA  ,United States,Healthcare,Series E,200,1197,200,100,325,"November 12, 2024",YYYY-00-DD 00:00:SS,Unknown,
layoff_03881,Flatiron Health,New York City,United States,Healthcare,Acquired,1080,,39,100,324,06/07/2023,YYYY-00-DD 00:00:SS,Unknown,
layoff_04520,Detectify,Stockholm,Sweden, Security,Unknown,3800,585,50,12%,42,12/07/2022,YYYY-00-DD 00:00:SS,,
layoff_01099,Fittr,Pune,India,Fitness,Series A,273,243,30,11%,13,2023-03-02,YYYY-00-DD 00:00:SS,Unknown,
layoff_04121, COLOR HEALTH,  sf bay area ,United States,Healthcare,Series E,1087,406,300,18,482,2023-03-01,YYYY-00-DD 00:00:SS,Unknown,
layoff_05291,Spaces,Los Angeles,us,Media,acquired  ,200,9700,12,12,9.5,24-Aug-2020,YYYY-00-DD 00:00:SS,Unknown,
layoff_05249,  PRIVITAR  ,London,United Kingdom,Data,Series C,762,0,20,28,150,2021-01-27,2021-01-28,Unknown,
layoff_02921,Productboard,SF Bay Area,U.S.A.,Product,Series D,300,276,254,30,89,2026-04-15,04/16/2026,Unknown,
layoff_02059,SolarEdge,Tel Aviv,Israel,Energy,Post-IPO,2941,345,,62%,155,06-Jan-2025,YYYY-00-DD 00:00:SS,Unknown,
layoff_04070,Expedia,Seattle,USA,Travel,Post-IPO,221,799,250,22,3300,03/21/2023,YYYY-00-DD 00:00:SS,Unknown,
layoff_00921,Augury, NEW YORK CITY ,U.S.A.,Manufacturing,Series E,400,380,20,,274,"January 04, 2023",YYYY-00-DD 00:00:SS,Unknown,
layoff_04837,  hedvig,Stockholm,Sweden,Finance,  series b,300,760,,11%,67,"September 01, 2022",YYYY-00-DD 00:00:SS,Unknown,
,INDEBTED ,Sydney,,,Series B,235,195,40,17,41,2022-07-26,YYYY-00-DD 00:00:SS,Unknown,
layoff_01806,Galvanic Gaming,Seattle,United States,Gaming,Unknown,140,,400,100%,49,06/16/2024,YYYY-00-DD 00:00:SS,Unknown,
layoff_03352,  Ghost Autonomy  ,SF Bay Area,United States,Transportation,Series E,100,192,100,100,247,03-Apr-2024,YYYY-00-DD 00:00:SS,Unknown,
layoff_02414,Dutchie,"Bend, Oregon",Unknown,Cannabis,Unknown,700,493,56,,151,"June 06, 2022",YYYY-00-DD 00:00:SS,Private,
layoff_03477,NextGen Healthcare,St. Louis,USA,Healthcare,  ACQUIRED  ,333,200,84,,356,11/17/2023,YYYY-00-DD 00:00:SS,Unknown,
layoff_01320,Kenko Health,,India,Healthcare,Series A,250,200,50,20,14,"August 30, 2023",09-01-23,Unknown,
layoff_03880,Sumo Logic,SF Bay Area,USA,,  Acquired ,1200,59,79,7,340,"June 07, 2023",YYYY-00-DD 00:00:SS,Unknown,
layoff_00826,Capitolis,New York City,us,Finance,Series D,148,111,37,25,281,17-Nov-2022,18-Nov-2022,Unknown,
layoff_05496,RedDoorz,Singapore,Singapore,Travel,Series C,875,,34,20,134,04-14-20,YYYY-00-DD 00:00:SS,Unknown,
layoff_01612,Treasury Prime,San Francisco,United States,Finance,Series C,100,60,40,40,71,28-Feb-2024,28-Feb-2024,Unknown,
layoff_00039,Mogo,Vancouver,Canada,Finance,,260,182,78,30%,201,2020-03-27,YYYY-00-DD 00:00:SS,Unknown,
layoff_03260,Tome,SF Bay Area,U.S.A.,Sales,Series B,39,96,12,31%,75,02-Oct-2024,"October 02, 2024",Unknown,
layoff_02657,Degreed,"Pleasanton, CA",Unknown, edtech  ,Unknown,1288,,40,15,175,29-Jun-2022,06-29-22,Private,
layoff_03609,Merative,Dublin,Ireland,Healthcare,Acquired,1292,1002,100,35,,09-21-23,"September 24, 2023",Unknown,
layoff_05218,Defined.ai,Seattle,U.S.,Data,Series B,444,54,241,34,78,2022-02-07,YYYY-00-DD 00:00:SS,Unknown,
layoff_05347,Outdoorsy,SF Bay Area,United States,Transportation,series c ,360,800,80,25,,2020-06-04,06-04-20,Unknown,
layoff_00762,Hootsuite,Vancouver  ,Canada,Marketing,Series C,1000,950,50,,,01-Nov-2022,YYYY-00-DD 00:00:SS,,
layoff_04708,Lattice,SF Bay Area,United States,HR,Series F,1026,11500,13,100,328,"October 27, 2022",11/03/2022,Unknown,
layoff_03011,Entropy,New York City,us,Crypto,Seed,77,559,80,100,27,25-Jan-2026,YYYY-00-DD 00:00:SS,Unknown,
layoff_01613,Vacasa,Portland,us,,Post-IPO,6400,6080,320,5,834,28-Feb-2024,YYYY-00-DD 00:00:SS,Unknown,
layoff_00061,Acko,Mumbai,India,,  unknown  ,500,455,45,9,143,2020-04-01,YYYY-00-DD 00:00:SS,Unknown,
layoff_01443, FULLSTORY ,Atlanta,United States,Marketing,Unknown,500,450,50,10%,197,01-09-24,YYYY-00-DD 00:00:SS,Unknown,
layoff_05263,Igenous,Seattle,USA,Data,Series C,500,475,545,7,,2020-11-17,YYYY-00-DD 00:00:SS,Unknown,
layoff_04157,Crunchyroll,Tokyo,Japan,Media,UNKNOWN  ,400,14850,85,8,26,02-21-23,YYYY-00-DD 00:00:SS,Unknown,
layoff_00788,  Flyhomes ,  Seattle,U.S.,  REAL ESTATE ,Series C,750,450,300,40,310,"November 09, 2022",YYYY-00-DD 00:00:SS,Unknown,
layoff_01416,Paytm,Noida,India,Finance,Unknown,370,68,1000,12,1700,25-Dec-2023,YYYY-00-DD 00:00:SS,Unknown,
layoff_05117,Sonder,SF Bay Area,U.S.,Travel,Post-IPO,1190,135,250,21,839,"June 08, 2022",YYYY-00-DD 00:00:SS,Unknown,
layoff_03556,  STACK OVERFLOW ,New York City,United States,Recruiting,Acquired,84,1133,86,28,153,2023-10-16,YYYY-00-DD 00:00:SS,Unknown,
layoff_04595,Unchained Capital,Austin,United States,Crypto,Series A,180,4940,250,15,33,"November 18, 2022",YYYY-00-DD 00:00:SS,Unknown,
layoff_00107,Away,New York City,United States,Retail,Series D  ,600,,60,10,181,"April 07, 2020",YYYY-00-DD 00:00:SS,Unknown,
layoff_01506,HubSpot,,, Marketing ,Post-IPO,1267,330,100,5%,100,"January 24, 2024",YYYY-00-DD 00:00:SS,Unknown,
layoff_00034, BLUEGROUND,New York City,United States,Real Estate,Series B,520,390,130,25,77,03-27-20,YYYY-00-DD 00:00:SS,Unknown,
layoff_05306, Perkbox  ,London,United Kingdom,HR,,77,667,60,40,29.7,2020-07-27,YYYY-00-DD 00:00:SS,Unknown,
layoff_00311,Swiggy,Bengaluru,India,Food,Series I,7000,6650,350,5%,,27-Jul-2020,YYYY-00-DD 00:00:SS,Unknown,
layoff_00436,Food52,New York City,USA,Food,Acquired,140,119,21,15,176,03-Jun-2022,YYYY-00-DD 00:00:SS,Unknown,
layoff_05040, enjoy ,SF Bay Area,us,Retail,Post-IPO ,2222,3056,400,18,310,06/30/2022,YYYY-00-DD 00:00:SS,Unknown,
layoff_02264,KALTURA  ,New York City,United States,Media,Post-IPO,700,630,70,10,166,08-07-25,YYYY-00-DD 00:00:SS,Unknown,
layoff_00160,Funding Societies,Singapore,Singapore,Finance,Series B,361,,65,18,42,04/16/2020,YYYY-00-DD 00:00:SS,Unknown,
layoff_01283,Copia,Nairobi,Kenya,Retail,Series C,1400,1050,350,,103,2023-07-26,YYYY-00-DD 00:00:SS,Unknown,
layoff_00926,Pecan AI,Tel Aviv,Israel,Data,  Series C ,120,90,30,25,116,"January 05, 2023",YYYY-00-DD 00:00:SS,Unknown,
layoff_01051,Gusto,San Francisco,us,HR,Series E,2520,2394,126,5,746,"February 08, 2023",YYYY-00-DD 00:00:SS,Unknown,
layoff_01017,AU10TIX,Tel Aviv,Israel,Security,Unknown,211,192,19,9%,80,"January 31, 2023","February 07, 2023",Unknown,
layoff_01611,Motional,  boston  ,USA,Transportation,Unknown,1375,900,111,5,955,"February 28, 2024",02-28-24,Unknown,
layoff_00381,Mural,San Francisco,United States,Product,Series C,900,810,90,,192,"May 05, 2022",YYYY-00-DD 00:00:SS,Unknown,
layoff_05122,ID.me,Washington D.C.  ,us,Security, unknown ,893,340,130,20,275,07-Jun-2022,YYYY-00-DD 00:00:SS,Unknown,
layoff_02154,Palantir,DENVER,United States,Data,  Post-IPO,444,10967,120,8,3000,03/27/2025,YYYY-00-DD 00:00:SS,Unknown,
layoff_00625,Groupon,  CHICAGO,U.S.A.,Retail,,3333,2833,500,15,,08-08-22,08-08-22,Public,
layoff_04535,OYO ,Gurugram,India,Travel,Series F,85,56,600,50,4000,12-03-22,YYYY-00-DD 00:00:SS,Unknown,
layoff_04385,Dunzo,Bengaluru,India,,Unknown,2447,51,35,,382,2023-01-16,2023-01-16,,
layoff_01265, fnz  ,London,United Kingdom,Finance,Private Equity,6667,5667,1000,15,1400,"July 06, 2023",YYYY-00-DD 00:00:SS,Unknown,
layoff_03623,Akili Labs,Boston,United States,healthcare,Post-IPO,45,1615,82,40,301,09/13/2023,YYYY-00-DD 00:00:SS,Unknown,
layoff_03262, vendease ,Lagos,Nigeria,Food,Series A ,340,0,68,20%,43,09/30/2024,YYYY-00-DD 00:00:SS,Unknown,
layoff_04844,the wing  ,New York City,United States,Real Estate  ,Series C,750,135,,,117,08-31-22,YYYY-00-DD 00:00:SS,Unknown,
layoff_05010,Babylon,London,United Kingdom,Healthcare,Post-IPO,213,1673,100,50,1100,12-Jul-2022,2022-07-25,,
layoff_04228,  tenurex ,Tel Aviv,Israel,finance ,Seed,838,1470,300,10,6,06-Feb-2023,YYYY-00-DD 00:00:SS,Unknown,
layoff_00064,Earnin,Palo Alto,United States,  finance ,Series C,250,,50,,,"April 01, 2020",YYYY-00-DD 00:00:SS,,
layoff_05548,DSCO,Salt Lake City,United States,,Series A,13333,2700,12,30,4,"April 03, 2020",YYYY-00-DD 00:00:SS,Unknown,
layoff_04558,Sana,Seattle,United States of America,Healthcare,Series A,10,38,150,15%,700,"November 30, 2022",YYYY-00-DD 00:00:SS,Unknown,
layoff_00320,SaleSan Francisco Bay Areaorce, SAN FRANCISCO  ,USA,Sales,Post-IPO,50000,49000,1000,2,65,08/26/2020,"August 26, 2020",Unknown,
layoff_02083,Amazon,Seattle,United States,Retail,Post-IPO,1600,,9000,19,8100,01/28/2025,YYYY-00-DD 00:00:SS,Unknown,
layoff_03737,Homology,Boston,U.S.,Healthcare,Post-IPO,1143,,90,4,187,"July 28, 2023",29-Jul-2023,Unknown,
layoff_00841,Carwow,London,United Kingdom,Transportation,Unknown,350,280,70,20,,"November 25, 2022",YYYY-00-DD 00:00:SS,Unknown,
layoff_03636,Roku,SF Bay Area,United States,Media,  post-ipo  ,3600,900,360,10,208,09/06/2023,YYYY-00-DD 00:00:SS,Unknown,
layoff_00948,qualtrics,Salt Lake City,United States,Other,Post-IPO,5400,5130,270,5,400,01/11/2023,YYYY-00-DD 00:00:SS,Unknown,
layoff_05011,Hubilo,SF Bay Area,United States,Marketing,Series B,375,950,45,12,153,12-Jul-2022,YYYY-00-DD 00:00:SS,Unknown,
layoff_03734,Nexar,  New York City,United States,Transportation,,2609,614,12,26,149,07-31-23,YYYY-00-DD 00:00:SS,Unknown,
layoff_05285,Akerna, Denver,U.S.A.,Logistics,Post-IPO,240,4850,640,30%,507,09/02/2020,YYYY-00-DD 00:00:SS,Unknown,
layoff_04954,Allbirds,SF Bay Area,United States,Retail,Post-IPO,412,0,23,33,202,07-28-22,YYYY-00-DD 00:00:SS,Unknown,
layoff_03462,Pipedrive,Tallinn,Estonia,,Private Equity,54054,60,40,,90,11-30-23,2023-12-02,Unknown,
layoff_01881,Rad Power Bikes,Seattle,United States,Transportion  ,Series D,200,,100,10,329,"August 01, 2024",08/01/2024,Unknown,
layoff_04270,Wefox  ,Berlin,Germany, Finance ,Series D,5333,771,100,50,1300,"January 31, 2023",YYYY-00-DD 00:00:SS,Unknown,
layoff_05030,Chessable,London,United Kingdom,Consumer,Acquired,927,244,29,2%,8600,04-Jul-2022,YYYY-00-DD 00:00:SS,Unknown,
layoff_00741,Synapsica,New Delhi,India,,Series A,100,70,30,30,4,21-Oct-2022,YYYY-00-DD 00:00:SS,Unknown,
layoff_02833,Pleo,Copenhagen,Denmark,finance  ,Series C,1167,301,50,10,428,06-12-26,YYYY-00-DD 00:00:SS,Unknown,
layoff_04747,Pacaso,SF Bay Area,United States,Real Estate, series c,333,6091,100,30,217,11-Oct-2022,YYYY-00-DD 00:00:SS,Unknown,
layoff_01736,Hopin,  London ,United Kingdom,other  ,series d,2635,2625,4800,10%,1000,05/07/2024,YYYY-00-DD 00:00:SS,Unknown,
layoff_03109,oracle ,SF Bay Area,U.S.,Other,Post-IPO,60,450,101,100%,234,19-Aug-2025,2025-08-23,Unknown,
layoff_00540,Loft,  sao paulo  ,Brazil,Real Estate,Unknown,3200,2816,384,,788,2022-07-05,YYYY-00-DD 00:00:SS,Unknown,
layoff_00220, Element AI ,Montreal,Canada,Other,,413,351,62,,257,05/04/2020,YYYY-00-DD 00:00:SS,Unknown,
layoff_04764,First AML,Auckland,New Zealand,Finance,Series B,2900,87,22,20,29,"October 06, 2022",07-Oct-2022,Unknown,
layoff_04354,Spaceship,Sydney,Australia,Finance,Series A,1154,0,45,,41,01-19-23,YYYY-00-DD 00:00:SS,Unknown,
layoff_01733,cue health,San Diego,United States,Healthcare,Post-IPO,469,239,230,49%,899,05/04/2024,05/04/2024,Unknown,
layoff_02058,Level,New York City,United States, FINANCE ,Series B,1200,1993,161,100,27,2025-01-02,YYYY-00-DD 00:00:SS,Unknown,
layoff_03049,Junglee Games,New Delhi,India,Consumer, seed ,500,4500,350,8%,,26-Nov-2025,YYYY-00-DD 00:00:SS,Unknown,
layoff_03802,Amdocs,St. Louis,United States,Support,Post-IPO,33333,805,2000,6,,06-Jul-2023,YYYY-00-DD 00:00:SS,Unknown,
layoff_01371,Physics Wallah,Noida,India,  EDUCATION ,Series A,12000,11880,120,1,100,"November 19, 2023",YYYY-00-DD 00:00:SS,,
layoff_02944,Enpal,Berlin,Germany,  Energy  ,Series E,515,3150,100,28,3500,27-Mar-2026,YYYY-00-DD 00:00:SS,Unknown,
layoff_02620,CreateMe Technologies,"New City, NY",unknown,"Product design, apparel",,2000,438,27,3,26,06-Jan-2023,YYYY-00-DD 00:00:SS,Private,
layoff_05132,Afterverse ,Brasilia,Brazil,Consumer,Unknown,300,535,60,20%,235,06-03-22,01/21/2023,Unknown,
layoff_02632,Reforge,,,HR Tech,Unknown,7143,137,13,100,103,"November 10, 2022",YYYY-00-DD 00:00:SS,Private,
layoff_01701,OutSystems, BOSTON  ,USA,Product,Series G,1875,1725,150,,802,04/19/2024,YYYY-00-DD 00:00:SS,Unknown,
layoff_02898,PayPal,SF Bay Area,United States,Finance,  Post-IPO  ,23800,390,4760,20,216,05-May-2026,YYYY-00-DD 00:00:SS,Unknown,
layoff_00322,GoBear,SINGAPORE ,Singapore,Finance,Unknown,200,178,22,11,97,09/01/2020,YYYY-00-DD 00:00:SS,Unknown,
layoff_03967,Lev,New York City,United States, Real Estate  ,Series B,8000,291,34,8,114,01-May-2023,YYYY-00-DD 00:00:SS,Unknown,
layoff_01891,Fastly,San Francisco,United States,Infrastructure,Post-IPO,85000,4,110,11,219,08/08/2024,YYYY-00-DD 00:00:SS,Unknown,
layoff_01600,Vice Media,New York City,us,Media,Unknown,500,2657,140,8,2,02-22-24,YYYY-00-DD 00:00:SS,Unknown,
layoff_00757,Fifth Season,  pittsburgh,United States,Food,Series B,100,0,100,100,35,28-Oct-2022,YYYY-00-DD 00:00:SS,Private,
layoff_02887,Cloudflare,SF Bay Area,United States,Security,Post-IPO,5500,359,,20,332,05-07-26,YYYY-00-DD 00:00:SS,Unknown,
layoff_00074,Coding Dojo,Seattle,United States,Education,Unknown,100,93,7,7,2,04/02/2020,YYYY-00-DD 00:00:SS,Unknown,
layoff_01189,Healthy.io,Tel Aviv,Israel,Healthcare,Series D,212,142,70,33,185,05/03/2023,YYYY-00-DD 00:00:SS,Unknown,
layoff_03615,Cisco,SF Bay Area,United States,Infrastructure,Post-IPO,308,438,350,96%,2,17-Sep-2023,20-Sep-2023,,
layoff_00830,TealBook,Toronto,Canada,Other,Series B,179,145,34,19,73,17-Nov-2022,11-17-22,Unknown,
layoff_00033,Bird,Los Angeles,United States,Transportation, Series D  ,1353,947,406,30,623,27-Mar-2020,YYYY-00-DD 00:00:SS,Unknown,
layoff_01329, GRABANGO  ,Berkeley,, FOOD,Unknown,85,51,34,40%,94,09-11-23,09/11/2023,Unknown,
layoff_01300,Tekion,Bengaluru,India,,  Series D ,3000,,300,,435,2023-08-02,YYYY-00-DD 00:00:SS,,
layoff_01240,GoCardless,London,United Kingdom,Finance,Series G,882,732,150,17%,529,12-Jun-2023,"June 12, 2023",Unknown,
layoff_05183,Bizpay,  Sydney  ,Australia,Finance  ,,470,240,100,30,45,05-04-22,YYYY-00-DD 00:00:SS,Unknown,
layoff_03688, iQiyi Smart, BEIJING  ,China,Other,Series C,714,405,265,15,467,14-Aug-2023,YYYY-00-DD 00:00:SS,Unknown,
layoff_04294,Feedzai,Coimbra,Portugal,Finance,Unknown,214,459,100,3,273,01-27-23,01/28/2023,,
layoff_01190,TheSkimm,New York City,United States,MEDIA ,Series C,169,147,22,13,28,"May 03, 2023",YYYY-00-DD 00:00:SS,Unknown,
layoff_00054,AdRoll,Salt Lake City,USA,Marketing,,700,,210,,,03/31/2020,YYYY-00-DD 00:00:SS,Unknown,
layoff_05226,Imperfect Foods,SF Bay Area,us,Food,,100,99,200,7,229,2021-09-22,YYYY-00-DD 00:00:SS,Unknown,
layoff_04502,ZenLedger,Seattle,USA,  Crypto  ,Series B,833,900,16,10,25,"December 09, 2022",2022-12-11,Unknown,
layoff_04524,Weedmaps,Los Angeles,United States,  other ,Acquired,700,9862,175,25,153,06-Dec-2022,YYYY-00-DD 00:00:SS,Unknown,
layoff_00562,Involves,Florianopolis,Brazil,Retail,Unknown,389,319,,18,23,"July 13, 2022",07-13-22,Unknown,
layoff_01309,SecureWorks, ATLANTA ,United States,Security,Post-IPO,2000,1700,300,15%,83,08/14/2023,YYYY-00-DD 00:00:SS,Unknown,
layoff_00441,Rupeek,Bengaluru,India,Finance,  UNKNOWN ,1200,1020,180,,172,"June 07, 2022",06-07-22,Unknown,
layoff_01777,Google,Mountain View,United States,Consumer,Post-IPO,567,611,,30,26,"May 31, 2024","May 31, 2024",Unknown,
layoff_04389,DeHaat,Patna,India,Food,Series E,1967,,100,5,254,01/15/2023,YYYY-00-DD 00:00:SS,Unknown,
layoff_04085,Anchorage Digital,SF Bay Area,U.S.A.,Crypto,Series D,375,163,,20,487,"March 14, 2023",YYYY-00-DD 00:00:SS,Unknown,
layoff_05269,Cheetah,SF Bay Area,United States of America,Food,  series b  ,358,0,26,10%,,"October 25, 2020",2020-11-04,Unknown,
layoff_03855,Pilot,SF Bay Area,United States,Finance,Unknown,346,16200,45,,116,06/16/2023,YYYY-00-DD 00:00:SS,Unknown,
layoff_02219,Pluralsight,Salt Lake City,United States,Education,Acquired,221,0,55,,192,06/24/2025,27-Jun-2025,Unknown,
layoff_01861,Kaspersky,Boston,U.S.,Security, private equity,257,614,40,9,410,07-16-24,"July 17, 2024",Unknown,
layoff_01205,Similarweb,New York City,United States,Other,Post-IPO,1000,940,60,6,235,2023-05-10,YYYY-00-DD 00:00:SS,Unknown,
layoff_04588,Nuro,SF Bay Area,U.S.A.,Transportation, series d ,1500,111,300,20,2100,11/18/2022,18-Nov-2022,Unknown,
layoff_00504,AppLovin,Palo Alto  ,us,Marketing,Post-IPO,2500,2200,300,12,,2022-06-27,YYYY-00-DD 00:00:SS,Unknown,
layoff_03591,IronNet,Washington D.C.,U.S.A.,Security,Post-IPO,125,147,80,100,428,10/02/2023,"October 04, 2023",,
layoff_00070,Usermind,Seattle,United States,Marketing,Series C,60,45,,,46,2020-04-01,"April 02, 2020",Unknown,
layoff_02983,Livspace,Bengaluru,India,Consumer,Series F,8333,1230,1000,12%,482,2026-02-20,YYYY-00-DD 00:00:SS,Unknown,
layoff_04499,Brodmann17,Tel Aviv,Israel,Other,Series A,2767,797,100,100,25,"December 09, 2022",2022-12-11,Unknown,
layoff_04712,GoFundMe,SF Bay Area,United States,Finance,Series A,783,16200,94,12,184,10/26/2022,YYYY-00-DD 00:00:SS,Unknown,
layoff_01591,Aptiv,Krakow,Poland,Transportation ,,889,60,250,10,8,02/20/2024,YYYY-00-DD 00:00:SS,Unknown,
layoff_02897,reAlpha,Columbus,United States,Real Estate,Post-IPO,333,296,57,25,229,2026-05-06,05/10/2026,Unknown,
layoff_03717,BetterUp,SF Bay Area,U.S.A.,HR,Series E,625,469,,16,,02-Aug-2023,08/04/2023,Unknown,
layoff_00426,Impala,London,United Kingdom,, series b ,86,56,30,35,32,01-Jun-2022,YYYY-00-DD 00:00:SS,Unknown,
layoff_03318,Walnut,New York City,us,Sales,Series B,75,160,,20,56,"May 29, 2024",YYYY-00-DD 00:00:SS,Unknown,
layoff_04833,Alerzo,  ibadan ,Nigeria,Retail,,150,4320,25,,,09/02/2022,"March 07, 2023",Unknown,
layoff_01656,Lentra,Pune,India,Fintech,Series B,1556,1416,140,20,104,"April 02, 2024",YYYY-00-DD 00:00:SS,Unknown,
layoff_02292,  UBISOFT,Paris,France,Computer Games,Unknown,4000,3200,,,324,10-Sep-2025,YYYY-00-DD 00:00:SS,Unknown,
layoff_02164,Wing Cloud,Tel Aviv,Israel,Infrastructure,Seed,2550,7333,4100,100,148,09-Apr-2025,16-Apr-2025,Unknown,
layoff_01729,  Peloton,  New York City,United States,Fitness,Post-IPO,2667,2267,400,15,1900,2024-05-02,YYYY-00-DD 00:00:SS,Unknown,
layoff_03412,Discord,SF Bay Area,United States,Consumer,Series H,1000,560,170,17%,995,11-Jan-2024,2024-01-11,Unknown,
layoff_04902,Dooly,Vancouver,Canada,Sales,Series B,310,1293,12,,102,2022-08-09,YYYY-00-DD 00:00:SS,Unknown,
layoff_03229,LinkedIn ,SF Bay Area,United States,recruiting ,Acquired,20200,1133,202,1%,154,"November 21, 2024",YYYY-00-DD 00:00:SS,Unknown,
layoff_03668,JOIN, Berlin ,Germany,Recruiting,Unknown,530,19998,215,1,148,08-23-23,YYYY-00-DD 00:00:SS,Unknown,
layoff_05336,Atlas Obscura,New York City,U.S.A.,  Media,,120,,15,8,,"June 18, 2020",YYYY-00-DD 00:00:SS,Unknown,
layoff_03173,Forto,Berlin,Germany, Logistics,Series D,1939,150,200,10%,593,12-Apr-2025,16-Apr-2025,Unknown,
layoff_01730,Bakkt,Atlanta,United States of America,  CRYPTO ,Post-IPO,352,345,28,15,,05-03-24,2024-05-04,Unknown,
layoff_00376,Domestika,Berkeley,United States,Education,Series D,789,639,150,,130,04/28/2022,04/28/2022,Unknown,
layoff_05622,Consider.co,SF Bay Area,United States,Other,  seed  ,13,360,13,,,2020-03-26,YYYY-00-DD 00:00:SS,Unknown,
layoff_01041,LearnUpon,Dublin,Ireland,Education,Private Equity,300,273,27,9%,56,07-Feb-2023,YYYY-00-DD 00:00:SS,Unknown,
layoff_03012,Roof Stacks,Istanbul,Turkey,Consumer,Seed,1250,1140,220,,,2026-01-24,YYYY-00-DD 00:00:SS,Unknown,
layoff_00249,Ridecell,San Francisco,United States,Transportation,Series B,233,198,35,,73,"May 14, 2020",YYYY-00-DD 00:00:SS,Unknown,
layoff_04438,CreateMe,SF Bay Area,United States of America,Manufacturing,Unknown,150,319,1400,18,1400,01/06/2023,2023-01-09,Unknown,
layoff_03679,Zylo,Indianapolis,United States,Other,Series C,12500,5400,1500,10,72,18-Aug-2023,"August 19, 2023",Unknown,
layoff_04081,Klaviyo,Boston,United States,  MARKETING ,Unknown,1800,388,140,,778,2023-03-15,16-Mar-2023,Unknown,
layoff_04986,Invitae,SF Bay Area,United States,Healthcare,Post-IPO,3000,900,1000,20,2000,07-19-22,YYYY-00-DD 00:00:SS,Unknown,
layoff_04883,Updater,New York City,USA,Other,Unknown,450,87,60,15,,"August 16, 2022",YYYY-00-DD 00:00:SS,Unknown,
layoff_00511,Huobi,  BEIJING,China,Crypto,UNKNOWN  ,1000,700,300,30,2,2022-06-28,YYYY-00-DD 00:00:SS,Unknown,
layoff_05009,Fraazo,Mumbai,India,Food,Series B,909,950,150,3%,63,07/12/2022,2022-07-13,Unknown,
layoff_02092,Asana,San Francisco,United States,Other,Post-IPO,200,200,100,5,453,2025-02-04,04-Feb-2025,,
layoff_04851,Skillz, SF Bay Area  ,U.S.,Consumer,Post-IPO,200000,3700,220,33,287,29-Aug-2022,29-Aug-2022,Unknown,
layoff_03376,Carbon Health,  sf bay area ,United States,,Series D,614,3773,56,100,522,23-Feb-2024,2024-02-24,Unknown,
layoff_00589,Pear Therapeutics,Boston,United States,HEALTHCARE ,Post-IPO,278,,25,9,409,"July 25, 2022",26-Jul-2022,Public,
layoff_01877,Bungie,  SEATTLE ,United States,Consumer,Acquired,1294,1074,220,17%,100,2024-07-31,"August 01, 2024",Unknown,
layoff_04411,Tipalti,SF Bay Area,U.S.A.,Finance,Series F,1118,459,123,11,565,11-Jan-2023,01/12/2023,Unknown,
layoff_03699,Quizy,  Gurugram ,India,Consumer,,1000,166,160,100,33,2023-08-09,YYYY-00-DD 00:00:SS,Unknown,
layoff_00555,SundaySky,New York City,United States,Marketing,,185,161,24,13%,74,11-Jul-2022,YYYY-00-DD 00:00:SS,Unknown,
layoff_00163,Loft,Sao Paulo,Brazil,Real Estate,Series C,470,423,47,10%,263,17-Apr-2020,04/18/2020,Unknown,
layoff_01220, Taxfix  ,Berlin,Germany,Finance,Series D,600,480,120,20,330,30-May-2023,YYYY-00-DD 00:00:SS,Unknown,
layoff_02619,Cart.com,"Austin, TX",N/A,"E-commerce, DTC",Unknown,2500,260,105,100,208,"January 10, 2023",10-Jan-2023,Private,
layoff_01044,SecureWorks,Atlanta,United States,Security, POST-IPO,2356,2144,212,9,83,07-Feb-2023,"February 07, 2023",Unknown,
layoff_01393,Sojern,san francisco  ,United States,Marketing,  UNKNOWN ,133,,70,20,172,13-Dec-2023,2023-12-13,Unknown,
layoff_01501,SAP,Walldorf,Germany,Other,Post-IPO,114286,106286,8000,7,1,2024-01-23,YYYY-00-DD 00:00:SS,Unknown,
layoff_01201,Akamai,Boston,United States,Security,Post-IPO,9667,9377,290,,35,09-May-2023,YYYY-00-DD 00:00:SS,Unknown,
layoff_03977,Clubhouse,  SF Bay Area ,United States,  consumer,Series C,1129,10350,75,,110,04-27-23,YYYY-00-DD 00:00:SS,Unknown,
layoff_04269,Wish,SF Bay Area,United States,Retail,Post-IPO,882,911,150,17,1600,31-Jan-2023,YYYY-00-DD 00:00:SS,Unknown,
layoff_03023,eToro,Tel Aviv,Israel,Finance,Unknown,1500,1714,105,7%,322,13-Jan-2026,01-14-26,Unknown,
layoff_01715,ComplYant,Los Angeles,U.S.,Finance,Seed,439,375,58,100,,04/29/2024,YYYY-00-DD 00:00:SS,Unknown,
layoff_00209,Lime,San Francisco,United States of America,,Series D,615,535,80,13%,765,04-29-20,2020-04-29,Unknown,
layoff_01307,Blend,San Francisco,USA,Finance,Post-IPO,789,639,150,,665,08/09/2023,YYYY-00-DD 00:00:SS,Unknown,
layoff_00264,Cvent,Washington DC,United States,Marketing,Acquired,4000,3600,400,10,146,"May 21, 2020",YYYY-00-DD 00:00:SS,Unknown,
layoff_04251,Pinterest,SF Bay Area,United States,Consumer,Post-IPO,1062,630,150,6,,2023-02-01,YYYY-00-DD 00:00:SS,Unknown,
layoff_03543, LEGALZOOM ,Austin,United States,Legal,Post-IPO,800,737,100,33,951,19-Oct-2023,YYYY-00-DD 00:00:SS,Unknown,
layoff_04453, VIMEO,New York City,United States,Consumer,Post-IPO,1000,75,100,,450,01/04/2023,YYYY-00-DD 00:00:SS,Unknown,
layoff_04637,Chipax,Santiago,Chile,Finance,Seed,127,,37,33,2,11-Nov-2022,YYYY-00-DD 00:00:SS,Unknown,
layoff_03773,Uber Freight,SF Bay Area,USA,logistics ,Subsidiary,3200,583,40,5%,2700,"July 13, 2023",2023-07-14,Unknown,
layoff_04434,  walkme,SF Bay Area,United States,,Post-IPO,1433,351,43,3%,307,08-Jan-2023,YYYY-00-DD 00:00:SS,Unknown,
layoff_03973,Providoor,Melbourne,Australia,Food,Unknown,150,348,800,100,43,2023-04-28,YYYY-00-DD 00:00:SS,Unknown,
layoff_03991,Iress,Melbourne,,  Finance ,Unknown,220,,70,10,42,"April 20, 2023",2023-09-24,Unknown,
layoff_01665,Vivian Health,San Francisco,USA,Healthcare,Acquired,500,107,13,16,26,03-Apr-2024,YYYY-00-DD 00:00:SS,Unknown,
layoff_00633,QUANTERIX  ,Boston,,Healthcare,Post-IPO,520,390,130,25,533,09-Aug-2022,YYYY-00-DD 00:00:SS,Unknown,
layoff_01728,Google,MOUNTAIN VIEW,United States,Consumer,Post-IPO,129,850,200,10,,"May 02, 2024",YYYY-00-DD 00:00:SS,Unknown,
layoff_00071,Wonolo,San Francisco,United States,HR  , SERIES C ,354,308,46,13,52,2020-04-01,YYYY-00-DD 00:00:SS,Unknown,
layoff_02550,Butler Hospitality,New York,Unknown,Hospitality,Unknown,1000,5354,1000,100%,834,08-Jul-2022,YYYY-00-DD 00:00:SS,Private,
layoff_00197,UPshow,Chicago,United States,Marketing,Series A,63,44,19,30,,04-24-20,YYYY-00-DD 00:00:SS,Unknown,
layoff_00365,  Legible ,Vancouver,Canada,Media,Post-IPO,61,38,23,38,3,2022-04-04,2022-04-15,Unknown,
layoff_01180,Greenhouse,New York City,United States,HR,Private Equity,833,733,100,,,2023-04-27,YYYY-00-DD 00:00:SS,Unknown,
layoff_02665,Mural, san francisco ,Unknown,Product Design,Unknown,106,948,46,100,220,06-May-2022,05-06-22,Private,
layoff_04530,Zuora,SF Bay Area,U.S.,Finance,Post-IPO,346,26571,159,,647,06-Dec-2022,12/07/2022,Unknown,
layoff_04680,Affirm,SF Bay Area,us,Finance,Post-IPO,1000,0,50,1%,1500,"November 03, 2022",YYYY-00-DD 00:00:SS,Unknown,
layoff_00529,Stream, Boulder  ,United States,Product,Series B,167,147,20,12,,06-30-22,07-01-22,Private,
layoff_04356,8x8,SF Bay Area,United States,Support,Post-IPO,2214,684,155,7,253,"January 18, 2023",YYYY-00-DD 00:00:SS,Unknown,
layoff_00870, chipper cash  , San Francisco ,United States,Finance,Series C,385,335,50,13,302,2022-12-06,12-06-22,Private,
layoff_01854,CyberProof,Los Angeles,United States, SECURITY ,Subsidiary,4500,733,40,7,119,07-10-24,2024-07-11,Unknown,
layoff_01811,Satellogic,Montevideo,Uruguay,Aerospace,Post-IPO,233,163,70,,424,06/17/2024,YYYY-00-DD 00:00:SS,Unknown,
layoff_04345,Hydrow,Boston,United States,Fitness,,6031,312,30,15,269,01/19/2023,YYYY-00-DD 00:00:SS,Unknown,
layoff_04711,Seagate,SF Bay Area,United States,Hardware,Post-IPO,37500,61,3000,8,12,26-Oct-2022,04/01/2023,Unknown,
layoff_01060,Titan Medical,Toronto,Canada,Healthcare,Post-IPO,67,19,48,72,278,02/10/2023,YYYY-00-DD 00:00:SS,Unknown,
layoff_04296,Soundwide,Berlin,Germany,Other,Unknown,822,30,1600,8%,379,01-27-23,YYYY-00-DD 00:00:SS,Unknown,
layoff_00268,Uber,Bengaluru,India,Transportation,  Post-IPO,2609,2009,600,23%,24700,05-26-20,YYYY-00-DD 00:00:SS,Unknown,
layoff_03790,Butterfly Network copy,Boston,United States,Healthcare,Post-IPO,288,400,78,25,530,2023-07-11,YYYY-00-DD 00:00:SS,Unknown,
layoff_00515,Baton,San Francisco,United States,Transportation,Series A,64,48,16,25,,"June 29, 2022",YYYY-00-DD 00:00:SS,Private,
layoff_03746,Ripl,Seattle,United States,Marketing,Unknown,404,89,25,20,9,2023-07-26,YYYY-00-DD 00:00:SS,Unknown,
layoff_05240,  huffpo ,New York City ,United States,Media,acquired ,114,,47,8,37,"March 09, 2021",YYYY-00-DD 00:00:SS,Unknown,
layoff_05656,Popin,New York City,U.S.,fitness,Unknown,800,5247,150,,,19-Mar-2020,04-06-20,Unknown,
layoff_02781,Samsung,new york city  ,United States,Hardware,Post-IPO,11000,797,739,5,1200,2026-07-19,YYYY-00-DD 00:00:SS,,
layoff_04446,Attentive,New York City,United States, marketing,Series E,4333,5797,31,15,863,05-Jan-2023,YYYY-00-DD 00:00:SS,Unknown,
layoff_00304,G2,  CHICAGO,United States of America,Marketing,Series C,340,323,17,5,101,30-Jun-2020,"July 01, 2020",Unknown,
layoff_01500,GoTo,  BOSTON,United States,Other,acquired ,60,0,29,,2,2024-01-23,YYYY-00-DD 00:00:SS,Unknown,
layoff_02611,Cerebral,San Francisco,N/A,Health Care,Unknown,800,1063,450,31%,247,10/24/2022,YYYY-00-DD 00:00:SS,Private,
layoff_04737,Huawei,Shenzen,China,Hardware, unknown,18571,,140,20,365,10-16-22,YYYY-00-DD 00:00:SS,Unknown,
layoff_01732,Sprinklr,New York City,us,Software Development,Post-IPO,3867,3751,116,,429,"May 03, 2024",YYYY-00-DD 00:00:SS,Unknown,
layoff_00461,Wave Sports and Entertainment,Los Angeles,U.S.,Media,,170,114,56,33,65,06/13/2022,YYYY-00-DD 00:00:SS,Unknown,
layoff_01263,Zip,Sydney,Australia,Finance,Post-IPO,1500,1200,300,20,896,2023-07-02,YYYY-00-DD 00:00:SS,,
layoff_02715,Limeade,"Bellevue, WA",unknown,"Employee Benefits, HR Tech",Unknown,107,13160,16,15,216,2023-01-11,01-11-23,Public,
layoff_01829,Trade Republic, BERLIN,Germany,  FINANCE ,unknown  ,1000,41,391,100%,1300,23-Jun-2024,YYYY-00-DD 00:00:SS,Unknown,
layoff_04283,  Prime Trust  ,Las Vegas,United States,Crypto,Series B,3667,216,80,33,176,30-Jan-2023,02/01/2023,Unknown,
layoff_04744,Sinch,Stockholm,Sweden,Other,Post-IPO,101,2340,150,23%,1500,2022-10-12,2023-02-01,Unknown,
layoff_01376,Zepz,london,United Kingdom,  finance ,Series E,1500,1470,30,2,700,2023-11-30,12/02/2023,Unknown,
layoff_02651,InVision,New York,unknown,"Visual collaboration, Apps",Unknown,1053,392000,71,25,423,2022-07-21,YYYY-00-DD 00:00:SS,Private,
layoff_02364,Thunderful Group,Gothenburg,Sweden,Computer Games,Unknown,50,3200,60,,76,11/26/2025,26-Nov-2025,Unknown,
layoff_04468,Willow,Sydney,Australia,Real Estate,Unknown,450,,99,22,472,"December 23, 2022",YYYY-00-DD 00:00:SS,Unknown,
layoff_02920,Nayax,Tel Aviv,Israel, finance  ,  POST-IPO,1067,9499,32,3,245,2026-04-15,YYYY-00-DD 00:00:SS,Unknown,
layoff_04204,Oportun,SF Bay Area,United States,Finance,Post-IPO,1550,301,155,10%,566,02-09-23,YYYY-00-DD 00:00:SS,Unknown,
layoff_01137,Loop,Austin,United States,Finance,Series A,76,57,19,25,24,2023-03-30,YYYY-00-DD 00:00:SS,Unknown,
layoff_00779,  PLANETLY  ,Berlin,Germany,Other,Acquired,200,0,200,100,,11/04/2022,YYYY-00-DD 00:00:SS,Unknown,
layoff_02065,Icon,Austin,USA,Construction,Series B,5714,7760,114,3,451,2025-01-09,YYYY-00-DD 00:00:SS,Unknown,
layoff_02013,Exosonic,  los angeles,,Aerospace,Seed,0,0,,100,,11/08/2024,YYYY-00-DD 00:00:SS,Unknown,
layoff_02832,Rivian,Detroit,U.S.,Transportation,Post-IPO,5776,400,3700,2,10700,06/16/2026,2026-06-16,Unknown,
layoff_01206,STACK OVERFLOW  ,New York City,USA,HR,Acquired,580,522,58,10,153,2023-05-10,YYYY-00-DD 00:00:SS,Unknown,
layoff_01366,  Sana Benefits,Austin,U.S.,HR,Series B,146,73,73,,106,11-01-23,YYYY-00-DD 00:00:SS,Unknown,
layoff_05439,Stoqo,,Indonesia,Food,Series A,250,60,250,100,101,25-Apr-2020,YYYY-00-DD 00:00:SS,Unknown,
layoff_00457,Freetrade,London,United Kingdom,Finance,Unknown,300,255,45,15,133,2022-06-10,10-Jun-2022,Unknown,
layoff_02915,Quora,SF Bay Area,,,Series D,1000,1230,60,25,226,"April 16, 2026",YYYY-00-DD 00:00:SS,Unknown,
layoff_00647,Woven,Indianapolis,U.S.A.,hr ,Series A,33,28,5,15,,16-Aug-2022,YYYY-00-DD 00:00:SS,Private,
layoff_00313,Procore,  Los Angeles ,United States,Construction,Unknown,2000,1820,180,9,649,2020-07-28,07/28/2020,Unknown,
layoff_01009,DealShare,Bengaluru,India,Retail,Series E,1667,1567,100,6,390,01/27/2023,YYYY-00-DD 00:00:SS,Unknown,
layoff_03927,MOSS,Berlin,Germany,Finance,Series B,1500,732,30,3,,05-19-23,YYYY-00-DD 00:00:SS,,
layoff_00060,Zenoti, SEATTLE  ,United States,,Series C,425,408,17,4,91,"March 31, 2020",YYYY-00-DD 00:00:SS,Unknown,
layoff_02640,DayTwo,"Walnut Creek, CA",Unknown,"Health care, nutrition",Unknown,6625,437,100,,282,2022-09-15,YYYY-00-DD 00:00:SS,Private,
layoff_02754,doma,San Francsico,unknown,"Insurtech, machine learning",Unknown,314,,825,25,12900,2022-12-06,2022-12-06,Public,
layoff_01140,Guideline,Burlingame,United States,Finance,Series E,436,388,48,11,339,2023-04-03,YYYY-00-DD 00:00:SS,Unknown,
layoff_00393,Zak,Sao Paulo,Brazil,Food,Series A,250,150,100,40,29,"May 16, 2022",17-May-2022,Unknown,
layoff_00097,Iflix,Kuala Lumpur,Malaysia,,Unknown,417,,50,12,348,2020-04-04,11-Jun-2020,,
layoff_02080,Stripe,San Francisco,United States,Finance,Series I,10000,9700,300,,8700,2025-01-21,2025-01-21,Unknown,
layoff_04322,Inmobi,  Bengaluru  ,India,Marketing,  unknown,667,93,50,,320,2023-01-23,YYYY-00-DD 00:00:SS,Unknown,
layoff_02952,SPOTIFY ,Stockholm,Sweden,Media,Post-IPO,500,,15,40,2100,"March 23, 2026",YYYY-00-DD 00:00:SS,Unknown,
layoff_03301,  MOXION POWER  ,SF Bay Area,United States,Energy,Unknown,8000,3150,101,20,,06-26-24,YYYY-00-DD 00:00:SS,Unknown,
layoff_03378,LinkSquares,Boston,USA,Legal,Series C ,900,627,90,,161,02/15/2024,YYYY-00-DD 00:00:SS,Unknown,
layoff_04761,Turnitin,SF Bay Area,U.S.A.,Education,Acquired,1020,0,51,5,8,2022-10-06,YYYY-00-DD 00:00:SS,Unknown,
layoff_02469,Terminus,Atlanta,United States,Marketing,Series C,778,490,51,15,120,05-27-22,YYYY-00-DD 00:00:SS,Private,
layoff_03280,Grail,SF Bay Area,United States,  healthcare  ,Post-IPO,571,0,350,15%,36,2024-08-13,YYYY-00-DD 00:00:SS,Unknown,
layoff_01706,Heureka Group,Prague,Czech Republic,Retail,Acquired,625,525,100,16,100,"April 24, 2024",2024-04-24,Unknown,
layoff_01649,ChowNow,Los Angeles,United States,Food,Series C,300,240,60,20%,64,2024-03-28,2024-03-28,Unknown,
layoff_01327,Drift,Boston,United States,Marketing,Acquired,400,300,100,25,107,09/07/2023,YYYY-00-DD 00:00:SS,,
layoff_05458,POLITICO / PROTOCOL  ,Washington D.C.,United States of America,Media,Unknown,114,80,13,35%,185,"April 21, 2020",04-22-20,Unknown,
layoff_05200,  meesho  ,,India,Retail,Series F,267,805,150,16,1100,2022-04-11,YYYY-00-DD 00:00:SS,Unknown,
layoff_02396,Headspace Health,Los Angeles,Unknown,"telehealth, wellness",Unknown,1250,879,50,4,730,12/14/2022,YYYY-00-DD 00:00:SS,Private,
layoff_00146,Zoox,Forster City,us,Transportation,Series B,1000,900,100,10,955,13-Apr-2020,13-Apr-2020,Unknown,
layoff_01597,BuzzFeed,New York City ,U.S.,Media,Post-IPO,471,2657,47,16,696,21-Feb-2024,YYYY-00-DD 00:00:SS,Unknown,
layoff_01152,Examedi,Santiago,Chile,Healthcare,Unknown,180,135,45,,19,11-Apr-2023,04/17/2023,Unknown,
layoff_01039,Pocket Aces,Mumbai,India,Media, Unknown  ,200,150,50,25,19,"February 06, 2023",02-06-23,Unknown,
layoff_03614,Nowadays,SF Bay Area,United States,Food,Seed,300,2200,0,100,10,"September 18, 2023",10/02/2023,Unknown,
layoff_00267,Bluprint,Denver,United States of America,education ,Acquired,137,0,137,100,108,26-May-2020,YYYY-00-DD 00:00:SS,Unknown,
layoff_03951,Cuemath,Bengaluru,,Education,Unknown,221,129,100,100,,2023-05-08,YYYY-00-DD 00:00:SS,Unknown,
layoff_03487,FreshBooks,Toronto,Canada,,Unknown,600,100,100,6,331,11/15/2023,YYYY-00-DD 00:00:SS,Unknown,
layoff_03123,Eyeo,Cologne,Germany,Unknown,Unknown,140,1170,35,40%,51,28-Jul-2025,YYYY-00-DD 00:00:SS,Unknown,
layoff_00663,Argyle,New York City,us,FINANCE ,Series B,286,266,20,7,78,"August 26, 2022",08-26-22,Unknown,
layoff_02070,Boozt,Malmö,Sweden,Retail,Post-IPO,813,2700,120,,56,13-Jan-2025,YYYY-00-DD 00:00:SS,Unknown,
layoff_02825, Lastminute  ,Amsterdam,Netherlands,Travel,,1600,1700,400,25,3300,06/17/2026,2026-06-19,Unknown,
layoff_05645,Cabin,SF Bay Area,United States,Travel,Seed,1000,940,100,20%,3,03-23-20,YYYY-00-DD 00:00:SS,Unknown,
layoff_01075,  THE REALREAL  ,San Francisco,United States,,Post-IPO,3286,3056,230,7,356,2023-02-16,"February 16, 2023",Unknown,
,ZOPPER  ,Noida,India,Finance,Series D,7143,333,100,100,125,"April 27, 2025",YYYY-00-DD 00:00:SS,Unknown,
layoff_00994,Spotify,STOCKHOLM ,Sweden,Media,Post-IPO,10000,9400,600,6,2100,"January 23, 2023",YYYY-00-DD 00:00:SS,Unknown,
layoff_03689,LingoAce,Singapore,Singapore,  education  ,  Series C  ,750,1100,,30,180,2023-08-11,YYYY-00-DD 00:00:SS,Unknown,
layoff_03154,Noogata,Tel Aviv,Israel,AI,Series A,10,600,10,,28,05-15-25,YYYY-00-DD 00:00:SS,Unknown,
layoff_02475,Grove Collaborative,San Francisco,,E-commerce,Unknown,750,1080,30,17,7,03/29/2022,"March 29, 2022",Private,
layoff_05536,Hopper,Boston,United States,Travel,Series D,2000,17250,20,18%,183,04/06/2020,YYYY-00-DD 00:00:SS,Unknown,
layoff_05610,Raken,San Diego,us,Construction,Series A,2000,278,60,,12,03/27/2020,"April 05, 2020",Unknown,
layoff_03755, dunzo  ,Bengaluru,India,Food,,3571,3900,100,,382,"July 20, 2023",20-Jul-2023,Unknown,
layoff_00960,ShareChat,BENGALURU  ,India,  Consumer ,Series H,2500,2000,500,20,1700,01/16/2023,"January 16, 2023",Unknown,
layoff_00855,Kraken,San Francisco,United States,  CRYPTO ,Unknown,3667,2567,1100,30,134,30-Nov-2022,YYYY-00-DD 00:00:SS,Private,
layoff_03136,Jamf,Minneapolis,United States,Other, POST-IPO  ,2767,592,166,6,,15-Jul-2025,YYYY-00-DD 00:00:SS,,
layoff_04916,Zendesk,SF Bay Area,U.S.,Support,Acquired,4500,2952,80,11,85,04-Aug-2022,YYYY-00-DD 00:00:SS,Unknown,
layoff_00042,Zipcar,Boston,United States,Transportation,Acquired,500,400,100,,107,03/27/2020,YYYY-00-DD 00:00:SS,Unknown,
layoff_02216,  GOOGLE,Mountain View,United States,Consumer,Post-IPO,1000,33,75,5%,26,06-24-25,YYYY-00-DD 00:00:SS,Unknown,
layoff_05653,Ejento,SF Bay Area,USA,Recruiting,Unknown,84,19998,84,100,74,03/19/2020,YYYY-00-DD 00:00:SS,Unknown,
layoff_03171,GupShup,SF Bay Area,India,Other,Series F,333,39,200,100,484,04-15-25,YYYY-00-DD 00:00:SS,Unknown,
layoff_01178,Chief,New York City,U.S.A.,Other,Series B,307,264,43,14,140,04/27/2023,YYYY-00-DD 00:00:SS,Unknown,
layoff_04132,Cerebral,  SF Bay Area ,U.S.A., Healthcare  ,Series C,1900,629,285,15,,02/27/2023,YYYY-00-DD 00:00:SS,Unknown,
layoff_00285,Builder,Los Angeles,United States,  PRODUCT ,Series A,279,240,39,14%,29,"June 04, 2020",YYYY-00-DD 00:00:SS,Unknown,
layoff_01917,Redfin,Seattle,U.S.A.,Real Estate,  post-ipo,4100,4018,82,2%,320,08/22/2024,2024-08-28,Unknown,
layoff_02877,Guesty,Tel Aviv,Israel,Travel,Series F,1000,0,20,2%,411,13-May-2026,YYYY-00-DD 00:00:SS,Unknown,
layoff_01058,Veriff,,Estonia,Security,Series C,550,484,66,,192,09-Feb-2023,YYYY-00-DD 00:00:SS,Unknown,
layoff_02659,Liongard,Houston,United States,IT Infrastructure,Series B,714,803,75,11,22,06/10/2022,YYYY-00-DD 00:00:SS,Private,
layoff_00544,Transmit Security,Boston,USA,Security,Series A,386,359,27,7,583,07-05-22,07/06/2022,Unknown,
layoff_03585,Meta,SF Bay Area,us,Consumer,Post-IPO,8000,0,200,10,26000,04-Oct-2023,10/04/2023,Unknown,
layoff_00234,Jump,New York City,United States,Transportation,Acquired,500,0,,100%,11,05/07/2020,YYYY-00-DD 00:00:SS,Unknown,
layoff_03483,Paystack,Lagos,Nigeria,Finance,,1000,41,33,11,,11/16/2023,YYYY-00-DD 00:00:SS,Unknown,
layoff_01129,Wejo,Chester,United Kingdom,transportation,Post-IPO,250,210,40,16,376,2023-03-22,YYYY-00-DD 00:00:SS,Unknown,
layoff_00554,Hopin,London,United Kingdom, Other ,Series D,834,592,242,29,1000,07/11/2022,YYYY-00-DD 00:00:SS,Private,
layoff_02891,Upwork,SF Bay Area,United States,Other,Post-IPO,629,21,151,,,05/07/2026,05/07/2026,Unknown,
layoff_03667,Cellulant,Nairobi,Kenya,Finance,Series C,95,3438,65,20,54,2023-08-23,YYYY-00-DD 00:00:SS,Unknown,
layoff_05516,Eden / Managed By Q,New York City,U.S.,Real Estate,Series B,100,135,,40,40,08-Apr-2020,YYYY-00-DD 00:00:SS,Unknown,
layoff_00936,Fate Therapeutics,San Diego,United States,Healthcare,Post-IPO,553,238,315,57,1200,01/09/2023,01/13/2023,Unknown,
layoff_02564, EDMODO  ,"San Mateo, CA",Unknown,  edtech,  unknown  ,128,54,32,100%,215,2022-08-16,YYYY-00-DD 00:00:SS,,
layoff_05350,Circ,Berlin,Germany,Transportation,Acquired,2612,311,,1,55,02-Jun-2020,YYYY-00-DD 00:00:SS,Unknown,
layoff_00839,Lemon,Buenos Aires,Argentina,crypto ,Series A,263,163,100,38,17,11-24-22,YYYY-00-DD 00:00:SS,Unknown,
layoff_02901,0G,  sf bay area,us,Crypto,Unknown,274,261,21,25,11,2026-05-05,YYYY-00-DD 00:00:SS,Unknown,
layoff_03875,Cohesity,SF Bay Area,United States,Data,Series E,2762,89,60,16,805,2023-06-08,YYYY-00-DD 00:00:SS,Unknown,
layoff_00547,Remote,San Francisco,United States,HR,Series C,1111,1011,100,9%,496,07/06/2022,YYYY-00-DD 00:00:SS,Private,
layoff_00350,Daily Harvest,New York City,United States,  FOOD,,300,240,60,20%,120,2022-02-10,YYYY-00-DD 00:00:SS,Unknown,
layoff_04038,Endowus,Singapore,Singapore,Finance,  Unknown,667,,20,,44,30-Mar-2023,YYYY-00-DD 00:00:SS,Unknown,
layoff_01247,CareRev,Los Angeles,United States,Healthcare,Series A,303,203,100,33%,51,15-Jun-2023,YYYY-00-DD 00:00:SS,Unknown,
layoff_01630,Turnitin, Oakland ,United States,Education,Acquired,750,735,15,2%,5500,07-Mar-2024,YYYY-00-DD 00:00:SS,Unknown,
layoff_02143,Zonar Systems,,United States,Logistics,acquired,5000,1196,200,100,50,03-09-25,YYYY-00-DD 00:00:SS,Unknown,
layoff_03938,Cana,SF Bay Area,United States,Food,Unknown,625,150,150,100,30,2023-05-13,YYYY-00-DD 00:00:SS,Unknown,
layoff_05552,AllyO,  SF Bay Area,United States,HR, Series B ,1100,414,50,9%,64,"April 03, 2020",YYYY-00-DD 00:00:SS,Unknown,
layoff_02251,Ohm Mobility,Bengaluru,India,EV financing platform,Unknown,1000,569,,100,216,"July 25, 2025",YYYY-00-DD 00:00:SS,Unknown,
layoff_03233,Chegg,,United States,Education,post-ipo,1519,141,319,21,227,"November 12, 2024",11/13/2024,Unknown,
layoff_02405,Argyle,  new york  ,n/a,InsurTech,Unknown,286,552,20,7,125,26-Aug-2022,YYYY-00-DD 00:00:SS,Private,
layoff_05560, Latch  ,New York City,U.S.A.,security  ,Series B,300,243,60,17,152,02-Apr-2020,YYYY-00-DD 00:00:SS,Unknown,
layoff_05334,Intuit,  SF BAY AREA  ,United States of America,Finance,  Post-IPO  ,10214,79,715,,18,06-22-20,YYYY-00-DD 00:00:SS,Unknown,
layoff_03284,Branch.io,SF Bay Area,United States,Marketing,Series F,267,16,100,18,667,2024-08-09,09-Aug-2024,,
layoff_02158,WhyHive,Melbourne,Australia,Data, Seed,1000,175,242,100%,6,02-Apr-2025,"April 06, 2025",Unknown,
layoff_03822,Vowel,New York City,United States,Other,,7273,1012,120,100,18,06/29/2023,YYYY-00-DD 00:00:SS,Unknown,
layoff_05443,Zenefits,SF Bay Area,USA,HR,Series C,580,309,87,,583,"April 23, 2020",2020-04-24,Unknown,
layoff_01195,Karma,Tel Aviv,Israel,Retail,Series A,71,51,20,28,34,05-04-23,YYYY-00-DD 00:00:SS,Unknown,
layoff_02906,remarkable  ,Oslo,Norway,Hardware,Unknown,25000,85000,200,14,104,2026-04-22,YYYY-00-DD 00:00:SS,Unknown,
layoff_03338,Fisker,Los Angeles,United States,Transportation,Post-IPO,3950,187,54,14%,1700,"April 29, 2024",2024-04-30,Unknown,
layoff_02746, wework ,New York,Unknown,"Real Estate, PropTech",Unknown,600,733,300,20,192,2023-01-19,YYYY-00-DD 00:00:SS,Public,
layoff_01582,Wint Wealth,Nashik,,Finance,Series A,95,76,19,20,16,"February 14, 2024",YYYY-00-DD 00:00:SS,Unknown,
layoff_03456,Meow Wolf,Santa Fe,United States,Media,Unknown,297,630,8,,185,2023-12-04,YYYY-00-DD 00:00:SS,Unknown,
layoff_01682,Criteo,Paris,France,  Marketing  ,Unknown,3500,3360,140,4,61,12-Apr-2024,YYYY-00-DD 00:00:SS,Unknown,
layoff_04437,Aware,  COLUMBUS  ,United States,Security, SERIES C  ,5900,147,450,100,,"January 06, 2023",2023-01-06,Unknown,
layoff_01415,Palmetto Clean Technology,Charleston,U.S.,Energy,Private Equity,3500,4725,30,100%,628,"December 21, 2023",YYYY-00-DD 00:00:SS,Unknown,
layoff_01347,  QUALTRICS ,Salt Lake City,United States,Other,Post-IPO,5571,4791,780,14,,2023-10-04,YYYY-00-DD 00:00:SS,Unknown,
layoff_04756,Nyriad,Austin,United States,Infrastructure,Unknown,308,268,35,33,,2022-10-10,YYYY-00-DD 00:00:SS,Unknown,
layoff_03362,Blueboard,SF Bay Area,United States of America,HR,Series A,600,240,198,100,16,15-Mar-2024,YYYY-00-DD 00:00:SS,Unknown,
layoff_02652,Alto Pharmacy,San Francisco,Unknown,,Unknown,800,622,450,100,856,07-14-22,YYYY-00-DD 00:00:SS,Private,
layoff_04236,  okta ,SF Bay Area,United States,  security  ,Post-IPO,6000,75,300,5,1200,"February 02, 2023",YYYY-00-DD 00:00:SS,Unknown,
layoff_00301,Sonos,New York City,U.S.,Consumer,Post-IPO,1450,1276,174,12,455,2020-06-24,YYYY-00-DD 00:00:SS,Unknown,
layoff_02541,Virgin Hyperloop,Los Angeles,,Transporation, Unknown  ,222,4320,111,50%,436,02-22-22,YYYY-00-DD 00:00:SS,Private,
layoff_01746,Google,Mountain View,United States,Consumer,Post-IPO,1000,10350,57,30%,26,05/10/2024,YYYY-00-DD 00:00:SS,Unknown,
layoff_00410,Coterie Insurance,Cincinnati,,Finance,Series B,150,,30,,70,"May 25, 2022",YYYY-00-DD 00:00:SS,Unknown,
layoff_03920,SoundCloud,Berlin,Germany,Consumer,Unknown,1857,1467,67,8,542,2023-05-23,05-24-23,Unknown,
layoff_02353,Cisco,San Jose,United States,Software Development,Unknown,1429,2400,10000,100%,547,11-18-25,YYYY-00-DD 00:00:SS,Unknown,
layoff_05188,Wahoo Fitness, atlanta  ,U.S.,Fitness,Unknown,700,487,50,100%,91,2022-04-27,2022-06-19,Unknown,
layoff_03476,Presto,SF Bay Area,U.S.A.,Food,Post-IPO,68,360,40,,167,11-20-23,YYYY-00-DD 00:00:SS,Unknown,
layoff_03780,SAS,Raleigh,United States of America,Data,Unknown,5000,940,99,13,,07/13/2023,"July 15, 2023",,
layoff_00068,Sensibill,Toronto,Canada,Finance,Series B,85,,17,20,50,"April 01, 2020",YYYY-00-DD 00:00:SS,Unknown,
layoff_03416,Instagram,SF Bay Area,United States,Consumer,Acquired,1400,162,60,10,57,01-10-24,YYYY-00-DD 00:00:SS,Unknown,
layoff_03887,Unity, SF Bay Area ,United States,Other,Post-IPO,1700,6900,50,50,1300,06-Jun-2023,08-Jun-2023,Unknown,
layoff_03685,Noice,Helsinki,Finland,Consumer,Seed,1550,,40,30,5,2023-08-15,YYYY-00-DD 00:00:SS,Unknown,
layoff_02225,TikTok,Dublin,U.S.,Consumer,Acquired,7400,4500,27,23,17,"July 02, 2025",YYYY-00-DD 00:00:SS,Unknown,
layoff_03315,Simpl,Bengaluru,India,Finance,Series B,400,1200,30,100,72,06-Jun-2024,YYYY-00-DD 00:00:SS,Unknown,
layoff_01360,Convoy,Seattle,United States,Logistics,Series E,500,0,500,100,1100,10-19-23,10-19-23,Unknown,
layoff_03579,Bizongo,Mumbai,India,Retail,Series E  ,168,20,50,,315,10-05-23,YYYY-00-DD 00:00:SS,Unknown,
layoff_01156,Viasat,San Diego,United States,Other,Post-IPO,7500,7200,300,,366,04-12-23,04/25/2023,,
layoff_01820,PayPal  ,San Jose,us,Finance,Post-IPO,96,119,85,23%,216,2024-06-18,06-18-24,Unknown,
layoff_01338,Dunzo,Bengaluru,India,Food,Unknown,500,350,150,30%,,09/26/2023,27-Sep-2023,Unknown,
layoff_02747,Peloton,  new york,N/A,fitness  ,UNKNOWN ,1415,538,-443,14,404,06-Oct-2022,2022-10-06,Public,
layoff_02318,AccelerEd,Bethesda,United States,Higher Education Industry,Unknown,108,0,108,100,1300,10-15-25,YYYY-00-DD 00:00:SS,Unknown,
layoff_01222,  mux ,  San Francisco  ,USA,Infrastructure,Series D,133,93,40,30,173,05/31/2023,31-May-2023,Unknown,
layoff_01172,  bigpanda  , Redwood City  ,United States,Infrastructure,Series E,308,268,40,13%,337,2023-04-24,YYYY-00-DD 00:00:SS,Unknown,
layoff_03723,DICE, london,United Kingdom,Consumer,Series C,0,2000,85,100,135,"August 02, 2023",YYYY-00-DD 00:00:SS,Unknown,
layoff_04125,Protego Trust Bank,Seattle,U.S.A.,Crypto,Series A,445,660,150,50,70,"March 01, 2023",YYYY-00-DD 00:00:SS,Unknown,
layoff_02614,  RateGenius,"Austin, TX",unknown,"consumer lending, fintech",Unknown,1000,29,45,20,665,"January 17, 2023",YYYY-00-DD 00:00:SS,Private,
layoff_04788,  KONFIO,Mexico City,Mexico,Finance,Series E,3100,900,180,20%,706,23-Sep-2022,YYYY-00-DD 00:00:SS,Unknown,
layoff_05353,Stitch Fix,SF Bay Area,United States,Retail,Post-IPO,7778,1000,1400,18,79,"June 01, 2020","June 02, 2020",Unknown,
layoff_05141,Shef,SF Bay Area,United States,Food,Series A,2500,,,24%,28,2022-06-02,YYYY-00-DD 00:00:SS,Unknown,
layoff_04938,DeHaat,Gurugram,India,Food,Series D,3571,655,250,12,194,"August 01, 2022",YYYY-00-DD 00:00:SS,Unknown,
layoff_00945,Thinkific,Vancouver,Canada,Education,Post-IPO,400,324,76,19,22,01-10-23,YYYY-00-DD 00:00:SS,Unknown,
layoff_05266,Bossa Nova,SF Bay Area,United States,Retail,Unknown,4500,900,80,50,101.6,11/02/2020,YYYY-00-DD 00:00:SS,Unknown,
layoff_00752,MindBody,San Luis Obispo,United States, FITNESS  ,Post-IPO,2667,2267,400,15,114,"October 26, 2022","October 26, 2022",Unknown,
layoff_01423,Xerox,Norwalk,United States,Hardware,  post-ipo  ,20000,17000,3000,15,27,03-Jan-2024,YYYY-00-DD 00:00:SS,Unknown,
layoff_02649, People.ai ,  san francisco ,unknown,"AI, Sales",Unknown,148,44,70,9%,212,"July 26, 2022",YYYY-00-DD 00:00:SS,Private,
layoff_02300,Fiverr,Tel Aviv,Israel,Freelance services marketplace,Post-IPO,833,583,250,30,111,09/15/2025,YYYY-00-DD 00:00:SS,Unknown,
layoff_00460,Studio,San Francisco,U.S.,Education,  series b  ,83,50,33,40,50,06-13-22,YYYY-00-DD 00:00:SS,Unknown,
layoff_03706,  dell,Austin,United States of America,Hardware,Post-IPO,833,0,,10,1400,07-Aug-2023,YYYY-00-DD 00:00:SS,Unknown,
layoff_04523,Intel ,SF Bay Area,U.S.,Hardware,post-ipo  ,8000,24000,,20%,12,06-Dec-2022,12/30/2022,,
layoff_02514,OneStudyTeam,Boston,United States,,Series D,606,9400,221,25%,479,12-06-22,YYYY-00-DD 00:00:SS,Private,
layoff_05608,Getaround,SF Bay Area,United States,Transportation,Series D,400,6840,100,,403,27-Mar-2020,YYYY-00-DD 00:00:SS,Unknown,
layoff_00397,Vedantu,Bengaluru,India,Education,Series E,6057,5633,,7,292,"May 18, 2022",YYYY-00-DD 00:00:SS,Unknown,
layoff_04206,Bark,New York City,United States,Retail,Post-IPO,1050,900,126,12%,47,09-Feb-2023,YYYY-00-DD 00:00:SS,Unknown,
layoff_02734,Latch,"New York, NY",Unknown, PropTech  ,  UNKNOWN,311,147,115,37,6,2022-08-02,YYYY-00-DD 00:00:SS,Public,
layoff_04906,Kaltura,New York City,United States,Media,post-ipo,170,397,30,10,166,08-09-22,YYYY-00-DD 00:00:SS,Unknown,
layoff_00085,The Predictive Investment,Boston,United States,HR,Acquired,236,177,59,,65,04/02/2020,YYYY-00-DD 00:00:SS,Unknown,
layoff_02118,SeatGeek,New York City,U.S.,Consumer,Series E,1000,850,150,15,400,02/20/2025,YYYY-00-DD 00:00:SS,Unknown,
layoff_00593,InDebted,Sydney,,,Series B,235,195,40,17,41,2022-07-26,YYYY-00-DD 00:00:SS,Unknown,
layoff_03105,Verily,  SF Bay Area,U.S.A.,Healthcare,Subsidiary,153,165,31,9,3500,2025-08-26,YYYY-00-DD 00:00:SS,Unknown,
layoff_02654,Nextbite,Denver,,"Restaurant Tech, Food Tech",Unknown,2000,1620,140,37%,,07-08-22,YYYY-00-DD 00:00:SS,,
layoff_00961,American Robotics,Boston,United States,Other,  acquired,77,27,50,65,92,2023-01-17,YYYY-00-DD 00:00:SS,Unknown,
layoff_02081,Turso,London,Canada,Product,Seed,300,240,254,10%,7,2025-01-21,YYYY-00-DD 00:00:SS,Unknown,
layoff_04641,Blend,SF Bay Area,U.S.A.,FINANCE,Post-IPO,1667,180,100,6,665,11-10-22,12-09-22,Unknown,
layoff_00155,Parsable,San Francisco,United States,HR,  Series C,160,120,40,,72,04/15/2020,04-15-20,Unknown,
layoff_02378,intel,Santa Clara,United States,Semiconductor Manufacturing,UNKNOWN  ,35000,33600,5000,4,18,09-Dec-2025,YYYY-00-DD 00:00:SS,Unknown,
layoff_05106,Shopee, Singapore  ,Singapore, food ,Unknown,140,3744,17,,804,2022-06-14,YYYY-00-DD 00:00:SS,Unknown,
layoff_02689,Roku,"Los Gatos, CA",unknown,"media, streaming",Unknown,2857,357,200,7,676,2022-11-17,YYYY-00-DD 00:00:SS,Public,
layoff_03817,Xiaomi India, BENGALURU  ,India,Other,Subsidiary,1756,145,30,4,,2023-06-29,YYYY-00-DD 00:00:SS,Unknown,
layoff_03103,Flip,SF Bay Area,USA,Consumer,Series C,242,12220,1000,100,294,"August 29, 2025",2025-08-30,Unknown,
layoff_04407,Life360,SF Bay Area,United States,Consumer,,1400,5120,1000,14,158,12-Jan-2023,YYYY-00-DD 00:00:SS,Unknown,
layoff_01102,Loft,Sao Paulo,Brazil,Real Estate,Unknown,2267,1927,340,15%,788,2023-03-03,YYYY-00-DD 00:00:SS,Unknown,
layoff_00488,  EBANX  ,Curitiba,Brazil,Finance,Series B,1700,1360,340,20,460,06/21/2022,YYYY-00-DD 00:00:SS,Unknown,
layoff_00274,TrueCar,Los Angeles,United States,Transportation,,730,511,219,30%,,2020-05-28,05/29/2020,Unknown,
layoff_04131,Sono Motors,Munich,Germany,Transportation,Post-IPO,900,6840,300,20%,126,02-27-23,"February 28, 2023",Unknown,
, QUALCOMM  ,SF Bay Area,us,Hardware,Post-IPO,833,114000,84,2,298,"June 16, 2023",YYYY-00-DD 00:00:SS,Unknown,
layoff_03373,Treasury Prime,SF Bay Area,United States,Finance,Series C,100,360,40,40,71,02-28-24,YYYY-00-DD 00:00:SS,Unknown,
layoff_00858,Ualá,Buenos Aires,Argentina,Finance,Series D,1767,1714,53,3,544,"November 30, 2022",YYYY-00-DD 00:00:SS,Unknown,
layoff_05042,Abra,SF Bay Area,us,Crypto,Series C,240,261,12,,106,06-30-22,YYYY-00-DD 00:00:SS,Unknown,
layoff_00686,Rubius,Boston,U.S.,,Post-IPO,213,53,160,75,445,09/13/2022,17-Nov-2022,Unknown,
layoff_01889,Eventbrite, san francisco  ,U.S.A.,Consumer,Post-IPO,909,809,100,11,557,2024-08-07,YYYY-00-DD 00:00:SS,Unknown,
layoff_02544, BLOOMTECH,San Francisco,Unknown,,,176,99000,88,50,18,2022-12-01,YYYY-00-DD 00:00:SS,Private,
layoff_05047,Unity,  SF Bay Area ,U.S.A.,Other,Post-IPO,5000,950,200,4,,06-29-22,YYYY-00-DD 00:00:SS,Unknown,
layoff_02553,Protocol Media,San Francisco,Unknown,"News, media",Unknown,60,480,60,100%,245,"November 15, 2022",YYYY-00-DD 00:00:SS,Private,
layoff_00371, quintoandar,Sao Paulo,Brazil,REAL ESTATE  ,Series E,4000,3840,160,4,755,"April 19, 2022",YYYY-00-DD 00:00:SS,Unknown,
layoff_01458,IAC,New York City,United States,Consumer,Post-IPO,400,809,330,2%,,2024-01-10,YYYY-00-DD 00:00:SS,Unknown,
layoff_02726,Bird,Santa Monica,Unknown,Transporation,Unknown,600,165,138,23%,310,"June 07, 2022",YYYY-00-DD 00:00:SS,Public,
layoff_00862,Carousell,Singapore,Singapore,Retail,Private Equity,1100,990,110,,372,12/01/2022,YYYY-00-DD 00:00:SS,Unknown,
layoff_05564,Dynamic Signal,SF Bay Area,United States,HR,Series E,184,144,35,19%,,04-02-20,2020-04-10,Unknown,
layoff_04379,Oracle,SF Bay Area,United States,Other,Post-IPO,739,,50,,453,"January 17, 2023",01/27/2023,Unknown,
layoff_03873,expel,Washington D.C.,USA,Security,  Series E  ,600,768,60,10%,288,"June 09, 2023",YYYY-00-DD 00:00:SS,Unknown,
layoff_00719,Redesign Health,New York City,United States,Healthcare,Series C  ,335,268,67,20,315,"October 10, 2022",YYYY-00-DD 00:00:SS,Unknown,
layoff_03288,AXIOS MEDIA,Washington D.C.,United States,  MEDIA  ,Acquired,500,216,50,10%,57,"August 06, 2024",08-06-24,Unknown,
layoff_00326,GetYourGuide,BERLIN  ,Germany,Travel, Series E ,529,439,90,,656,14-Oct-2020,YYYY-00-DD 00:00:SS,Unknown,
layoff_05381,TicketSwap,Amsterdam,Netherlands,Consumer,Unknown,667,0,870,,8,2020-05-14,YYYY-00-DD 00:00:SS,Unknown,
layoff_00911,Tomorrow,Hamburg,Germany,Finance,Unknown,120,,30,25,29,2022-12-16,12/18/2022,Unknown,
layoff_01502,Seedr,London,United Kingdom,Finance,,303,81,15,15,28,2024-01-23,YYYY-00-DD 00:00:SS,Unknown,
layoff_04613,Protocol, SF BAY AREA,United States,Media,Acquired,60,5173,60,100,275,15-Nov-2022,YYYY-00-DD 00:00:SS,Unknown,
layoff_02666,Thrasio,"Walpole, MA",N/A,E-commerce,Unknown,150,384,150,,7,05-02-22,YYYY-00-DD 00:00:SS,Private,
layoff_00403,Airtime,New York City,United States, Consumer  ,Series B,150,120,30,20,33,"May 23, 2022",08/17/2022,Unknown,
layoff_02775,AMAZON,Seattle,,Retail,Post-IPO,176,,100,,8100,2026-07-22,YYYY-00-DD 00:00:SS,Unknown,
layoff_02958,Dell,Austin,United States,Hardware,  post-ipo  ,110000,43200,11000,10,683,03-16-26,YYYY-00-DD 00:00:SS,Unknown,
layoff_01177,Alteryx,los angeles  ,United States,Data,Post-IPO,2909,2589,320,11,,27-Apr-2023,YYYY-00-DD 00:00:SS,Unknown,
layoff_04823,Foodpanda,Singapore,Singapore,Food,,500,2080,,100,749,2022-09-07,YYYY-00-DD 00:00:SS,Unknown,
layoff_01290,Kape Technologies,London,United Kingdom,Security,Post-IPO,667,467,200,30%,188,2023-07-30,07/30/2023,Unknown,
layoff_04138,Medallia,SF Bay Area,United States,Support,Acquired,125,99,59,11,325,02-24-23,YYYY-00-DD 00:00:SS,Unknown,
layoff_04775,carsome  ,kuala lumpur,Malaysia,Transportation,Series E,700,60,237,10,607,09-30-22,YYYY-00-DD 00:00:SS,Unknown,
layoff_00428,Udayy,Gurugram,India,Education,Seed,100,,100,,2,"June 01, 2022",01-Jun-2022,Unknown,
layoff_04867,ShopX,Bengaluru,India,RETAIL  ,  unknown  ,2350,990,20,100,,08-22-22,2022-08-24,Unknown,
layoff_01128,Indeed,Austin,United States,HR,Acquired,14667,12467,2200,15,5,22-Mar-2023,YYYY-00-DD 00:00:SS,Unknown,
layoff_01822, EMMA SLEEP  ,Frankfurt am Main,Germany,Retail,Acquired,1111,911,200,18%,137,06-19-24,YYYY-00-DD 00:00:SS,Unknown,
layoff_02293,Verbit,New York City,USA,AI transcription and captioning,Series E,420,2387,22,13,569,09-10-25,YYYY-00-DD 00:00:SS,Unknown,
layoff_00866,Aqua Security ,Boston,United States,Security,Series E,650,585,65,10,,2022-12-05,YYYY-00-DD 00:00:SS,Unknown,
layoff_04333,Edifecs,Seattle,United States of America,Healthcare,Unknown,153,743,30,6,1,01/20/2023,2023-01-21,Unknown,
layoff_01758,Toshiba,Tokyo,Japan, Appliances,,50000,45000,4000,,574,16-May-2024,24-May-2024,Unknown,
layoff_04573,Spora Health ,SF Bay Area,United States,Healthcare,Seed,45,4700,9,100,4,2022-11-28,YYYY-00-DD 00:00:SS,Unknown,
layoff_03805,Circles.Life,Singapore,Singapore,Marketing,Unknown,5000,161,77,25,50,06-Jul-2023,07-Jul-2023,,
layoff_02488,Curology,San Francisco,unknown,E-commerce,Unknown,750,0,150,20,,16-Mar-2022,03-16-22,Private,
layoff_00217,Careem,Dubai,,Transportation,Acquired,1729,1193,536,31%,771,2020-05-04,YYYY-00-DD 00:00:SS,Unknown,
layoff_00659,Skedulo,San Francisco,United States,HR,Series C,388,357,31,8,114,"August 23, 2022",YYYY-00-DD 00:00:SS,Unknown,
layoff_01083,Polygon,Bengaluru,India,Crypto,Unknown,500,400,100,20,,2023-02-21,2023-02-21,Unknown,
layoff_02809,Culture Amp,Melbourne,Australia,HR,Series F,778,522,70,9,257,06/26/2026,YYYY-00-DD 00:00:SS,Unknown,
layoff_00183,Swiggy,Bengaluru,India,Food,  series i,8657,7857,800,9.2%,1600,2020-04-21,2020-04-22,Unknown,
layoff_02197, LEDDARTECH ,Quebec,Canada,Transportation,Post-IPO,145,,138,95,402,"May 22, 2025",YYYY-00-DD 00:00:SS,Unknown,
layoff_00484,Brighte,Sydney,Australia,Energy,  series c  ,200,170,30,15,145,06/20/2022,06-21-22,Unknown,
layoff_02236,FIS,Bellevue,United States,FinTech,Unknown,1118,647,133,18,283,07-15-25,YYYY-00-DD 00:00:SS,Unknown,
layoff_04590,Splyt,London,United Kingdom,Transportation,Series B,3750,210,,12%,34,11-18-22,YYYY-00-DD 00:00:SS,Unknown,
layoff_03386,Grammarly,SF Bay Area,United States,Consumer,Unknown,11250,,230,5%,400,07-Feb-2024,02/07/2024,Unknown,
layoff_01116,Dukaan,Bengaluru,India,,Series A,187,,56,30,17,03-15-23,YYYY-00-DD 00:00:SS,Unknown,
layoff_03637,ForeScout,Tel Aviv,Israel,Security,Acquired,10000,614,40,,,"September 06, 2023","September 09, 2023",Unknown,
layoff_01734,Luminar,Orlando,United States,Transportation,Post-IPO,735,588,147,20%,780,2024-05-04,05-04-24,Unknown,
layoff_00690,Twilio,  San Francisco,United States,Other,  Post-IPO  ,7273,6473,800,11%,,14-Sep-2022,14-Sep-2022,Public,
layoff_04805,Propzy, ho chi minh city  ,Vietnam,  Real Estate  ,Series A,333,683,57,100,33,"September 13, 2022",YYYY-00-DD 00:00:SS,Unknown,
layoff_01931,ChargePoint,Campbell,United States,  Manufacturing,Unknown,1667,1417,,15,1,"September 04, 2024",YYYY-00-DD 00:00:SS,Unknown,
layoff_04977,InVision,New York City,U.S.A.,  product  ,,150,1016,48,,356,07/21/2022,YYYY-00-DD 00:00:SS,Unknown,
layoff_03707,Verse,Barcelona,Spain,Finance,Acquired,875,1064,50,100%,38,08-07-23,YYYY-00-DD 00:00:SS,Unknown,
layoff_05086,Sourcegraph,SF Bay Area,U.S.A.,Product,Series D,300,240,24,8%,248,06/21/2022,06-23-22,Unknown,
layoff_02839,Salesforce,SF Bay Area,United States, SALES,Post-IPO,167,127,86,,65,"June 09, 2026",YYYY-00-DD 00:00:SS,Unknown,
layoff_01705,Freenome,San Francisco,United States,,Unknown,500,400,100,20,187,24-Apr-2024,YYYY-00-DD 00:00:SS,Unknown,
layoff_03642,Talent.com, montreal  ,Canada,Recruiting,SERIES B ,77,1133,69,28%,,2023-09-05,YYYY-00-DD 00:00:SS,Unknown,
layoff_01909,  Loop,Columbus,U.S.A.,Retail,Series B,87,,360,20,125,"August 16, 2024",YYYY-00-DD 00:00:SS,,
layoff_00269,Ebanx,Curitiba,Brazil,Finance ,Unknown,775,713,62,,30,"May 27, 2020",YYYY-00-DD 00:00:SS,Unknown,
layoff_02653,  SPRING ,San Francisco,Unknown,E-commerce,,750,3240,2300,33%,194,"July 13, 2022",YYYY-00-DD 00:00:SS,Private,
layoff_01700,Homie,SALT LAKE CITY ,,Real Estate,Series B,2600,3135,170,20,35,04-19-24,YYYY-00-DD 00:00:SS,Unknown,
layoff_03922,AppFolio,Santa Barbara,United States,Real Estate,Post-IPO,8000,30,62,33,30,05-22-23,YYYY-00-DD 00:00:SS,Unknown,
layoff_04297,Confluent, sf bay area ,United States,Data,Post-IPO,2762,13,221,8,455,"January 26, 2023",YYYY-00-DD 00:00:SS,Unknown,
layoff_01382,  Jungle Scout , AUSTIN ,United States,Retail,Private Equity ,920,2833,110,100,,2023-12-09,YYYY-00-DD 00:00:SS,Unknown,
layoff_05636, TAKL,Nashville,United States,Consumer,,909,369,130,17,26000,"March 24, 2020",YYYY-00-DD 00:00:SS,Unknown,
layoff_04447,Compass,New York City,United States,Real Estate,Post-IPO,290,293,340,33,1600,01-05-23,YYYY-00-DD 00:00:SS,Unknown,
layoff_05073,Kune,Nairobi,Kenya,Food,  seed,1000,66,300,100,,2022-06-23,YYYY-00-DD 00:00:SS,Unknown,
layoff_05143,Esme Learning,Boston,U.S.A.,  Education,Unknown,5882,423,100,3,37,06-02-22,06-02-22,Unknown,
layoff_04394,Arch Oncology,Brisbane,United States,Healthcare,Series C,180,0,75,100,155,01-13-23,01-14-23,Unknown,
layoff_03147,Sabi,Lagos,Nigeria,Retail,Series B,250,0,50,,,"June 19, 2025",YYYY-00-DD 00:00:SS,Unknown,
layoff_05587,Turo,SF Bay Area,United States,Transportation,Series E,360,702,108,30,467,03-31-20,2020-04-01,Unknown,
layoff_03799,evernote  , sf bay area  ,United States,,Acquired,1143,1727,900,30,290,2023-07-07,YYYY-00-DD 00:00:SS,Unknown,
layoff_02395,Armis Security,San Francisco,,Cybersecurity,Unknown,625,809,25,4,865,12-08-22,YYYY-00-DD 00:00:SS,Private,
layoff_04249,Talkdesk,SF Bay Area,U.S.A.,Support,  Series D  ,2222,2952,54,2%,497,02-Feb-2023,YYYY-00-DD 00:00:SS,Unknown,
layoff_02464,Rock Content,"Boca Raton, FL",unknown,"content marketing, advertising",Unknown,1000,21,315,15,862,01/12/2023,01-12-23,Private,
layoff_03066,TripAdvisor,Boston,United States,,  POST-IPO  ,243,130,200,20,3,05-Nov-2025,2025-11-07,Unknown,
layoff_00148,The RealReal,San Francisco,United States,Retail,Post-IPO,2350,2115,235,10,358,2020-04-14,YYYY-00-DD 00:00:SS,Unknown,
layoff_02185,Bench,San Francisco,United States,Finance,Acquired,1200,9,8,20,,"May 01, 2025",01-May-2025,Unknown,
layoff_01875,Moxion Power,Richmond,United States,,Unknown,248,0,248,100%,124,07/29/2024,YYYY-00-DD 00:00:SS,Unknown,
layoff_04654,Cameo,  CHICAGO  ,United States, Consumer,Unknown,7,20,80,10,165,"November 09, 2022",YYYY-00-DD 00:00:SS,Unknown,
layoff_05175,Doma,SF Bay Area,United States,Finance,Post-IPO,2067,6300,310,,679,10-May-2022,YYYY-00-DD 00:00:SS,Unknown,
layoff_04424,Blend,SF Bay Area,United States,Finance,Post-IPO,1214,60,340,,665,01-10-23,YYYY-00-DD 00:00:SS,Unknown,
layoff_05430,Yoco,Cape Town,South Africa,Finance,Series B,600,1613,112,20,23,2020-04-29,2020-05-15,Unknown,
layoff_00654,Tufin, boston  ,United States,Security,Acquired,550,495,55,10,21,08/21/2022,YYYY-00-DD 00:00:SS,Unknown,
layoff_00632, NUTANIX ,San Jose,United States of America,Infrastructure,Post-IPO,6750,6480,270,,1100,"August 09, 2022",YYYY-00-DD 00:00:SS,Unknown,
layoff_02017,Chegg,Santa Clara,United States,Education,Post-IPO,148,117,31,21%,227,11/12/2024,YYYY-00-DD 00:00:SS,Unknown,
layoff_05088,SuperLearn,Bengaluru,India,Education,Seed,2000,480,22,100,8,06-21-22,YYYY-00-DD 00:00:SS,,
layoff_01968,Grabango,Berkeley,USA,Food,,3571,399,355,100,4,10/09/2024,YYYY-00-DD 00:00:SS,Unknown,
layoff_00901, KOMODO HEALTH ,San Francisco,United States,Healthcare,Series E,867,789,78,,514,13-Dec-2022,2022-12-13,Private,
layoff_03410,Google,SF Bay Area,United States,Consumer,Post-IPO,500,1395,40,12,26,01/16/2024,"January 30, 2024",Unknown,
layoff_05482,Parsable,SF Bay Area,us,  HR,,160,700,40,25,72,15-Apr-2020,YYYY-00-DD 00:00:SS,Unknown,
layoff_04822,Realtor.com,SF Bay Area,U.S.A.,Real Estate,Acquired,4100,233,170,35,1900,09-08-22,2022-09-10,Unknown,
layoff_00225,andela,New York City,United States of America,HR,Series D,1350,1215,135,,181,"May 05, 2020",YYYY-00-DD 00:00:SS,Unknown,
layoff_02739,Carvana,Tempe,unknown,"automotive, ecommerce",Unknown,20000,1725,4000,7,509,01-13-23,YYYY-00-DD 00:00:SS,Public,
layoff_04743,6sense,SF Bay Area,United States of America,Sales,Series E,1500,930,150,10%,426,10-12-22,YYYY-00-DD 00:00:SS,Unknown,
layoff_01313,Getir,London,United Kingdom,Food,Series E ,22727,20227,2500,11%,1800,08-22-23,YYYY-00-DD 00:00:SS,Unknown,
layoff_04621,Outside,Boulder,United States of America,Media,Series B,10000,9400,7,12%,174,"November 15, 2022",YYYY-00-DD 00:00:SS,Unknown,
layoff_03144,Subtl AI,Hyderabad,India,AI,Seed,48,380,77,,131,03-Jul-2025,YYYY-00-DD 00:00:SS,Unknown,
layoff_04966,Included Health,SF Bay Area,United States,Healthcare,Series E,227,494,,6,272,07-25-22,26-Jul-2022,Unknown,
layoff_01439,Pitch,Berlin,Germany,Other,Series B,119,39,80,67%,,01-08-24,YYYY-00-DD 00:00:SS,Unknown,
layoff_01271,WayCool,Chennai,India,Food,Unknown,2500,2200,300,12,363,11-Jul-2023,YYYY-00-DD 00:00:SS,Unknown,
layoff_00287,Ethos Life,San Francisco,United States,Finance,Series C,129,111,18,14,106,05-Jun-2020,05-Jun-2020,,
layoff_02743,Qualcomm,  san diego,U.S.,"Telecommunication, wireless",Post-IPO,2500,400,153,15,10700,12-22-22,01-04-23,,
layoff_04510,FireHydrant,New York City,us,Infrastructure,Series B,500,170,160,10%,,12-08-22,YYYY-00-DD 00:00:SS,Unknown,
layoff_04888,Orbit,SF Bay Area,us,Other,Series A,225,950,45,8%,20,08-12-22,YYYY-00-DD 00:00:SS,Unknown,
layoff_00657,Plato,San Francisco,United States, hr ,Seed,58,29,29,50,,23-Aug-2022,YYYY-00-DD 00:00:SS,Unknown,
layoff_04923,Zenius,Jakarta,Indonesia,,Series B,400,2813,150,30,20,08-04-22,2022-08-04,Unknown,
layoff_05448,Ike,SF Bay Area,United States,Transportation,Series A,71,3713,10,14,52,04/22/2020,22-Apr-2020,Unknown,
layoff_05108,Automox,Boulder,United States,Infrastructure,Series C,800,,255,4,152,"June 13, 2022",YYYY-00-DD 00:00:SS,Unknown,
layoff_02527,Ideoclick,Seattle,us,E-commerce,Series A,121,583,,33,7,04-May-2022,YYYY-00-DD 00:00:SS,Private,
layoff_03113,Oracle,Seattle,United States,Other,Post-IPO,7273,102,161,9,42,13-Aug-2025,YYYY-00-DD 00:00:SS,Unknown,
layoff_05212,WeDoctor,Unknown  ,China, HEALTHCARE ,Series F,278,1700,500,15,1400,03-02-22,2022-03-05,,
layoff_02208,business insider  ,New York City,United States,Media,Acquired,0,0,0,20,56,05/29/2025,"June 01, 2025",Unknown,
layoff_03680,Illumina,San Diego,United States,Healthcare,,706,268,151,30,,17-Aug-2023,YYYY-00-DD 00:00:SS,Unknown,
layoff_04172,the realreal  ,SF Bay Area,United States,Retail,Post-IPO,3286,1077,230,7%,356,02-16-23,YYYY-00-DD 00:00:SS,Unknown,
layoff_00787,AvantStay,Los Angeles,United States,Travel,Private Equity,655,,144,,686,11/09/2022,YYYY-00-DD 00:00:SS,Private,
layoff_04286,Hoxhunt,Helsinki,Finland,Security,Series B,1500,2850,40,3,43,01/29/2023,02-01-23,Unknown,
layoff_03739,Point,SF Bay Area,USA,Real Estate,,218,1012,61,28%,149,07-27-23,YYYY-00-DD 00:00:SS,Unknown,
layoff_04843,Snagajob, Richmond  ,United States of America,HR,Unknown,533,240,100,9,221,2022-08-31,YYYY-00-DD 00:00:SS,Unknown,
layoff_05569,Capillary,Bengaluru,India,Retail,Private Equity,625,96,23,4%,102,"April 02, 2020",YYYY-00-DD 00:00:SS,Unknown,
layoff_03035,Yellow.ai,SF Bay Area,United States,Support,,333,611,100,30,102,2025-12-23,2025-12-26,Unknown,
layoff_00799,Juul,San Francisco,United States,Consumer,,1333,933,400,30,1500,11-10-22,YYYY-00-DD 00:00:SS,Public,
layoff_00651,Wayfair,Boston,USA,,Post-IPO,17400,16530,870,5,1700,2022-08-19,08/19/2022,Public,
layoff_03199,Cruise,SF Bay Area,USA,Transportation,Acquired,2000,280,1000,50,15000,02-04-25,YYYY-00-DD 00:00:SS,Unknown,
layoff_02917,  UKG,Boston,United States,HR,Unknown,6125,,950,6,59,"April 15, 2026","April 17, 2026",Unknown,
layoff_01751,Mainvest,Boston,United States,Finance,Unknown,2000,213,100,100,,05/14/2024,YYYY-00-DD 00:00:SS,Unknown,
layoff_04937,Classkick,Chicago,USA,Education,Seed,789,47500,12,,1,2022-08-01,2022-08-10,Unknown,
layoff_03731,indrive,SF Bay Area,us,Transportation,Unknown,210,945,15,10%,387,08/01/2023,YYYY-00-DD 00:00:SS,Unknown,
layoff_02821,Lazada Group,Singapore,Singapore,Retail,Acquired,3333,2520,,5,7200,"June 23, 2026",YYYY-00-DD 00:00:SS,Unknown,
layoff_02478,Amount,Chicago,United States,FinTech ,Unknown,1118,,100,,283,"June 27, 2022",06/27/2022,,
layoff_03559,Flexport,SF Bay Area,United States,Logistics,,5000,1045,50,,2400,10/13/2023,YYYY-00-DD 00:00:SS,Unknown,
layoff_04016,Euler Motors,NEW DELHI  ,India,Transportation,SERIES C  ,370,207,30,10,,"April 11, 2023",2023-04-11,Unknown,
layoff_01135,Crossbeam,Philadelphia,United States of America,Sales,Series C,113,96,17,15,116,03/30/2023,YYYY-00-DD 00:00:SS,Unknown,
layoff_05004,Involves,Florianópolis,Brazil,Retail,Unknown,389,2550,70,18,23,"July 13, 2022",YYYY-00-DD 00:00:SS,Unknown,
layoff_01473,Artifact,San Francisco,United States,  Media  , UNKNOWN  ,93,7700,100,100,4,01-12-24,YYYY-00-DD 00:00:SS,Unknown,
layoff_00459,BlockFi,New York City,,Crypto,Series E,1250,1000,250,20,1000,"June 13, 2022",2022-06-13,Unknown,
layoff_00145,Neon,Sao Paulo,Brazil,Finance,Series B,700,630,70,10,120,2020-04-13,2020-04-14,Unknown,
layoff_02615,GoCanvas,"Reston, VA",-,"productivity, enterprise software",Unknown,2200,,110,5,42,13-Jan-2023,YYYY-00-DD 00:00:SS,Private,
layoff_05044,Secfi,SF Bay Area,United States,Finance,Series A,93,480,155,5,,30-Jun-2022,04-Aug-2022,,
layoff_00849,Wildlife Studios,Sao Paulo,Brazil,Consumer,Unknown,1500,1200,300,20%,260,"November 28, 2022",11-29-22,Unknown,
layoff_00602,Clearco,toronto ,Canada,Finance,,500,,125,25%,,2022-07-29,YYYY-00-DD 00:00:SS,Unknown,
layoff_04235,Byju's,Bengaluru,India,Education,Private Equity,366,47500,1500,45,5500,2023-02-02,YYYY-00-DD 00:00:SS,Unknown,
layoff_00434,Stord,atlanta,United States,Logistics,Series D,738,679,59,8%,325,06/02/2022,YYYY-00-DD 00:00:SS,Unknown,
layoff_04705,Doubtnut,Gurugram,India,Education,Series B,221,99,385,30,49,"October 31, 2022",YYYY-00-DD 00:00:SS,Unknown,
layoff_05124,Bond,SF Bay Area,United States,Finance,Series A,1900,220,90,5,42,07-Jun-2022,YYYY-00-DD 00:00:SS,Unknown,
layoff_03965,Vallai,  Paris ,France,Data,Seed,1000,137,12,100%,91,2023-05-02,YYYY-00-DD 00:00:SS,Unknown,
layoff_04759,Rev.com,Austin,United States of America,data  ,,1200,688,85,100,30,10/07/2022,YYYY-00-DD 00:00:SS,Unknown,
layoff_02421,Bonterra,,Unknown,"social impact, finance",Unknown,1400,614,140,10,,01/13/2023,YYYY-00-DD 00:00:SS,,
layoff_01927,Dunzo,Bengaluru,India,Food,Unknown,200,50,150,75,458,31-Aug-2024,09-01-24,Unknown,
layoff_00115,Toast,Boston,United States of America,Food,Series F,2600,1300,1300,,902,04/07/2020,07-Apr-2020,Unknown,
layoff_01707,SunPower,Los Angeles,United States,Semiconductors,Unknown,220,198,1000,10,12,04-24-24,YYYY-00-DD 00:00:SS,Unknown,
layoff_01503,Vroom,New York City,United States,Transportation,Post-IPO,889,89,800,90,1,23-Jan-2024,YYYY-00-DD 00:00:SS,Unknown,
layoff_03778, khoros ,Austin,United States,Sales,Private Equity,1000,160,12,5%,138,2023-07-13,YYYY-00-DD 00:00:SS,Unknown,
layoff_00878,Lithic,,United States,Finance,Series C,150,123,27,18,115,07-Dec-2022,YYYY-00-DD 00:00:SS,Unknown,
layoff_04120,Truckstop.com,Boise,United States,Logistics,,33,170,65,12%,336,03-02-23,YYYY-00-DD 00:00:SS,Unknown,
layoff_00672,2TM,Sao Paulo,Brazil,,Unknown,667,567,100,,,2022-09-01,YYYY-00-DD 00:00:SS,Unknown,
layoff_01130,Slite,Paris,France,Other,Series A,40,30,10,25,15,"March 23, 2023",24-Mar-2023,Unknown,
layoff_01879,Match Group,  New York City,United States,CONSUMER,Post-IPO,0,0,0,6,,07-31-24,"August 01, 2024",Unknown,
layoff_00018,Zeus Living,San Francisco,United States,Real Estate,,267,187,80,30,79,2020-03-24,YYYY-00-DD 00:00:SS,Unknown,
layoff_04804,FullStory,Atlanta,United States,, Unknown ,235,323,61,12,197,13-Sep-2022,YYYY-00-DD 00:00:SS,Unknown,
layoff_01672,Fission,Vancouver,Canada,Other, UNKNOWN,329,569,15,,415,07-Apr-2024,YYYY-00-DD 00:00:SS,Unknown,
layoff_02492,Coterie Insurance,Cincinnati,unknown,InsurTech,,150,0,30,,65,27-May-2022,YYYY-00-DD 00:00:SS,Private,
layoff_01774,Walnut,Tel Aviv,Israel,Sales,Series B,75,60,15,20,56,"May 29, 2024",YYYY-00-DD 00:00:SS,Unknown,
layoff_04273,National Instruments,Austin,United States,Hardware,Post-IPO,37500,47500,104,4,12,2023-01-31,YYYY-00-DD 00:00:SS,Unknown,
layoff_00590,Dover,San Jose,United States,HR,Series A,77,54,23,30,22,07-26-22,YYYY-00-DD 00:00:SS,Unknown,
layoff_01236,Expel,,USA,,Series E,600,540,60,10%,288,2023-06-09,YYYY-00-DD 00:00:SS,Unknown,
layoff_01804,Cypress.io,Atlanta,United States,Product,Series B,77,1016,11,27,54,2024-06-14,YYYY-00-DD 00:00:SS,Unknown,
layoff_02842,Tools for Humanity,SF Bay Area,United States,,Series C,312,68,10,,244,06-08-26,08-Jun-2026,Unknown,
layoff_03980,Extramarks,Noida,India,Education,Unknown,16667,423,300,4,426,04/26/2023,YYYY-00-DD 00:00:SS,Unknown,
layoff_05251,Postmates,,U.S.,Food,Acquired,1200,121,180,15,763,23-Jan-2021,YYYY-00-DD 00:00:SS,Unknown,
layoff_05204,BitMEX,Unknown,Seychelles,Crypto,Seed,300,270,75,25%,100,04/04/2022,YYYY-00-DD 00:00:SS,Unknown,
layoff_01991,dYdX,San Francisco,United States,Crypto,Series C,667,163,75,35%,87,"October 29, 2024","October 29, 2024",,
layoff_02307,  Snorkel AI  ,Redwood City,United States,Software Development,Unknown,238,207,31,13,1,2025-09-21,YYYY-00-DD 00:00:SS,Unknown,
layoff_02339,Indeed,Austin,United States of America,  recruiting platform,  UNKNOWN ,567,1727,57,,301,11-06-25,YYYY-00-DD 00:00:SS,Unknown,
layoff_05019,Nextbite,Denver,United States,Food,Series C,833,19583,170,,150,2022-07-09,YYYY-00-DD 00:00:SS,Unknown,
layoff_02402,Food52,New York,unknown,,Unknown,333,1080,20,6,14,08-Apr-2022,2022-04-08,Private,
layoff_02045,Bluevine,Tel Aviv,Israel,Finance,Unknown,556,456,100,18,76,12/10/2024,"December 11, 2024",Unknown,
layoff_00309,LinkedIn  ,Sunnyvale,United States,HR,Acquired,16000,15040,960,6,,21-Jul-2020,YYYY-00-DD 00:00:SS,Unknown,
layoff_00763,Oda,Oslo,Norway,Food,Unknown,389,,70,18,377,2022-11-01,YYYY-00-DD 00:00:SS,Unknown,
layoff_04493,Outschool,SF Bay Area,United States,Education,Series D,172,43,43,,240,12/10/2022,2022-12-13,Unknown,
layoff_02222,Rivian, LOS ANGELES,U.S.A.,,Post-IPO,14000,13860,140,1,10700,26-Jun-2025,YYYY-00-DD 00:00:SS,Unknown,
layoff_02288,Scope3,New York City,U.S.A.,Software Development,Series B,2500,,42,14,45,2025-09-05,YYYY-00-DD 00:00:SS,Unknown,
layoff_01284,Figure,San Francisco,United States,Crypto,Unknown,450,360,90,,1500,07-26-23,YYYY-00-DD 00:00:SS,Unknown,
layoff_05444,Simon Data, new york city,United States,MARKETING, series c  ,420,16,6,4,68,04/23/2020,YYYY-00-DD 00:00:SS,Unknown,
layoff_00003,Help.com,Austin,United States,Support,Seed,16,0,16,,6,2020-03-16,YYYY-00-DD 00:00:SS,Unknown,
layoff_00648,Malwarebytes,Santa Clara,us,Security,Series B,893,768,125,14,80,"August 17, 2022",YYYY-00-DD 00:00:SS,Unknown,
layoff_00876,Integral Ad Science,New York City,United States of America,Marketing,Acquired,923,803,120,13,116,2022-12-07,YYYY-00-DD 00:00:SS,Unknown,
layoff_03345,Google,sf bay area ,U.S.,Consumer,Post-IPO,13400,261,45,30,26,2024-04-17,YYYY-00-DD 00:00:SS,,
layoff_05431,Renmoney,Lagos,Nigeria,Finance,Unknown,782,207,391,50,3500,28-Apr-2020,YYYY-00-DD 00:00:SS,Unknown,
layoff_01519,  Salesforce ,San Francisco,United States,Sales,Post-IPO,70000,69300,700,1,,2024-01-26,YYYY-00-DD 00:00:SS,Unknown,
layoff_03843,Uber,SF Bay Area,United States,Transportation,Post-IPO,5776,614,200,,25200,21-Jun-2023,2023-06-22,Unknown,
layoff_01924, APPLE,Cupertino,United States,hardware  ,Post-IPO,50000,45600,100,33%,,08/27/2024,2024-08-27,Unknown,
layoff_04467,Element,London,United Kingdom,OTHER,Series B,2635,2108,1800,15,96,12/25/2022,03-01-23,,
layoff_03775,Factorial,Barcelona,Spain,HR,Series C,39,176,20,15%,,13-Jul-2023,YYYY-00-DD 00:00:SS,Unknown,
layoff_01214,Flink,Berlin,Germany,Food,,625,525,100,16,,24-May-2023,YYYY-00-DD 00:00:SS,Unknown,
layoff_05633,Divvy Homes,SF Bay Area,United States,Real Estate  ,Series B,2500,,300,8,180,03-25-20,YYYY-00-DD 00:00:SS,Unknown,
layoff_00789,Kabam,San Francisco,United States,Consumer,  Acquired ,500,465,35,,244,11-09-22,11/09/2022,Private,
layoff_01845,Ninja Van,Singapore,Singapore,Transportion,Series E,3000,180,20,5,974,01-Jul-2024,07-03-24,Unknown,
layoff_00649,New Relic,San Francisco,United States of America,Infrastructure,Post-IPO,2200,2090,110,5,214,08-18-22,08-18-22,Unknown,
layoff_02537, ncx ,San Francisco,Unknown,"Renewable energy, forestry",UNKNOWN,1429,6643,300,40,119,28-Nov-2022,11-28-22,Private,
layoff_01428,Lever,San Francisco,United States,HR,Acquired,34,733,100,28,,2024-01-05,YYYY-00-DD 00:00:SS,Unknown,
layoff_02980,WiseTech,Sydney,Australia,Logistics,Post-IPO,6667,23,2000,30%,3000,2026-02-24,YYYY-00-DD 00:00:SS,Unknown,
layoff_01805,Care/of,New York City,United States of America,Healthcare,Acquired,143,,143,100,83,15-Jun-2024,YYYY-00-DD 00:00:SS,Unknown,
layoff_05295,DJI,Shenzen,China,Consumer,Unknown,72000,850,37,16,,08-17-20,YYYY-00-DD 00:00:SS,Unknown,
layoff_04545,Podium,Lehi,United States,Support,Series D,5700,149,50,,419,"December 01, 2022",YYYY-00-DD 00:00:SS,Unknown,
layoff_01026,  DRAFTKINGS ,Boston,United States,Consumer,Post-IPO,3500,,140,4,719,02-01-23,YYYY-00-DD 00:00:SS,Unknown,
layoff_05184,Thrasio,,USA,Retail  ,  Unknown  ,1385,,56,35,3400,05-02-22,YYYY-00-DD 00:00:SS,Unknown,
layoff_02177,Smashing,  SAN FRANCISCO ,United States,Consumer,Seed,7,0,7,100,3,04-26-25,YYYY-00-DD 00:00:SS,Unknown,
,CLEAR CAPITAL  , reno  ,United States,Real Estate,Unknown,1000,2125,250,25%,149,01/25/2023,YYYY-00-DD 00:00:SS,Unknown,
layoff_02346,Verizon,New York City,United States,  telecommunication  ,Unknown,222,406,15000,2%,228,"November 13, 2025",11/13/2025,Unknown,
layoff_02662,Clubhouse,San Francisco,Unknown,"  social media, audio  ",Unknown,6000,446,134,25,197,2022-06-03,YYYY-00-DD 00:00:SS,Private,
layoff_03531,Salsify, boston ,U.S.A.,Retail,Unknown,397,1567,110,,453,10/25/2023,YYYY-00-DD 00:00:SS,Unknown,
layoff_03306,Unit,New York City,,FINANCE ,Series C,88,23,33,15,170,06/17/2024,YYYY-00-DD 00:00:SS,Unknown,
layoff_03492,Sarcos,Pittsburgh,U.S.,Aerospace,,1059,90,150,100,316,11-14-23,YYYY-00-DD 00:00:SS,Unknown,
layoff_05480,Carta,SF Bay Area,United States,Finance,Series E,1006,1057,161,16,,2020-04-15,YYYY-00-DD 00:00:SS,Unknown,
layoff_03490,Uleet,Columbus,United States,Healthcare,Unknown,130,629,13,100%,24,15-Nov-2023,"November 16, 2023",Unknown,
layoff_01835,eBay,Tel Aviv,Israel,e-commerce,  POST-IPO  ,12500,10111,40,4,1200,06/26/2024,YYYY-00-DD 00:00:SS,Unknown,
layoff_00367,Food52,New York City,United States,Food,Acquired,200,180,20,10,176,04/08/2022,"May 07, 2022",Unknown,
layoff_02067,Pandion,Seattle,United States,Logistics,Series B,63,,63,100,76,01/10/2025,"January 12, 2025",Unknown,
layoff_02533,Callisto Media,"Emeryville, California",Unknown,ANALYTICS , unknown  ,385,270,80,35%,1500,"October 25, 2022",2022-10-25,Private,
layoff_05142,IRL,SF BAY AREA  ,United States,Consumer,Series C,100,1129,25,25%,197,06/02/2022,06-02-22,Unknown,
layoff_04196,LinkedIn,SF Bay Area,U.S.A.,Recruiting,,22000,1133,716,100,154,02/13/2023,YYYY-00-DD 00:00:SS,Unknown,
layoff_00475,JOKR,,United States,Food,Series B,1000,950,50,5,430,06/16/2022,19-Jun-2022,,
layoff_02322,rovio  ,Espoo,Finland,Computer Games,Unknown,4000,3200,36,20,2,"October 21, 2025",YYYY-00-DD 00:00:SS,Unknown,
layoff_03126,PlaxidityX,Tel Aviv,Israel,Security,Acquired,181,506,,36,25,2025-07-23,12-08-25,Unknown,
layoff_04999,Kiavi,SF Bay Area,United States,  Real Estate,Series E,557,120,39,7,240,07-14-22,07-22-22,Unknown,
layoff_04020,Absolute Software,Vancouver,Canada,Security,Post-IPO,800,9377,40,5,146,06-Apr-2023,06-Apr-2023,Unknown,
layoff_01340,FI.MONEY  ,Bengaluru,India,Finance,,300,270,30,10%,137,09-27-23,28-Sep-2023,Unknown,
layoff_03944,Tessera,New York City,United States,Crypto,Series A,274,850,16,100,43,"May 12, 2023",2023-05-15,Unknown,
layoff_01800,SCiFi Foods,San Leandro,United States,  Food,Series A,1000,5953,87,100,,06-12-24,YYYY-00-DD 00:00:SS,,
layoff_01955,F5,Seattle,,Security,Post-IPO,893,167,8,3,,09-24-24,YYYY-00-DD 00:00:SS,Unknown,
layoff_01106,Zwift,,U.S.A.,Fitness,series c ,533,,80,,619,2023-03-07,"March 08, 2023",Unknown,
layoff_03966,SAS,Raleigh,United States,Data,  UNKNOWN,120,49,250,6,596,05-01-23,07/05/2023,Unknown,
layoff_03768,Binance,Cayman Islands,Cayman Islands,Crypto,Unknown,5000,450,1000,10,100,07/14/2023,2023-07-14,Unknown,
layoff_00685,Patreon,San Francisco,us,Media,  Series F  ,471,391,80,17,413,"September 13, 2022",YYYY-00-DD 00:00:SS,Private,
layoff_01687,Kwalee,Leamington Spa,United Kingdom, gaming ,Unknown,400,360,40,10%,,04/16/2024,YYYY-00-DD 00:00:SS,Unknown,
layoff_00491, MASTERCLASS,San Francisco,United States, education  , Series E  ,600,480,120,20,461,22-Jun-2022,YYYY-00-DD 00:00:SS,Private,
layoff_00753,Zillow,Seattle,United States,Real Estate,Post-IPO,6000,5700,300,5,97,10/26/2022,YYYY-00-DD 00:00:SS,Public,
layoff_04683,Provi,Chicago,us,Food,Series C,340,99,1300,80,150,2022-11-03,11-05-22,Unknown,
layoff_04507,Armis,SF Bay Area,us,Security,Private Equity,625,708,25,4,537,12-08-22,YYYY-00-DD 00:00:SS,Unknown,
layoff_02873,Gambling.com Group,  DUBLIN,Ireland, other,Post-IPO,450,30,300,,276,"May 14, 2026",YYYY-00-DD 00:00:SS,,
layoff_03525,StepStone,Berlin,Germany,Recruiting,Acquired,4300,19998,215,5,154,10-30-23,YYYY-00-DD 00:00:SS,,
layoff_05450,Clearbit,,United States,Data,Series A,500,,177,9,17,2020-04-22,25-Apr-2020,Unknown,
layoff_02625, Zywave ,Milwaukee,United States,"Insurtech, cloud computing",Acquired,300,373,,5%,292,12-07-22,12-09-22,Private,
layoff_03347,tiktok  ,Dublin,Ireland,Consumer,Acquired,927,1820,250,,42,04-11-24,YYYY-00-DD 00:00:SS,Unknown,
layoff_04551,Kraken,  SF BAY AREA,us,Crypto,,3667,700,1100,30,134,30-Nov-2022,YYYY-00-DD 00:00:SS,Unknown,
layoff_02661,ID.Me,"McLean, Virginia",unknown, identity verification ,Unknown,909,195,24,7,,"June 07, 2022",YYYY-00-DD 00:00:SS,Private,
layoff_00905,JD.ID,Jakarta,Indonesia,Retail,,667,467,200,30,5100,2022-12-14,15-Dec-2022,Unknown,
layoff_02423,Lusha,New York,Unknown,Sales tech,Unknown,300,64,30,,194,"July 18, 2022",YYYY-00-DD 00:00:SS,Private,
layoff_03948,Buzzer,New York City,United States,Media,Unknown,170,80,300,100,32,05/09/2023,YYYY-00-DD 00:00:SS,Unknown,
layoff_04550,DoorDash,SF Bay Area,U.S.A.,Food,Post-IPO,20833,150,1250,6,2500,30-Nov-2022,YYYY-00-DD 00:00:SS,Unknown,
layoff_04397,GoCanvas,Washington D.C.,us,Other,Acquired,979,1820,,4,21,13-Jan-2023,YYYY-00-DD 00:00:SS,Unknown,
layoff_05272,Zomato,Jakarta,Indonesia,Food,Series J,8333,153,1700,50%,,2020-10-20,10/22/2020,Unknown,
layoff_02924,StarkWare,tel aviv  ,Israel,Crypto,Series D,971,4667,700,,273,04-13-26,YYYY-00-DD 00:00:SS,Unknown,
layoff_01574,Impinj,Seattle,U.S.A.,Other,Post-IPO,500,450,50,10%,137,13-Feb-2024,03/14/2024,Unknown,
layoff_00194,Jiobit,Chicago,United States,Consumer, Unknown  ,29,23,6,,12,2020-04-24,YYYY-00-DD 00:00:SS,Unknown,
layoff_04224,Drift,Boston,United States,  MARKETING ,acquired ,6625,6095,59,6%,107,"February 06, 2023",YYYY-00-DD 00:00:SS,Unknown,
layoff_02598,Luxury Presence,"Santa Monica, CA",,"proptech, advertising",Unknown,909,1007,44,8,163,17-Jan-2023,17-Jan-2023,Private,
layoff_01815,Fisker,Los Angeles,USA,,Post-IPO,1875,1659,100,100,1700,18-Jun-2024,"June 19, 2024",Unknown,
layoff_01209,  nuro ,Mountain View,us,  TRANSPORTATION,Series D,1133,793,340,,2100,05-12-23,2023-05-12,Unknown,
layoff_00739,Elinvar,Berlin,Germany,Finance,Unknown,130,87,43,,30,10/21/2022,YYYY-00-DD 00:00:SS,Unknown,
layoff_04630,Cardlytics,Atlanta,United States,Marketing,Post-IPO,867,,51,5,212,"November 14, 2022",YYYY-00-DD 00:00:SS,Unknown,
layoff_02203,Noogata,Tel Aviv,Israel,  AI  ,Series A,10,0,10,100,28,05-25-25,YYYY-00-DD 00:00:SS,Unknown,
layoff_01908,Retention.com,  austin,United States, MARKETING  ,Unknown,385,2200,15,100,,08-16-24,YYYY-00-DD 00:00:SS,Unknown,
layoff_02028,LinkedIn,Sunnyvale,us,Recruiting,Acquired,20200,19998,202,1,154,21-Nov-2024,YYYY-00-DD 00:00:SS,Unknown,
layoff_01945,IBM,New York City,United States,Hardware,Post-IPO,357,797,4800,100%,12,2024-09-18,YYYY-00-DD 00:00:SS,Unknown,
layoff_05436,Automation Anywhere,SF Bay Area,USA,other ,Series B,2600,664,260,10%,840,2020-04-27,YYYY-00-DD 00:00:SS,Unknown,
layoff_01176, Airtasker ,Sydney,Australia,,Series C,225,180,45,20%,,04/27/2023,YYYY-00-DD 00:00:SS,Unknown,
layoff_03150,Hims & Hers,SF Bay Area,U.S.,Healthcare,Post-IPO,1700,491,68,,1200,05-30-25,"June 05, 2025",Unknown,
layoff_01967,Zapp,London,United Kingdom,Food,Series B,3571,1020,150,,,2024-10-08,YYYY-00-DD 00:00:SS,Unknown,
layoff_01389,Flex,Milpitas,us,Manufacturing,Unknown,1667,380,31,,344,"December 13, 2023",YYYY-00-DD 00:00:SS,Unknown,
layoff_03082,OfferUp,Seattle,United States,Retail,Unknown,85,219,371,,381,"October 15, 2025",YYYY-00-DD 00:00:SS,Unknown,
layoff_02759,Blueboard,San Francisco,n/a,Enterprise Software,Unknown,152,410,50,,85,2022-11-03,11/03/2022,Private,
layoff_01093,iFood,Sao Paulo,Brazil,Food,Subsidiary,5917,5562,355,6,2100,2023-03-01,YYYY-00-DD 00:00:SS,Unknown,
layoff_02093,TripAdvisor,Boston,U.S.,Travel,Post-IPO,624,940,75,3,3,2025-02-04,YYYY-00-DD 00:00:SS,Unknown,
layoff_04993,Freshly,New York City,U.S.A.,Food,Acquired,2447,167,8000,25,107,07/18/2022,YYYY-00-DD 00:00:SS,Unknown,
layoff_01726, sproutt  ,Hartford,U.S.,Insurance ,,30,7,23,100,38,2024-05-01,YYYY-00-DD 00:00:SS,Unknown,
layoff_05034,  PERX HEALTH,Sydney,,Healthcare,Seed,469,239,154,15,2,07-02-22,YYYY-00-DD 00:00:SS,Unknown,
layoff_01514,MVPindex,Austin,United States,Marketing,Series B,40,28,12,30,27,01/25/2024,YYYY-00-DD 00:00:SS,Unknown,
layoff_00076,eGym,Munich,Germany,Fitness,Series D,400,300,100,25,109,04/02/2020,2020-04-20,Unknown,
layoff_02188,genwise  ,New Delhi,India,other ,Seed,75,60,15,20,3,"May 05, 2025",YYYY-00-DD 00:00:SS,Unknown,
layoff_04234,finder,Sydney,Australia,Retail,  UNKNOWN  ,400,30,,,,"February 03, 2023",06-Feb-2023,Unknown,
layoff_04850,Fungible,SF Bay Area,United States of America,Crypto,Series C,1000,475,110,40,310,2022-08-29,30-Aug-2022,Unknown,
layoff_00730,Flipboard,Palo Alto,United States of America,Media,Unknown,114,90,24,,235,16-Oct-2022,YYYY-00-DD 00:00:SS,Unknown,
layoff_00161,ContaAzul,Joinville,Brazil,Education,SERIES D ,400,260,140,35,37,04/17/2020,YYYY-00-DD 00:00:SS,Unknown,
layoff_01616,Gro Intelligence,New York City,USA,food ,Series B,150,60,90,60,118,03-01-24,YYYY-00-DD 00:00:SS,Unknown,
layoff_04859,Reali,SF Bay Area,United States,  REAL ESTATE ,,140,5405,140,100,117,"August 24, 2022",08/24/2022,Unknown,
layoff_03475,C3.ai,SF Bay Area,United States of America,AI  ,,1190,600,100,15,228,2023-11-20,YYYY-00-DD 00:00:SS,Unknown,
layoff_03134,Scale AI,SF Bay Area,United States,Data,Series E,1429,809,200,14%,602,07/16/2025,YYYY-00-DD 00:00:SS,Unknown,
layoff_05535,Bitfarms,Quebec,Canada,Crypto,Post-IPO,316,450,1100,25,25,04-06-20,YYYY-00-DD 00:00:SS,Unknown,
layoff_02371,Panasonic,Kadoma ,Japan,Appliances. Electrical. and Electronics Manufacturing,Unknown,72,15,70,19,59,12/02/2025,YYYY-00-DD 00:00:SS,Unknown,
layoff_02241,JAMF,Minneapolis,U.S.,Enterprise Apple device management,Unknown,213,345,400,6%,7,07/16/2025,2025-07-16,Unknown,
layoff_04396,CoSchedule,Bismarck,U.S.,MARKETING ,Unknown,1200,360,100,13,2,13-Jan-2023,14-Jan-2023,Unknown,
layoff_01113,Kaleidoscope,Minneapolis,United States,Finance,Series A,50,,15,30%,,03/14/2023,03-17-23,Unknown,
layoff_05526,Branch Metrics,SF Bay Area,U.S.A.,Marketing,Series E,500,630,100,20,367,04/07/2020,YYYY-00-DD 00:00:SS,Unknown,
layoff_05530,Nav,Salt Lake City,U.S.A.,Finance,Series C,2632,230,30,10,99,07-Apr-2020,2020-04-19,Unknown,
layoff_02385,Amazon,Seattle,United States,E-commerce,Post-IPO,990,12220,,,8100,15-Dec-2025,19-Dec-2025,Unknown,
layoff_01132,Lucid Motors,Newark,U.S.A.,Transportation,Post-IPO,7222,5922,1300,18%,,03/28/2023,03-28-23,Unknown,
layoff_03033,  Multiverse,London,United Kingdom,Education, series d  ,366,36,55,4,414,01/05/2026,YYYY-00-DD 00:00:SS,Unknown,
layoff_04036,Spotify,Stockholm,Sweden,Media,Post-IPO,300,216,15,5%,2100,2023-03-30,YYYY-00-DD 00:00:SS,Unknown,
layoff_01526,  Noom ,New York City,United States,Fitness,Series F,700,2267,95,20,657,2024-01-30,YYYY-00-DD 00:00:SS,Unknown,
layoff_01837,Perion,Tel Aviv,Israel,Marketing,Post-IPO,700,665,35,5,76,26-Jun-2024,YYYY-00-DD 00:00:SS,Unknown,
layoff_04316,CoachHub,Berlin,Germany,HR,,17500,,30,10,332,24-Jan-2023,YYYY-00-DD 00:00:SS,Unknown,
layoff_00101,BusBud,Montreal,Canada,Transportation,Series B,72,49,23,32,21,04/06/2020,YYYY-00-DD 00:00:SS,Unknown,
layoff_02471,  Carbon Health  ,San Francisco,n/a,,Unknown,2812,97750,,16,856,01-06-23,YYYY-00-DD 00:00:SS,Private,
layoff_04497,Unity,Utrecht,Netherlands,Retail,,3000,4320,300,,26,"December 09, 2022",05-Feb-2024,Unknown,
layoff_03756,MiQ, LONDON ,United Kingdom,Marketing,Private Equity,540,1665,30,30,61,07-20-23,2023-07-21,Unknown,
layoff_04536,HealthifyMe,Bengaluru,India,Fitness,Series C,6031,,150,14,100,2022-12-03,YYYY-00-DD 00:00:SS,Unknown,
layoff_05490,Envoy,SF Bay Area,United States,HR,,193,392,58,30%,,04/14/2020,YYYY-00-DD 00:00:SS,Unknown,
layoff_04920,Nomad,Sao Paulo,Brazil,  FINANCE ,Series B,400,,8,20%,290,2022-08-04,YYYY-00-DD 00:00:SS,Unknown,
layoff_00009,compass  ,New York City,,Real Estate,Series G,2500,2125,375,15,1600,23-Mar-2020,YYYY-00-DD 00:00:SS,Unknown,
layoff_02752,HashiCorp,San Francisco,-,"cybersecurity, cloud infrastructure",Unknown,225,360,69,50%,67,"January 11, 2023",YYYY-00-DD 00:00:SS,Public,
layoff_04752,VanHack,Vancouver,Canada,HR,Seed,267,,60,30,45,2022-10-11,YYYY-00-DD 00:00:SS,Unknown,
layoff_00208,Kayak / OpenTable,Stamford,United States,Travel,Acquired,2000,1840,160,8,229,"April 29, 2020",YYYY-00-DD 00:00:SS,Unknown,
layoff_03729,Increff,Bengaluru,India,,,833,6000,400,20,17,01-Aug-2023,YYYY-00-DD 00:00:SS,Unknown,
layoff_01280,Tilia,San Francisco,United States,Finance,Unknown,88,60,28,32,32,"July 19, 2023",07/19/2023,Unknown,
layoff_05313,Vox Media  ,Washington D.C.,U.S.A.,Media,Series F,455,664,,,,07-14-20,YYYY-00-DD 00:00:SS,Unknown,
layoff_00979,Teladoc Health,New York City,United States,Healthcare,Post-IPO,5000,4700,300,6,172,"January 18, 2023",YYYY-00-DD 00:00:SS,Unknown,
layoff_00972,Inspirato,Denver,USA,  TRAVEL,Post-IPO,908,799,109,12%,179,2023-01-18,YYYY-00-DD 00:00:SS,Unknown,
layoff_02710,Elastic,San Francisco,n/a,"analytics, SaaS",Unknown,500,39,30,13,145,"November 30, 2022",30-Nov-2022,Public,
layoff_03575,Dash,New York City,United States,Finance,Unknown,52,1567,50,100,86,10-06-23,10/08/2023,Unknown,
layoff_02990,Firebolt,tel aviv,Israel,Data,Series C,300,940,150,7%,264,2026-02-15,YYYY-00-DD 00:00:SS,Unknown,
layoff_04459, AMDOCS,St. Louis,United States of America,Support,Post-IPO,23333,99,700,3,190,"January 02, 2023",07-07-23,Unknown,
layoff_05451,  EXTRAHOP,Seattle,United States,Security,Series C,1786,335,13,10%,61,2020-04-22,YYYY-00-DD 00:00:SS,Unknown,
layoff_02145,Arrival,London,United Kingdom,Transportation,Post-IPO,3000,909,30,100,629,03/10/2025,YYYY-00-DD 00:00:SS,Unknown,
layoff_04548,Synlogic,BOSTON ,United States of America,Healthcare,Post-IPO,30,360,50,,321,12-01-22,YYYY-00-DD 00:00:SS,Unknown,
layoff_00241,Mixpanel,  SAN FRANCISCO,United States,Data, Series B ,342,277,65,19,77,05-12-20,YYYY-00-DD 00:00:SS,Unknown,
layoff_04011, LAZERPAY ,,Nigeria,Crypto,,971,624,80,100,536,2023-04-13,"April 14, 2023",Unknown,
layoff_04948,  MISSFRESH  ,Beijing,China,Food,,299,29,367,18%,1700,29-Jul-2022,YYYY-00-DD 00:00:SS,Unknown,
layoff_00415,VTEX,Sao Paulo,Brazil,Retail,Post-IPO,1538,1338,200,,365,26-May-2022,YYYY-00-DD 00:00:SS,Unknown,
layoff_04909,Vroom,New York City,us,Transportation,Post-IPO,800,22729,337,13,1300,08/08/2022,YYYY-00-DD 00:00:SS,Unknown,
layoff_03555, BANDCAMP  ,SF Bay Area,United States,Other,Acquired,116,405,58,50,484,"October 16, 2023",10/17/2023,Unknown,
layoff_00176,  BRINGG,Tel Aviv,Israel,Logistics,Series D,100,90,10,10,84,04-21-20,04-23-20,Unknown,
layoff_05281,HubHaus,SF Bay Area  ,us,Real Estate,Series A,146,261,71,100%,13.4,2020-09-11,YYYY-00-DD 00:00:SS,Unknown,
layoff_02205,nCino,Wilmington,United States,Finance,Post-IPO,11638,,20,7,1100,05/27/2025,YYYY-00-DD 00:00:SS,Unknown,
layoff_03865,JupiterOne,Raleigh,United States of America,Security,Series C,200,,8,100%,,06-13-23,YYYY-00-DD 00:00:SS,Unknown,
layoff_03493,Cake Group, Singapore ,Singapore,Crypto, unknown ,167,903,50,30,43,11-14-23,11-15-23,Unknown,
layoff_04757,Collage.com,Detroit,,Retail,,600,900,126,100,122,10/09/2022,YYYY-00-DD 00:00:SS,Unknown,
layoff_01808,Running Tide,Portland,U.S.A.,Environmental Services,acquired,93,,140,100,83,2024-06-16,YYYY-00-DD 00:00:SS,Unknown,
layoff_00015,Triplebyte , San Francisco  ,United States,,Series B,88,73,15,17,48,03-23-20,YYYY-00-DD 00:00:SS,Unknown,
layoff_02441,JumpCloud,"Louisville, CO",n/a,"Cloud services, cybersecurity",Unknown,833,368,,12,643,01/18/2023,YYYY-00-DD 00:00:SS,Private,
layoff_03772,Tempo Automation,SF Bay Area,U.S.A.,Other,Post-IPO,1700,77,62,100,154,13-Jul-2023,YYYY-00-DD 00:00:SS,Unknown,
layoff_04362,Betterfly,Santiago,Chile,Healthcare,Series C,3850,,105,,204,01-18-23,YYYY-00-DD 00:00:SS,Unknown,
layoff_04257,Bustle Digital Group,New York City,USA,Media,Series E,1857,5463,200,8%,80,02/01/2023,03-Feb-2023,Unknown,
layoff_02768, NOTHING,London,United Kingdom,Hardware,Series C  ,833,307,100,,454,2026-07-26,07/29/2026,Unknown,
layoff_05070,Netflix,SF BAY AREA  ,U.S.,Media,Post-IPO,10000,0,300,3,121900,2022-06-23,YYYY-00-DD 00:00:SS,Unknown,
layoff_02518, CLEAR CAPITAL," truckee, ca  ",n/a,,Unknown,1400,535,378,,13,10-14-22,YYYY-00-DD 00:00:SS,Private,
layoff_04792,  Candidate Labs  ,SF Bay Area,United States,  HR,Seed,450,34,29,,5,21-Sep-2022,YYYY-00-DD 00:00:SS,Unknown,
layoff_05014,Spring,SF Bay Area,United States,Retail, unknown ,33,911,60,17,,07/12/2022,YYYY-00-DD 00:00:SS,Unknown,
layoff_00086,ThirdLove,San Francisco,United States,  retail ,Series B,217,152,65,30%,68,04/02/2020,YYYY-00-DD 00:00:SS,Unknown,
layoff_00908,LeafLink,New York City,United States,other  ,Series C,258,178,80,31,379,15-Dec-2022,YYYY-00-DD 00:00:SS,Unknown,
layoff_00929,SoundHound,Santa Clara,United States,Other,,400,200,200,50,326,05-Jan-2023,YYYY-00-DD 00:00:SS,Unknown,
layoff_01482,SonderMind,Denver,United States,Healthcare,  Series C,288,239,49,17%,,01-16-24,YYYY-00-DD 00:00:SS,Unknown,
layoff_03952,Momentis Surgical,Tel Aviv,Israel,Healthcare,SERIES D  ,117,0,70,60%,899,"May 08, 2023",13-May-2023,Unknown,
layoff_02698,Compass,New York  ,-,PropTech,Unknown,333,227,100,10,6,2023-01-05,"January 05, 2023",Public,
layoff_02749,Netflix,Los Gatos,Unknown,Media/entertainment,Unknown,525,,480,15,95,"September 14, 2022",09-14-22,Public,
layoff_02650,Capsule,New York,Unknown,Health Care,Unknown,1452,18,558,18%,,07-21-22,YYYY-00-DD 00:00:SS,Private,
layoff_02735,Sema4,"Stamford, CT",Unknown,"AI, health care",Unknown,1923,50,750,39%,50,14-Nov-2022,2022-11-14,Public,
layoff_03193,Getaround,SF Bay Area,United States,Transportation,Series D,730,20077,29,40,403,2025-02-12,YYYY-00-DD 00:00:SS,Unknown,
layoff_00613,  Stedi,Boulder,U.S.,Product,Series B,77,54,23,30,75,2022-08-02,"August 04, 2022",Unknown,
layoff_03204,Salesforce,SF Bay Area,United States,Sales,Post-IPO,100000,0,1000,,65,2025-02-03,YYYY-00-DD 00:00:SS,Unknown,
layoff_02947,Meta,SF Bay Area,United States,Consumer, Post-IPO  ,70000,1093,700,,,"March 25, 2026",YYYY-00-DD 00:00:SS,Unknown,
layoff_02560,Kite,San Francisco,Unknown,"ai, coding",Unknown,6250,1035,104,100%,188,16-Nov-2022,YYYY-00-DD 00:00:SS,,
layoff_04815,Capiter,  Cairo,Egypt,Finance, SERIES A,600,120,50,14%,33,"September 09, 2022",YYYY-00-DD 00:00:SS,,
layoff_00362,Gopuff,,United States,Food,Series H,15000,14550,450,3,3400,29-Mar-2022,YYYY-00-DD 00:00:SS,Unknown,
layoff_04960,tapas media  ,SF Bay Area,United States,Media,Acquired,500,9200,24,8%,,2022-07-28,YYYY-00-DD 00:00:SS,Unknown,
layoff_00375,Robinhood,MENLO PARK  ,United States,,,3778,3438,340,9,5600,"April 26, 2022",YYYY-00-DD 00:00:SS,Unknown,
layoff_05585,WhyHotel,,United States,Travel,Series B,18750,6080,300,50,33,01-Apr-2020,04-04-20,,
layoff_04556,  Motional ,Boston,United States,Transportation,Unknown  ,1000,600,209,25%,8,11/30/2022,YYYY-00-DD 00:00:SS,Unknown,
layoff_05181,Mainstreet,SF BAY AREA  ,United States,Finance,Series A,150,387,45,,64,2022-05-04,"May 05, 2022",,
layoff_04442,SOUNDHOUND  ,SF Bay Area,United States of America,Other,Post-IPO,400,120,200,50,326,05-Jan-2023,YYYY-00-DD 00:00:SS,Unknown,
layoff_03098,Salesforce,Dublin,us,Sales,Post-IPO,75,3600,30,5,65,2025-09-03,09-08-25,Unknown,
layoff_03282,Tally,SF Bay Area,us,Finance,Series C,494,,150,100%,172,"August 12, 2024",YYYY-00-DD 00:00:SS,Unknown,
layoff_03046,Cellebrite,Tel Aviv,Israel,Other,Post-IPO,2000,2700,20,1,410,"December 03, 2025",08-Dec-2025,Unknown,
layoff_03388,Small Robot Company,Salisbury,United Kingdom,Food,Unknown,13500,246,90,100,10,"February 02, 2024",YYYY-00-DD 00:00:SS,Unknown,
layoff_03009,Moon Active,Tel Aviv,Israel,Consumer,Unknown,2200,0,110,5,425,2026-01-27,YYYY-00-DD 00:00:SS,Unknown,
layoff_02044,EasyKnock,New York City,United States,Real Estate,Series D,0,0,0,,440,"December 09, 2024",YYYY-00-DD 00:00:SS,Unknown,
layoff_04701,Brightline,SF Bay Area,United States,Healthcare,,1400,132,,20,212,01-Nov-2022,YYYY-00-DD 00:00:SS,Unknown,
layoff_00681,Simple Feast,Copenhagen ,Denmark,food  ,  UNKNOWN,150,0,150,100,173,09/07/2022,13-Sep-2022,Unknown,
layoff_01181,Megaport,Brisbane,Australia,Infrastructure,,313,263,50,16,,2023-04-27,"April 29, 2023",Unknown,
layoff_01544,Cake Bikes,Stockholm,Sweden,  transportation ,Unknown,26429,,17,100,74,02-02-24,YYYY-00-DD 00:00:SS,Unknown,
layoff_03389,Okta,SF Bay Area,United States,Security,Post-IPO,5714,506,400,7,1200,01-Feb-2024,YYYY-00-DD 00:00:SS,Unknown,
layoff_04963,McMakler,Berlin,Germany,Real Estate,  UNKNOWN  ,133,6091,90,7,,07-26-22,"July 26, 2022",Unknown,
layoff_05194,Loft,Sao Paulo,Brazil,Real Estate,,1714,261,159,75,788,"April 19, 2022",YYYY-00-DD 00:00:SS,Unknown,
layoff_02117,Riskified,New York City,United States,Retail,,217,546,100,,229,02-19-25,02-21-25,Unknown,
layoff_03598,Lululemon Studio,New York City,United States,Fitness,Acquired,367,546,,35,75,28-Sep-2023,YYYY-00-DD 00:00:SS,Unknown,
layoff_01469,Inmobi,BENGALURU ,India,Marketing,,2500,2375,125,5,320,01-11-24,YYYY-00-DD 00:00:SS,Unknown,
layoff_02106,MessageBird,Amsterdam,Netherlands,Other,,364,244,120,33,1100,2025-02-10,YYYY-00-DD 00:00:SS,Unknown,
layoff_02702,Kaltura,New York,Unknown,"Developer APIs, enterprise software",Unknown,682,0,75,,240,01-04-23,04-Jan-2023,Public,
layoff_00343,BitTitan,  Seattle  ,U.S.,Data,Acquired,259,189,70,27%,46,11-18-21,YYYY-00-DD 00:00:SS,Unknown,
layoff_02019,Lyra Health,Burlingame,United States,  healthcare,Series F,3850,3773,77,2,10,2024-11-12,YYYY-00-DD 00:00:SS,Unknown,
layoff_01262, Torii  ,Ra'anana,Israel,Other,Series B,93,65,28,,65,06-29-23,YYYY-00-DD 00:00:SS,Unknown,
layoff_03786,Expedia,Seattle,United States,  Travel  ,,400,320,1500,20,3300,2023-07-12,07-17-23,Unknown,
layoff_03852,Fuzzy,SF Bay Area,United States,Healthcare,Series C,556,20,,100,80,2023-06-18,YYYY-00-DD 00:00:SS,Unknown,
layoff_01112,Fetch,Madison,U.S.A.,Retail,Series E,1000,900,100,10,,2023-03-14,"March 14, 2023",Unknown,
layoff_02754,doma,San Francsico,unknown,"Insurtech, machine learning",Unknown,314,,825,25,12900,2022-12-06,2022-12-06,Public,
layoff_01047,Beam Benefits,Columbus,United States,healthcare  ,Series E,388,357,31,8,168,02-08-23,YYYY-00-DD 00:00:SS,Unknown,
layoff_00199,Submittable,Missoula,United States of America,Other,Series B,150,120,30,,17,04-25-20,YYYY-00-DD 00:00:SS,Unknown,
layoff_03793,Shift,  SF Bay Area  ,United States,Transportation,Post-IPO,462,268,130,34,504,11-Jul-2023,07/13/2023,,
layoff_05017,Forward,SF Bay Area,United States,Healthcare,Series D,213,240,67,,,2022-07-11,2022-07-12,Unknown,
layoff_00928, SOCURE ,Reno,United States,Finance,Series E,547,443,104,,646,2023-01-05,YYYY-00-DD 00:00:SS,Private,
layoff_01463,Audible,New York City,United States,Media,Acquired,2000,1900,100,,14,2024-01-11,YYYY-00-DD 00:00:SS,Unknown,
layoff_04562,Codexis,SF Bay Area,United States,Healthcare,Post-IPO,3000,2166,340,18%,162,11/29/2022,11/30/2022,Unknown,
layoff_04080,Bonusly,Boulder,U.S.A.,HR,Series B,600,,14,,31,16-Mar-2023,YYYY-00-DD 00:00:SS,Unknown,
layoff_03703,  23ANDME,SF Bay Area,United States,Healthcare,Post-IPO,645,1632,71,11%,1100,08/08/2023,08/08/2023,Unknown,
layoff_03170,Smashing,SF Bay Area,United States,Consumer,Seed,7,33,7,100,3,2025-04-16,YYYY-00-DD 00:00:SS,Unknown,
layoff_02941,Covrzy,Bengaluru,India,Finance,Seed,150,266,14,,42,"March 31, 2026",YYYY-00-DD 00:00:SS,Unknown,
layoff_02888,Bill.com,SF Bay Area,United States,finance ,Post-IPO,2363,2387,709,,280,"May 07, 2026",YYYY-00-DD 00:00:SS,Unknown,
layoff_04806,Quicko,Sao Paulo,Brazil,Transportation,acquired  ,6667,462,60,70,28,09-12-22,YYYY-00-DD 00:00:SS,Unknown,
layoff_04664,Repertoire Immune Medicines,  boston ,United States,Healthcare,,130,54,65,50%,257,"November 08, 2022",YYYY-00-DD 00:00:SS,Unknown,
layoff_05442,GoCardless,London,,Finance,Series E,400,649,50,,122,04-24-20,04/28/2020,Unknown,
layoff_05370,Intapp,SF Bay Area,United States,Legal,Private Equity,900,61,45,5,,2020-05-18,YYYY-00-DD 00:00:SS,Unknown,
layoff_05583,Levelset,New Orleans,United States,Construction,Series C,8000,513,13,43%,46,2020-04-01,YYYY-00-DD 00:00:SS,Unknown,
layoff_04353,Prisma,SF Bay Area,us,Data,Series B,81,345,76,28,56,01/19/2023,YYYY-00-DD 00:00:SS,Unknown,
layoff_05002,  opensea , new york city  ,United States,Crypto,Series C,650,216,60,20,427,14-Jul-2022,YYYY-00-DD 00:00:SS,Unknown,
layoff_05043,Gavelytics,Los Angeles,United States,Legal,Seed,182,,90,100,5,06/30/2022,YYYY-00-DD 00:00:SS,Unknown,
layoff_00021,Overtime,New York City,United States,Media,Series B,130,100,30,23,35,03/25/2020,2020-04-02,Unknown,
layoff_00156,Shop101,Mumbai,India,Retail,Series C,500,,200,40%,19,2020-04-15,YYYY-00-DD 00:00:SS,Unknown,
layoff_04549,Yapily,London,United Kingdom,Finance  ,Series A,1236,7125,48,50,69,12-01-22,12-03-22,Unknown,
layoff_02760,Chime,SF Bay Area,USA,Finance,Series G,1500,240,150,10,2300,"July 31, 2026",YYYY-00-DD 00:00:SS,Unknown,
layoff_00281,Rivian,Detroit,United States,Transportation,Post-IPO,2000,1960,40,2%,10700,06/02/2020,YYYY-00-DD 00:00:SS,Unknown,
layoff_02524,SuperRare,"Newark, DE",Unknown,"Blockchain, cryptocurrency",Unknown,1667,70,100,30,169,01-06-23,YYYY-00-DD 00:00:SS,Private,
layoff_05089,Tray.io,SF Bay Area,United States,  data ,Series C,1429,940,99,10,109,06/21/2022,YYYY-00-DD 00:00:SS,Unknown,
layoff_04368,Redbubble,Melbourne,Australia,Retail,Post-IPO,688,733,37,14,55,"January 18, 2023",18-Jan-2023,Unknown,
layoff_05151,Truck It In,Karachi,Pakistan,Logistics,Seed,3200,690,10,30,,06/01/2022,YYYY-00-DD 00:00:SS,Unknown,
layoff_04281, olist  , Curitiba,Brazil,Retail,Series E,22000,200,80,100,322,30-Jan-2023,YYYY-00-DD 00:00:SS,Unknown,
layoff_00526,Finleap Connect,,Germany,Finance,Series A,140,126,14,10,22,06/30/2022,01-Jul-2022,Unknown,
layoff_01586,Sonder,San Francisco,U.S.A.,Travel,,623,517,106,17,839,15-Feb-2024,"February 15, 2024",Unknown,
layoff_02912,Acko,Mumbai,India,Finance,,1200,111,,5,143,2026-04-20,"April 20, 2026",Unknown,
layoff_01148,ZestMoney,Bengaluru,India,Finance,Series C,500,400,100,20%,120,04/07/2023,YYYY-00-DD 00:00:SS,Unknown,
layoff_00216,Trax,Tel Aviv,Israel,Retail,Series D,1200,,120,10,386,05/03/2020,YYYY-00-DD 00:00:SS,Unknown,
layoff_00666,  apartment list,San Francisco,United States,Real Estate,Series D,290,,,10,169,"August 31, 2022",31-Aug-2022,Private,
layoff_00782,Dock,Sao Paulo,Brazil,,PRIVATE EQUITY ,1583,1393,190,12%,280,11/07/2022,YYYY-00-DD 00:00:SS,Unknown,
layoff_05339,Stockwell AI,SF Bay Area,United States,Retail,,40,728,44,100,10,"June 15, 2020","June 16, 2020",Unknown,
layoff_03177,Automattic,SF Bay Area,U.S.A.,Other,Series E,1756,263,281,16,986,2025-04-02,YYYY-00-DD 00:00:SS,Unknown,
layoff_02024,Kuku FM,  MUMBAI,India,Media,Series C,297,1911,80,10,71,2024-11-14,2024-11-15,Unknown,
layoff_05064,Cue,San Diego,U.S.A.,Healthcare,Post-IPO,833,200,170,23,999,2022-06-27,06/27/2022,Unknown,
layoff_01272,DeepVerge,Dublin,Ireland,Healthcare,Post-IPO,50,0,50,100,20,07/12/2023,13-Jul-2023,Unknown,
layoff_05292,StreamSets,SF BAY AREA  ,United States,Data,Series C,148,137,40,7,76.2,08/20/2020,YYYY-00-DD 00:00:SS,Unknown,
layoff_04541,Homebound,SF Bay Area,United States,  REAL ESTATE,  unknown  ,300,85,23,,128,12-02-22,YYYY-00-DD 00:00:SS,Unknown,
layoff_03431,eBay,Tel Aviv,Israel,Retail,Post-IPO,1267,690,20,10%,1200,2023-12-17,12-18-23,Unknown,
layoff_05433,PayJoy,SF Bay Area,USA,Finance,Series B,108,207,27,25,71,28-Apr-2020,2020-05-27,Unknown,
layoff_01877,Bungie,  SEATTLE ,United States,Consumer,Acquired,1294,1074,220,17%,100,2024-07-31,"August 01, 2024",Unknown,
layoff_01398,Flyhomes,,USA,Real Estate,Series C,200,291,,50,,2023-12-14,YYYY-00-DD 00:00:SS,Unknown,
layoff_02448,Sourcepoint,  new york ,Unknown,"  privacy tech, marketing tech",Unknown,54,324,7,13,10,2022-06-02,06-02-22,Private,
layoff_04841,Apartment List,SF Bay Area,United States,  real estate  ,,290,4018,29,10%,169,08-31-22,09/01/2022,Unknown,
layoff_02672,Outbrain,New York,N/A,Digital Marketing,Unknown,1267,219,38,3,999,2022-07-26,2022-07-26,Public,
layoff_02167,Google,  mountain view ,U.S.,Consumer,Post-IPO,1000,1200,100,100,26,21-Apr-2025,04/21/2025,Unknown,
layoff_00325,Alto Pharmacy,San Francisco,United States,Healthcare,  Series D,783,,47,6,356,29-Sep-2020,29-Sep-2020,,
layoff_03521,Informatica, sf bay area  ,United States,Data,Post-IPO,5450,475,,10,529,2023-11-01,11/02/2023,Unknown,
layoff_01352,Deepgram,San Francisco,us,AI,,100,80,20,,86,11-Oct-2023,YYYY-00-DD 00:00:SS,Unknown,
layoff_04947,  CoinFLEX ,Victoria,Seychelles, CRYPTO  ,Unknown,2667,126,91,6%,11,07-29-22,2022-07-29,Unknown,
layoff_03461,Mojo,New York City,United States,Consumer,Unknown,1500,560,,,100,11-30-23,"December 03, 2023",Unknown,
layoff_05145,Rain, MANAMA ,Bahrain,Finance,Series B,346,60,,4,202,06/02/2022,06-04-22,Unknown,
layoff_05479,Zume, SF Bay Area ,United States,FOOD ,Unknown,299,150,200,67,,04-15-20,2020-04-15,Unknown,
layoff_02903,Shopify,Ottawa,Canada,Retail,Post-IPO,2000,733,30,3,122,05-04-26,YYYY-00-DD 00:00:SS,,
layoff_01234,Highspot  ,Seattle,United States,Sales,Series F,933,793,140,15,644,06/08/2023,YYYY-00-DD 00:00:SS,Unknown,
layoff_05079,IronNet,Washington D.C.,us,Security,,257,5314,90,35%,410,06-22-22,YYYY-00-DD 00:00:SS,Unknown,
layoff_03785,  DUCK CREEK TECHNOLOGIES ,Boston,United States,FINANCE,Acquired,800,805,500,9,,07-12-23,YYYY-00-DD 00:00:SS,Unknown,
layoff_03131,Amazon,Seattle,United States,Retail,Post-IPO,1197,0,116,13,8100,07-17-25,"July 18, 2025",Unknown,
layoff_01154,Permutive,London,United Kingdom,Marketing,,200,120,80,40%,105,04-11-23,YYYY-00-DD 00:00:SS,Unknown,
layoff_00466,Sami,Sao Paulo,Brazil,Healthcare,Unknown,500,,75,,36,06-14-22,YYYY-00-DD 00:00:SS,Unknown,
layoff_04601,Symend,calgary,Canada,Other,Series C,700,950,43,13,148,11/17/2022,YYYY-00-DD 00:00:SS,,
layoff_02949,Zendesk,SF Bay Area,U.S.A.,Support,Acquired,375,,100,8,85,03/24/2026,YYYY-00-DD 00:00:SS,Unknown,
layoff_00056,KeepTruckin,San Francisco,USA,Logistics,Series D,1939,1590,349,18,227,31-Mar-2020,YYYY-00-DD 00:00:SS,Unknown,
layoff_04198,Syft Technologies,Auckland,New Zealand,Manufacturing,Private Equity,150,380,30,20,50,02/10/2023,YYYY-00-DD 00:00:SS,Unknown,
layoff_05256,  WHITEHAT JR ,Mumbai,India,EDUCATION,Acquired,1500,1920,1800,,11,2021-01-06,YYYY-00-DD 00:00:SS,Unknown,
layoff_01264, HIGHSNOBIETY  ,Berlin,Germany,Media,Acquired,240,,24,10,8,2023-07-03,YYYY-00-DD 00:00:SS,Unknown,
layoff_01921,IBM,Beijing,China,Hardware,Post-IPO,3333,24000,1000,,106,08-26-24,YYYY-00-DD 00:00:SS,,
layoff_02240,Syqe Medical,Tel Aviv,Israel,Biotechnology Research,Unknown,156,,50,32,2,07-16-25,YYYY-00-DD 00:00:SS,,
layoff_03832,EYOWO,Lagos,Nigeria,Finance,Unknown,75,,310,100%,,27-Jun-2023,06/26/2023,Unknown,
layoff_03700,StyleSeat,SF Bay Area,,Consumer,,7400,1074,1800,17,,08/09/2023,YYYY-00-DD 00:00:SS,Unknown,
layoff_04207, GITHUB ,SF Bay Area,United States of America,Product,Acquired,75,,34,,,02/09/2023,YYYY-00-DD 00:00:SS,Unknown,
layoff_02422,Chargebee,San Francisco,unknown,"Fintech, SaaS",Unknown,1420,450,142,10,,11-02-22,YYYY-00-DD 00:00:SS,Private,
layoff_04492, Caribou,Washington D.C.,United States,,Series C,100,1567,30,25,189,2022-12-12,YYYY-00-DD 00:00:SS,Unknown,
layoff_01636,Stash,New York City,,Finance,Unknown,320,240,80,25,480,2024-03-13,YYYY-00-DD 00:00:SS,Unknown,
layoff_03862,Mamaearth,Gurugram,India,  RETAIL,Unknown,333483,60,80,28,111,14-Jun-2023,06-14-23,Unknown,
layoff_00059,uShip,Austin,United States,Logistics,Series D,176,111,65,,69,2020-03-31,YYYY-00-DD 00:00:SS,Unknown,
layoff_03186,  LiveRamp  ,SF Bay Area,United States,marketing ,Post-IPO,1300,308,65,5,16,"March 05, 2025",YYYY-00-DD 00:00:SS,Unknown,
layoff_04287,Me Poupe,Sao Paulo,Brazil,Finance,Unknown,120,1860,60,50,1,28-Jan-2023,"January 29, 2023",Unknown,
layoff_00357,Adaptive Biotechnology,Seattle,United States,Healthcare,Post-IPO,833,733,100,12,,03-08-22,"March 08, 2022",Unknown,
layoff_00695,TrueLayer,London,United Kingdom,Finance  ,Series E,400,360,40,10,271,09/16/2022,YYYY-00-DD 00:00:SS,Unknown,
layoff_00691,Acast,Stockholm,Sweden,  MEDIA  ,Post-IPO,467,397,70,15,126,15-Sep-2022,09/15/2022,Unknown,
layoff_03541,ROBLOX CHINA  ,Shenzen,China,Consumer,Subsidiary,8333,369,15,33,294,2023-10-23,YYYY-00-DD 00:00:SS,Unknown,
layoff_04366,Lucid Diagnostics,New York City,United States,healthcare  ,Post-IPO,0,733,18,20,16,2023-01-18,YYYY-00-DD 00:00:SS,Unknown,
layoff_02550,Butler Hospitality,New York,Unknown,Hospitality,Unknown,1000,5354,1000,100%,834,08-Jul-2022,YYYY-00-DD 00:00:SS,Private,
layoff_03249, Kyte, sf bay area,United States,,Unknown,1000,198,,,548,2024-10-25,26-Oct-2024,Unknown,
layoff_00701,NYDIG ,New York City,United States,Crypto,Private Equity,333,,110,,,2022-09-22,10-14-22,Unknown,
layoff_03478,Amazon,Seattle,United States of America,Retail,Post-IPO,500,1050,800,15,108,"November 17, 2023",YYYY-00-DD 00:00:SS,Unknown,
layoff_05575,Earnin,SF Bay Area,U.S.,Finance,Series C,250,9499,,,190,04/01/2020,2020-04-03,Unknown,
layoff_05190,Sigfox, Toulouse ,France,Other,Acquired,2635,131,64,9,277,04-25-22,YYYY-00-DD 00:00:SS,Unknown,
layoff_02561, wavely  ,"Palo Alto, CA",n/a,,Unknown,1294,1820,170,,423,10-Nov-2022,YYYY-00-DD 00:00:SS,Private,
layoff_03248,Coursera,SF Bay Area,United States,Education,Post-IPO,1500,16167,150,,458,2024-10-25,2024-10-31,Unknown,
layoff_02756,Oracle,Austin,Unknown,"SaaS, enterprise software",Unknown,1000,380,100,25,214,2022-08-01,YYYY-00-DD 00:00:SS,Public,
layoff_05651,Vacasa,Portland,United States,Travel,Series C,25,,80,8,526,"March 20, 2020",YYYY-00-DD 00:00:SS,Unknown,
layoff_00914,Chope,SINGAPORE  ,Singapore,Food,Series E,271,206,65,24,50,12/20/2022,12-28-22,Unknown,
layoff_02985,Codecademy,New York City,United States,  Education ,,100,2619,,10,87,19-Feb-2026,YYYY-00-DD 00:00:SS,Unknown,
layoff_04569,BlockFi,New York City,us,Crypto,Series E,168,,33,,1000,11-28-22,11/30/2022,Unknown,
layoff_04676,Stripe,SF Bay Area,United States,,Series H,7143,400,1000,14,2300,2022-11-03,YYYY-00-DD 00:00:SS,Unknown,
layoff_02513,Capitolis,  New York ,Unknown,Fintech, unknown,148,,37,25,58,2022-11-17,17-Nov-2022,Private,
layoff_01213,  Pie Insurance  ,Washington DC,United States,Finance,Series D,450,387,63,14,621,"May 18, 2023",YYYY-00-DD 00:00:SS,Unknown,
layoff_05094,Zumper,SF Bay Area,United States,,Series D,300,,45,15,178,2022-06-16,16-Jun-2022,Unknown,
layoff_00581,Lunchbox,New York City,United States,food,,182,122,60,33,72,07/21/2022,07/22/2022,Unknown,
layoff_01143,Boost,New York City,United States,Finance,Series B,75,60,15,20,37,04-04-23,YYYY-00-DD 00:00:SS,Unknown,
layoff_04836,Shopify,Ottawa,Canada,Retail,Post-IPO,152,91,70,18,122,09/01/2022,YYYY-00-DD 00:00:SS,Unknown,
layoff_05121,Lummo,Jakarta,Indonesia,Marketing,,1091,570,150,14,149,06-07-22,YYYY-00-DD 00:00:SS,Unknown,
layoff_02597,Esme Learning,"Newton, Massachusetts",N/A,EdTech,Unknown,500,341,40,15,175,06/02/2022,YYYY-00-DD 00:00:SS,Private,
layoff_01658,Brave Care,Portland,United States,Healthcare, Series B ,256,285,,100,43,2024-04-02,YYYY-00-DD 00:00:SS,Unknown,
layoff_03742,Degreed,SF Bay Area,USA,Education,Unknown,580,0,22,5,463,27-Jul-2023,YYYY-00-DD 00:00:SS,Unknown,
layoff_03145,TomTom,Amsterdam,Netherlands,Other,Post-IPO,3000,569,300,10,430,30-Jun-2025,YYYY-00-DD 00:00:SS,Unknown,
layoff_01781,Microsoft,Seattle,United States,Software Development,  Post-IPO,20,1229,1000,14,1,06-03-24,06/03/2024,Unknown,
layoff_03830,Tibber,Førde,Norway,,Series C,555,2441,50,5%,181,06-27-23,YYYY-00-DD 00:00:SS,Unknown,
layoff_02951,OpenText,Waterloo,Canada,Data,Post-IPO,7000,56,77,2%,1100,24-Mar-2026,YYYY-00-DD 00:00:SS,Unknown,
layoff_04998,UNSTOPPABLE DOMAINS ,  SF Bay Area ,United States of America,Crypto,Series B,168,126,,,7,14-Jul-2022,YYYY-00-DD 00:00:SS,Unknown,
layoff_03561,  QUALCOMM,San Diego,United States,Hardware,Post-IPO,62900,17000,1258,2,850,12-Oct-2023,"October 13, 2023",Unknown,
layoff_02482,Qumolo,Seattle,Unknown,Data storage,,421,0,80,19,,29-Jun-2022,YYYY-00-DD 00:00:SS,Private,
layoff_02311,Paycom,OKLAHOMA CITY  ,United States,HR and payroll software,Post-IPO,1077,209,500,21,35,10-01-25,YYYY-00-DD 00:00:SS,Unknown,
layoff_03672,Tempo Automation,SF Bay Area,United States,Other,Post-IPO,200,315,23,20,154,2023-08-22,08-23-23,Unknown,
layoff_03863,Synapse,  SF BAY AREA ,United States,Finance,Series B,500,212,,18,50,06-14-23,2023-06-15,Unknown,
layoff_01394,Bolt,San Francisco,USA,Finance,Series E,450,320,130,29,1300,12/14/2023,YYYY-00-DD 00:00:SS,Unknown,
layoff_00738,Zeus Living,San Francisco,U.S.,Real Estate,Series C,139,75,64,46,151,2022-10-20,YYYY-00-DD 00:00:SS,Private,
layoff_01084,OneFootball,Berlin,Germany,Marketing,,469,319,150,32,,2023-02-23,YYYY-00-DD 00:00:SS,Unknown,
layoff_04267,Upstart,SF Bay Area,United States,Finance,,1825,1600,365,20%,144,31-Jan-2023,YYYY-00-DD 00:00:SS,Unknown,
layoff_02712,Life360,San Francisco,,mobile apps,UNKNOWN ,175,351,100,14,,01-12-23,YYYY-00-DD 00:00:SS,Public,
layoff_04970,Boosted Commerce,Los Angeles,United States, RETAIL,SERIES B,3333,690,400,5,137,22-Jul-2022,YYYY-00-DD 00:00:SS,Unknown,
layoff_01165,TRM Labs,San Francisco,United States,Crypto,Series B,178,162,16,9,149,18-Apr-2023,YYYY-00-DD 00:00:SS,Unknown,
layoff_02259,Microsoft,Seattle,United States of America,,Unknown,150,3751,40,4,45,2025-08-04,08-04-25,Unknown,
layoff_03293,Webflow,sf bay area ,United States,Marketing,Series C,200,240,30,8,335,07/25/2024,07/25/2024,Unknown,
layoff_03757, Phunware ,Austin,United States of America, Other ,Post-IPO,60,77,29,22,,2023-07-20,YYYY-00-DD 00:00:SS,Unknown,
layoff_04821,BigBear.ai,Baltimore,United States,  Data,Post-IPO,2763,475,450,7,200,09/08/2022,09-Sep-2022,Unknown,
layoff_03823,  Ludia  ,Montreal,,Consumer, Acquired,1129,583,55,15,1,"June 28, 2023",YYYY-00-DD 00:00:SS,Unknown,
layoff_02384,PowerSchool,Folsom,United States,E-Learning,Unknown,77,,5,5,530,"December 12, 2025",YYYY-00-DD 00:00:SS,Unknown,
layoff_03776,Peloton,New York City,United States,Fitness,Post-IPO,6031,453,11,13,1900,"July 13, 2023",YYYY-00-DD 00:00:SS,Unknown,
layoff_05258,Actifio,Boston,United States,Data,Acquired,1200,95,54,10,352,12-16-20,2020-12-17,Unknown,
layoff_03539,Shipt,Birmingham,United States of America,Retail,Acquired,168,495,19,3,65,2023-10-24,YYYY-00-DD 00:00:SS,Unknown,
layoff_04509,Blue Apron,New York City,United States,Food,Post-IPO,833,3480,250,10,352,12/08/2022,2022-12-08,Unknown,
layoff_01599,Rivian,Detroit,United States,Transportation,Post-IPO,2612,1725,150,10,11,21-Feb-2024,22-Feb-2024,Unknown,
layoff_03294,Humble Games,  sf bay area  ,United States,Media,Acquired,36,9400,36,100,4,"July 23, 2024",YYYY-00-DD 00:00:SS,Unknown,
layoff_03272,Lyft,SF Bay Area,us, transportation  ,Post-IPO,3000,80,30,1,4900,09/04/2024,09-04-24,Unknown,
layoff_02939,Sonos,,United States of America,Consumer,Post-IPO,1214,1140,194,75%,455.2,"April 01, 2026",YYYY-00-DD 00:00:SS,Unknown,
layoff_02840,Verily,SF Bay Area,United States,Healthcare,subsidiary ,130,1600,58,3%,,"June 09, 2026",YYYY-00-DD 00:00:SS,Unknown,
layoff_04782,DocuSign, sf bay area,U.S.A.,Sales,Post-IPO,7456,69300,671,9,536,09-28-22,YYYY-00-DD 00:00:SS,,
layoff_01194,Earnix,Tel Aviv,Israel,Finance,Unknown ,300,270,30,10,100,2023-05-04,YYYY-00-DD 00:00:SS,Unknown,
layoff_03017,Ericsson, STOCKHOLM  ,Sweden,Other,Post-IPO,900,1475,1600,,663,01-15-26,01/16/2026,Unknown,
layoff_01520,DispatchHealth,Denver,United States,Healthcare,Series E,45,69,88,33,733,29-Jan-2024,30-Jan-2024,Unknown,
layoff_04122,Waymo,SF Bay Area,us,Transportation,Subsidiary,2612,111,209,8,5500,03/01/2023,YYYY-00-DD 00:00:SS,Unknown,
layoff_01910, Regrow Ag  ,Durham,United States of America,Food,Series B,893,206,80,19,64,"August 16, 2024",YYYY-00-DD 00:00:SS,Unknown,
layoff_02029,Ola Electric,Bengaluru,India,Transportation,Post-IPO,145,210,500,100,2,22-Nov-2024,YYYY-00-DD 00:00:SS,Unknown,
layoff_05532,RainFocus,Salt Lake City  ,United States,Marketing,Private Equity,167,570,5,6,41,07-Apr-2020,04/09/2020,Unknown,
layoff_04233,Built Technologies copy,Nashville,United States of America,Construction,Unknown,2434,87,70,8,313,"February 03, 2023",YYYY-00-DD 00:00:SS,Unknown,
layoff_00117,Eden / Managed …,New York City,United States,Real Estate,Series B,100,60,40,40,40,04-08-20,YYYY-00-DD 00:00:SS,Unknown,
layoff_01203,Sonatype,Baltimore,United States,Security,ACQUIRED ,714,614,100,14,154,2023-05-09,YYYY-00-DD 00:00:SS,Unknown,
layoff_01310,AppFolio,Santa Barbara,United States,,Post-IPO,1656,,149,,30,2023-08-17,2023-08-18,Unknown,
layoff_03828,Selina,London,United Kingdom,Travel,Post-IPO,1333,439,350,,612,06/27/2023,YYYY-00-DD 00:00:SS,Unknown,
layoff_05020,  PuduTech  ,Shenzen,China, Other ,Series C ,2767,0,,10,184,08-Jul-2022,YYYY-00-DD 00:00:SS,Unknown,
layoff_00551,Next Insurance,Palo Alto,U.S.A.,Finance,  Series E  ,882,732,150,,881,07-Jul-2022,YYYY-00-DD 00:00:SS,Private,
layoff_04323,Booktopia,Sydney,Australia,Retail, series a ,150,728,30,10,23,"January 23, 2023",YYYY-00-DD 00:00:SS,Unknown,
layoff_04177,Milkrun,Sydney,Australia,Food,Series A,100,66,60,20,86,2023-02-15,YYYY-00-DD 00:00:SS,Unknown,
layoff_04487,Thumbtack,SF Bay Area,United States,,,1143,162,,14%,698,13-Dec-2022,YYYY-00-DD 00:00:SS,Unknown,
layoff_04007,Sayurbox,jakarta ,Indonesia,Food,Series C,0,13250,38,0.7%,139,04/14/2023,05-26-23,Unknown,
layoff_03856,Karshare,London,United Kingdom,Transportation,Seed,882,0,,100,4,16-Jun-2023,YYYY-00-DD 00:00:SS,Unknown,
layoff_00640,Truepill,Hayward,United States,Healthcare,Series D,530,355,175,33,255,2022-08-11,11-Aug-2022,,
layoff_04907,Shift,  SF Bay Area ,United States,Transportation,Post-IPO,889,89,982,,504,2022-08-09,08/09/2022,Unknown,
layoff_03457,DwellWell,Los Angeles,United States,Real Estate,Seed,150,255,20,100,6,04-Dec-2023,YYYY-00-DD 00:00:SS,Unknown,
layoff_01568,Pure Storage,santa clara ,USA,Data,  POST-IPO,50,450,275,,529,"February 08, 2024","February 08, 2024",Unknown,
layoff_01993, kraken,San Francisco,U.S.A.,Crypto,UNKNOWN,2667,2267,400,15,134,"October 30, 2024",10-30-24,,
layoff_00670,Snap,Los Angeles,United States of America,Consumer,Post-IPO,6400,5120,1280,20,4900,2022-08-31,30-Aug-2022,,
layoff_00998,Innovaccer,San Francisco,United States,Healthcare,Series E,1633,1388,245,15,,2023-01-24,YYYY-00-DD 00:00:SS,Unknown,
layoff_04767,TwinStrand,Seattle,United States,Healthcare,Series B,450,14,50,50%,73,10-05-22,YYYY-00-DD 00:00:SS,Unknown,
layoff_03179,2U,Washington D.C.,U.S.,Education,Post-IPO,500,2544,120,3,426,31-Mar-2025,YYYY-00-DD 00:00:SS,Unknown,
layoff_04106, embark trucks,SF Bay Area,United States,Transportation,Post-IPO,329,6840,230,70,317,03-03-23,2023-03-03,Unknown,
layoff_03720,FamPay,Bengaluru,India,Finance,Series A,571,58,18,90,42,"August 02, 2023","August 03, 2023",Unknown,
layoff_05325,Argo AI,Munich,Germany,Transportation,Unknown,4123,825,100,,3600,2020-06-29,YYYY-00-DD 00:00:SS,Unknown,
layoff_02631,Kandji,San Diego,United States,"IT, software", Series C  ,1500,5130,30,17,188,"November 17, 2022",YYYY-00-DD 00:00:SS,Private,
layoff_00157,Zume,Camarillo,U.S.,Food,Unknown,299,99,200,67,423,04-15-20,YYYY-00-DD 00:00:SS,Unknown,
layoff_01179,Dropbox,San Francisco,us,Other,Post-IPO,3125,2625,500,16%,1700,04-27-23,"April 27, 2023",Unknown,
layoff_03528, KARAT FINANCIAL  , los angeles,U.S.,Finance,Series B,83,81,20,,116,27-Oct-2023,YYYY-00-DD 00:00:SS,Unknown,
layoff_00232,flywire  ,Boston,United States,Finance,Series E,500,440,60,12,263,05-07-20,YYYY-00-DD 00:00:SS,Unknown,
layoff_05512,Eventbrite,,USA,Consumer,Post-IPO,1111,1140,500,45,332,"April 08, 2020",2020-04-08,Unknown,
layoff_01803,ByteDance,Jakarta,Indonesia, Consumer,Unknown,700,1133,450,20,35,06/14/2024,YYYY-00-DD 00:00:SS,Unknown,
layoff_03996,Noon,Riyadh,Saudi Arabia,Retail,Unknown,3400,493,340,10%,1700,2023-04-18,YYYY-00-DD 00:00:SS,Unknown,
layoff_05356,StubHub,SF Bay Area,United States,Consumer,Acquired,91,4500,200,15,19,05-28-20,06/18/2020,Unknown,
layoff_04661,RingCentral,SF Bay Area,United States,  Other  ,Post-IPO,329,4791,100,10,44,"November 09, 2022",11-10-22,Unknown,
layoff_02295,Zupee,Gurugram,India,,Unknown,567,397,170,30,214,2025-09-11,YYYY-00-DD 00:00:SS,Unknown,
layoff_04427, Relevel,Bengaluru,India,HR,Unknown ,200,350,40,20,230,01/10/2023,"January 12, 2023",Unknown,
layoff_02128,Dayforce,Toronto,United States,,Post-IPO,200,17184,13,5%,40,02/26/2025,02-28-25,Unknown,
layoff_03336,RiseUp,,Israel, finance,Series B,100,207,50,50,30,"April 30, 2024","June 05, 2024",Unknown,
layoff_05075,Orchard,New York City,United States,Real Estate,Series D,53,,159,10,,06-23-22,YYYY-00-DD 00:00:SS,,
layoff_01983,  UPWORK  ,San Francisco,United States,Other,Post-IPO,330,5130,180,21%,,2024-10-23,10-23-24,Unknown,
layoff_05168,Olist,Curitiba,Brazil,Retail,Series E,3000,131,87,17,322,23-May-2022,"May 25, 2022",Unknown,
layoff_05342,Her Campus Media,Boston,United States,Media,Unknown,56,160,10,18,212,06/10/2020,2020-06-10,Unknown,
layoff_04813,Patreon,SF Bay Area,United States of America,Media,Series F,231,276,5,13%,413,09/09/2022,2022-09-09,Unknown,
layoff_02509,Policygenius,New York,, InsurTech,Unknown,680,150,170,25,26,06/02/2022,YYYY-00-DD 00:00:SS,Private,
layoff_04827, DEMANDBASE ,SF Bay Area,United States,Sales  ,Series H,900,127,27,3%,143,07-Sep-2022,YYYY-00-DD 00:00:SS,,
layoff_05573,Booksy,SF Bay Area,United States,Consumer,Series B,500,162,200,8%,48,2020-04-01,YYYY-00-DD 00:00:SS,Unknown,
layoff_02329,Zepto,  BENGALURU  ,India,Technology. Information and Internet,Unknown,20000,225,150,40,13800,"October 29, 2025",YYYY-00-DD 00:00:SS,Unknown,
layoff_04704,Dukaan,  bengaluru,India,Retail,Series A,3333,300,23,2,17,2022-10-31,10/31/2022,,
layoff_02238,Lenovo,Morrisville,United States,IT Services and IT Consulting,  unknown ,600000,588000,254,3,,07-16-25,YYYY-00-DD 00:00:SS,Unknown,
layoff_00794,Redfin,  seattle  ,United States,Real Estate, POST-IPO,6631,5769,862,13,320,"November 09, 2022",YYYY-00-DD 00:00:SS,Public,
layoff_00505,Banxa,Melbourne,Australia, CRYPTO,Post-IPO,233,163,70,30,13,27-Jun-2022,YYYY-00-DD 00:00:SS,Unknown,
layoff_00875,Houzz,Palo Alto,United States,Consumer,  series e ,1188,1093,95,8,613,07-Dec-2022,YYYY-00-DD 00:00:SS,Unknown,
layoff_01692,Google,Mountain View,U.S.A.,,  POST-IPO ,105,1230,10000,23,26,04/17/2024,YYYY-00-DD 00:00:SS,Unknown,
layoff_00075,Dynamic Signal,San Bruno,United States,HR,Series E,184,149,35,,114,04-02-20,YYYY-00-DD 00:00:SS,Unknown,
layoff_00204,OpenX,Los Angeles,United States, MARKETING,Unknown,233,198,35,15,70,28-Apr-2020,"April 29, 2020",Unknown,
layoff_04300,Plus One Robotics,  SAN ANTONIO ,United States,Other,Series B,8667,748,,10,43,"January 26, 2023",YYYY-00-DD 00:00:SS,Unknown,
layoff_02948,Epic Games,Raleigh,U.S.,Consumer,,80,73615,1000,30,6400,03/24/2026,24-Mar-2026,Unknown,
layoff_00882,Relativity,Chicago,United States of America,,Private Equity,1500,,150,10,125,"December 07, 2022",12-08-22,Private,
layoff_00635,Permutive,London,United Kingdom,, SERIES C ,250,220,30,12%,105,2022-08-10,YYYY-00-DD 00:00:SS,Unknown,
layoff_04490,TaxBit,salt lake city ,us,Crypto,,5000,228,80,25%,235,"December 13, 2022",YYYY-00-DD 00:00:SS,Unknown,
layoff_03568,Carbon Health,SF Bay Area,, healthcare,Series D,2280,400,114,5,522,"October 09, 2023",YYYY-00-DD 00:00:SS,Unknown,
layoff_05387,WeFit,Hanoi,Vietnam,Fitness,Seed,367,3667,400,100,1,05/13/2020,YYYY-00-DD 00:00:SS,Unknown,
layoff_00930,twine solutions  ,Tel Aviv,Israel,Hardware,  Unknown ,91,61,,33,50,"January 05, 2023",YYYY-00-DD 00:00:SS,Unknown,
layoff_03070,Lightricks,Jerusalem,Israel,Consumer,Series D,567,0,85,15,335,"October 27, 2025",YYYY-00-DD 00:00:SS,Unknown,
layoff_04578,GoodGood,toronto ,Canada,RETAIL ,Seed,150,200,2800,100%,6,2022-11-23,YYYY-00-DD 00:00:SS,,
layoff_02528,MainStreet,San Jose,Unknown,Fintech,Unknown,152,50,50,33,58,05-04-22,04-May-2022,Private,
layoff_01239,Chegg,Santa Clara ,U.S.A.,Education,Post-IPO,2000,1920,80,4,227,2023-06-12,2023-06-12,Unknown,
layoff_01082,Green Labs,Seoul,South Korea,Food,Series C,500,150,350,70,214,"February 21, 2023",2023-02-21,Unknown,
layoff_01567,Otovo,Oslo,Norway,Energy,Post-IPO,433,368,65,15,247,08-Feb-2024,YYYY-00-DD 00:00:SS,Unknown,
layoff_03961,Upwork,SF Bay Area,United States,Other,Post-IPO,913,996,137,15,168,05-03-23,YYYY-00-DD 00:00:SS,Unknown,
layoff_04894,Homeward,Austin,us,  Real Estate,SERIES B  ,470,30,100,20,,10-Aug-2022,YYYY-00-DD 00:00:SS,Unknown,
layoff_04271,Gokada,Lagos,Nigeria,Transportation,Unknown,6667,4685,54,100%,12,31-Jan-2023,YYYY-00-DD 00:00:SS,Unknown,
layoff_01454,ChargePoint,Campbell,U.S.A.,Manufacturing,Unknown,1667,319,,12%,,01/10/2024,YYYY-00-DD 00:00:SS,Unknown,
layoff_01911,GoPro,San Mateo,United States,Consumer,Post-IPO,927,,139,15,288,19-Aug-2024,YYYY-00-DD 00:00:SS,Unknown,
layoff_03558,Adda247,Gurugram,India,Education,Series B,862,1920,300,4,,10-14-23,YYYY-00-DD 00:00:SS,Unknown,
layoff_00231,UBER  ,San Francisco,us,  TRANSPORTATION ,Post-IPO,26429,22729,3700,14,,06-May-2020,YYYY-00-DD 00:00:SS,Unknown,
layoff_04678,LendingTree,Charlotte,United States of America,Finance,Post-IPO,2500,178,200,20,428,11-03-22,01-23-23,Unknown,
layoff_04727,Starry,  BOSTON  ,us,Other,Post-IPO,7500,7200,90,50,260,10/20/2022,YYYY-00-DD 00:00:SS,Unknown,
layoff_04883,Updater,New York City,USA,Other,Unknown,450,87,60,15,,"August 16, 2022",YYYY-00-DD 00:00:SS,Unknown,
layoff_00279,DESCARTES LABS ,  santa fe ,United States, DATA ,Series B,75,,12,,58,"June 02, 2020",YYYY-00-DD 00:00:SS,Unknown,
layoff_03499,Carta,SF Bay Area,United States,HR,Series G,2520,150,525,100%,1100,11/09/2023,YYYY-00-DD 00:00:SS,,
layoff_02040,Circle,Boston,United States,Crypto,Private Equity,833,783,50,6,1,12/05/2024,YYYY-00-DD 00:00:SS,Unknown,
layoff_00335,Hubba,Toronto,Canada,Retail,,45,0,45,,61,02/01/2021,YYYY-00-DD 00:00:SS,Unknown,
layoff_04931,Vedantu,Bengaluru,India,,Series E,16667,129,100,4,,08-02-22,08-03-22,Unknown,
layoff_05474,LumenAd,Missoula,United States,Marketing,Unknown,210,138,27,40,1600,16-Apr-2020,05-03-20,Unknown,
layoff_02612,Elemy,San Francisco,,Health Care,Unknown,2812,307,450,,247,12-05-22,2022-12-05,Private,
layoff_01650,Identiq,Tel Aviv,Israel,Security,Series A,45,25,20,44,,04/01/2024,YYYY-00-DD 00:00:SS,Unknown,
layoff_00541,OUTSCHOOL  ,San Francisco,United States, education,Series D,172,141,31,18,240,07/05/2022,YYYY-00-DD 00:00:SS,Unknown,
layoff_03165,Meta,  sf bay area ,United States,Consumer,Post-IPO,129,2700,100,10,26000,04/24/2025,04-29-25,Unknown,
layoff_00982,Hubilo,San Francisco,United States,Other,Series B,329,214,115,35,153,19-Jan-2023,YYYY-00-DD 00:00:SS,Unknown,
layoff_02927,Qualcomm,SAN DIEGO ,United States,HARDWARE  ,post-ipo ,25000,88000,,14,900,04-09-26,YYYY-00-DD 00:00:SS,Unknown,
layoff_01281,Deep Instict, New York City ,United States, Security ,Unknown,307,261,46,,322,07-25-23,YYYY-00-DD 00:00:SS,Unknown,
layoff_01937,Mobileye,Jerusalem,Israel,Transportion,Post-IPO,3000,2970,100,10,2,2024-09-09,YYYY-00-DD 00:00:SS,Unknown,
layoff_05255,Simple,Portland,United States,Finance, Acquired  ,400,713,67,100,15,07-Jan-2021,YYYY-00-DD 00:00:SS,Unknown,
layoff_05343,Integrate.ai,Toronto,Canada,Support,  unknown  ,2714,3680,26,,39.6,06-09-20,06/30/2020,Unknown,
layoff_03146,Google,SF Bay Area,U.S.,Consumer,post-ipo,348,0,75,,26,2025-06-24,2025-06-25,Unknown,
layoff_03047,Aqua Security,Tel Aviv,United States,Security,Series E,6000,5820,20,21%,325,2025-12-01,YYYY-00-DD 00:00:SS,Unknown,
layoff_04382,XP,Sao Paulo,Brazil,Finance,Post-IPO,465,300,500,20,293,01/17/2023,YYYY-00-DD 00:00:SS,Unknown,
layoff_01164,Opendoor,San Francisco,United States,Real Estate,Post-IPO,2545,1985,560,22,1900,04-18-23,YYYY-00-DD 00:00:SS,Unknown,
layoff_03450,Bill.com,SF Bay Area,United States,Finance,Post-IPO,213,1057,63,15,280,2023-12-05,YYYY-00-DD 00:00:SS,Unknown,
layoff_00167,Tor,Boston,United States,Security,Unknown,35,22,13,37,1,04-17-20,2020-04-18,,
layoff_05135,Clubhouse,SF Bay Area,United States,Consumer,Series C,5000,,,100,110,2022-06-03,2022-06-04,Unknown,
layoff_01409,Udaan,Bengaluru,India,Retail,Unknown,1000,900,100,10,1500,2023-12-18,YYYY-00-DD 00:00:SS,Unknown,
layoff_00665,Immersive Labs,Bristol,United Kingdom,Security,Series C,380,342,38,10%,123,30-Aug-2022,01-Sep-2022,Unknown,
layoff_02999,Zillow,seattle ,United States of America,Real Estate,Post-IPO,146,5769,200,25%,97,02-Feb-2026,YYYY-00-DD 00:00:SS,Unknown,
layoff_02575,Gem,San Francisco,unknown,Recruiting,Unknown,1000,,100,90%,434,"November 02, 2022",YYYY-00-DD 00:00:SS,Private,
layoff_03782,Dapper Labs,vancouver ,Canada,Crypto,Unknown,260,624,,35%,,07/12/2023,YYYY-00-DD 00:00:SS,,
layoff_04046,Drizly,Boston,United States,Retail,Acquired,600,245,100,100,119,29-Mar-2023,YYYY-00-DD 00:00:SS,Unknown,
layoff_01522,Loopio,Toronto,Canada,  sales  , Private Equity,161,124,15,6,263,29-Jan-2024,01/30/2024,Unknown,
layoff_02220,Bumble,Austin,U.S.A.,Consumer,Post-IPO ,800,560,240,30,313,2025-06-25,YYYY-00-DD 00:00:SS,Unknown,
layoff_04787,Instacart, sf bay area  ,USA,Food,Unknown,2500,,1000,1.9%,2900,09/24/2022,YYYY-00-DD 00:00:SS,,
layoff_02933,Bolt,SF Bay Area,United States of America,Finance,Series E,250,15,400,33%,1300,05-Apr-2026,YYYY-00-DD 00:00:SS,Unknown,
layoff_00646,Pliops,TEL AVIV,Israel,Data,Series D,133,121,12,,205,"August 16, 2022",YYYY-00-DD 00:00:SS,Unknown,
layoff_01906,Sampler,Toronto,Canada,Retail,Series B,87,,30,100,,2024-08-15,YYYY-00-DD 00:00:SS,Unknown,
layoff_05154,Tempus Ex,  sf bay area ,U.S.A.,Data,Unknown,80,1000,200,25%,36,05-30-22,YYYY-00-DD 00:00:SS,Unknown,
layoff_01534,Proofpoint,SUNNYVALE  ,United States,Security,Acquired,4667,4387,280,,885,01-31-24,YYYY-00-DD 00:00:SS,Unknown,
layoff_00567,Unstoppable Do.,,United States,Crypto,Series B,168,126,42,25,7,2022-07-14,YYYY-00-DD 00:00:SS,Unknown,
layoff_03629,Grabango,SF Bay Area,United States,  Food ,Unknown,85,509,34,,94,11-Sep-2023,YYYY-00-DD 00:00:SS,Unknown,
layoff_05466,People.ai,SF Bay Area,United States,Marketing,Series C,167,138,30,18%,100,2020-04-17,2020-04-17,Unknown,
layoff_00468,Notarize,boston,United States,,Series D,440,330,110,25,213,06-15-22,YYYY-00-DD 00:00:SS,Unknown,
layoff_02571,Ahead,"Santa Clara, CA",unknown,Health Care,Unknown,2812,360,,100,999,14-Apr-2022,YYYY-00-DD 00:00:SS,Private,
layoff_00098,Astra,Alameda,United States,Aerospace,Unknown,160,120,40,25,100,"April 05, 2020",04/05/2020,Unknown,
layoff_02150,Acxiom,Little Rock,United States of America,Marketing,Post-IPO,4333,4203,130,3,60,2025-03-19,YYYY-00-DD 00:00:SS,Unknown,
layoff_00803,Veev,Hayward,United States,Real Estate,Series D,333,233,,30%,,2022-11-11,11-11-22,Unknown,
layoff_04739,Flux Systems,London,United Kingdom,Finance, unknown ,1229,68,117,100,,10/14/2022,YYYY-00-DD 00:00:SS,Unknown,
layoff_01237,Trybe,  SAO PAULO ,Brazil,,Series B,366,238,128,35%,40,"June 09, 2023",12-Jun-2023,Unknown,
, FISKER,Los Angeles,United States,Transportation,Post-IPO,3950,187,54,14%,1700,"April 29, 2024",2024-04-30,Unknown,
layoff_00924,Everlane,San Francisco,United States,Retail,Unknown,176,146,30,17,176,2023-01-05,YYYY-00-DD 00:00:SS,Private,
layoff_02621,CareerArc,Los Angeles,United States,"Human resources, recruiting",Private Equity,778,925,75,,30,01-06-23,"January 09, 2023",Private,
layoff_04685,Snapdocs,SF Bay Area,United States,,series d,55,6091,45,,,03-Nov-2022,11-05-22,,
layoff_04378,LiveVox,SF Bay Area,United States,Support,Post-IPO,760,,114,16,12,01-17-23,YYYY-00-DD 00:00:SS,Unknown,
layoff_04709,GoNuts,Mumbai,India, Media  ,Seed,36,150,48,100,,2022-10-27,YYYY-00-DD 00:00:SS,Unknown,
layoff_01694,  TOSHIBA  ,Tokyo,Japan,Appliances,,50000,45000,5000,10%,574,04-17-24,YYYY-00-DD 00:00:SS,Unknown,
layoff_02992,Glossier,New York City,United States,Retail, series e  ,152,51,50,33%,266,"February 11, 2026",2026-02-13,Unknown,
layoff_00223,Veriff,Tallinn,Estonia,Security,Series A,300,237,,21,7,05/04/2020,YYYY-00-DD 00:00:SS,,
layoff_04723,  loom,SF Bay Area,United States,Product,Series C,209,209,23,11%,,2022-10-20,YYYY-00-DD 00:00:SS,Unknown,
layoff_00499, voyage sms ,Los Angeles,U.S.A.,Marketing,Unknown,62,54,8,13%,,2022-06-23,YYYY-00-DD 00:00:SS,Unknown,
layoff_02212,Playtika,Tel Aviv,Israel,Consumer,Post-IPO,242,817,90,,455.2,06-05-25,06/10/2025,Unknown,
layoff_01975,Gigamon,  Santa Clara,U.S.A.,Data,Acquired,241,63,6,8,23,2024-10-15,"October 15, 2024",Unknown,
layoff_01410,InSightec,Haifa,Israel,Healthcare,Unknown,500,400,100,20%,733,2023-12-19,YYYY-00-DD 00:00:SS,Unknown,
layoff_05116,Trade Republic ,Berlin,Germany,Finance,  Series C ,400,368,165,14,1200,06-09-22,YYYY-00-DD 00:00:SS,Unknown,
layoff_04255,Appgate,Miami,U.S.,Security,Post-IPO,425,12250,,8,97,"February 01, 2023",YYYY-00-DD 00:00:SS,Unknown,
layoff_03005,Gloo,Boulder,United States,Consumer,Post-IPO,1176,1035,100,17,,2026-01-29,18-Feb-2026,Unknown,
layoff_01721,KeokeN,Hoofddorp,Netherlands,Gaming,,758,360,100,100%,39,04/30/2024,YYYY-00-DD 00:00:SS,Unknown,
layoff_01456,FreshDirect,,United States,Food,Acquired,3333,3233,100,3%,280,2024-01-10,YYYY-00-DD 00:00:SS,Unknown,
layoff_02319,Bill,San Jose,United States of America,Software Development,Unknown,200000,1229,200,6,45,"October 15, 2025",YYYY-00-DD 00:00:SS,Unknown,
layoff_02845,FanDuel,  New York City  ,U.S.,Consumer,Acquired,429,99,35,12,416,2026-06-05,2026-06-09,,
layoff_04318,Icon,  austin  ,United States,Construction,Series B,59,87,240,7,,2023-01-24,YYYY-00-DD 00:00:SS,Unknown,
layoff_05463,Motif Investing,SF Bay Area,U.S.A.,Finance,,93,135,15,100,126,04-18-20,"May 03, 2020",Unknown,
layoff_00050,Maven,Seattle,United States,Media ,Post-IPO,344,313,31,9,77,30-Mar-2020,YYYY-00-DD 00:00:SS,Unknown,
layoff_04908,Sweetgreen,Los Angeles,United States,Food,Post-IPO,2600,0,170,10%,478,2022-08-09,YYYY-00-DD 00:00:SS,Unknown,
layoff_02860,NetApp,SF Bay Area,United States,,Post-IPO,120,,77,25%,46,05/27/2026,"May 28, 2026",Unknown,
layoff_04062,  GLASSDOOR  ,SF Bay Area,United States,HR,Acquired,933,309,140,15,204,22-Mar-2023,YYYY-00-DD 00:00:SS,Unknown,
layoff_02576,Glossier,New York,n/a,Beauty,Unknown,1000,323,104,,770,08-02-22,02-Aug-2022,Private,
layoff_01823,Moovit,Tel Aviv,Israel,Transportion,Acquired,200,180,20,10,131,19-Jun-2024,23-Jun-2024,Unknown,
layoff_04962,Vox Media,Washington D.C.,United States of America,Media,Series F,1950,2850,39,2,307,"July 27, 2022",YYYY-00-DD 00:00:SS,Unknown,
layoff_01331,Evolve,Denver,U.S.,Travel,,875,700,175,20,224,09/12/2023,YYYY-00-DD 00:00:SS,,
layoff_01381,Zulily,Seattle,United States,Retail,,839,0,839,100,194,12/08/2023,YYYY-00-DD 00:00:SS,Unknown,
layoff_05199,  Truepill  , sf bay area ,U.S.A.,Healthcare,Series D,5000,20,50,24,255,04/14/2022,05-11-22,Unknown,
layoff_04655,Kabam,sf bay area  ,U.S., CONSUMER  ,Acquired,500,2700,35,7,244,"November 09, 2022",YYYY-00-DD 00:00:SS,Unknown,
layoff_04650,Wavely,SF Bay Area,U.S.A.,HR,Unknown,17500,21340,35,100,48,11/10/2022,YYYY-00-DD 00:00:SS,Unknown,
layoff_01855,MoxiWorks,Seattle,United States,Real Estate,Private Equity,112,157,80,5,597,07/11/2024,YYYY-00-DD 00:00:SS,Unknown,
layoff_03959,Glassbox,London,United Kingdom,Data,Series C,11667,809,20,14%,70,04-May-2023,YYYY-00-DD 00:00:SS,Unknown,
layoff_05284,Swing Education,SF Bay Area,United States,Education,  SERIES B,5882,4,81,20,22.8,05-Sep-2020,YYYY-00-DD 00:00:SS,Unknown,
layoff_04713,Carbon,SF Bay Area,United States,Hardware, series e ,833,43200,10,4%,683,10/26/2022,"January 04, 2023",Unknown,
layoff_04219,eBay, SF BAY AREA  ,United States,Retail,Post-IPO,12500,,500,4%,1200,07-Feb-2023,YYYY-00-DD 00:00:SS,Unknown,
layoff_00338,New Relic,San Francisco,United States,Infrastructure,Post-IPO  ,2286,2126,160,7,215,2021-04-06,06-Apr-2021,,
layoff_00627,Perion,Tel Aviv,Israel,  MARKETING,Post-IPO,400,380,20,5%,76,08-Aug-2022,08-08-22,Unknown,
layoff_00500,Bestow,Dallas,United States,Finance,Series C,293,252,41,14%,137,24-Jun-2022,YYYY-00-DD 00:00:SS,Unknown,
layoff_05131,Eruditus,Mumbai,India,Education,Series E,50000,0,40,100%,1200,2022-06-04,06-06-22,Unknown,
layoff_05511,Zest AI,Los Angeles,USA,Finance,Unknown,500,39,140,8,217,09-Apr-2020,YYYY-00-DD 00:00:SS,Unknown,
layoff_01134,iCAD,  Nashua ,us,Healthcare,Post-IPO,82,59,23,28,59,03-29-23,YYYY-00-DD 00:00:SS,Unknown,
layoff_04458,Bytedance,Shanghai,China,Consumer,Unknown,1857,0,75,10%,9400,01/03/2023,YYYY-00-DD 00:00:SS,Unknown,
layoff_01004,Tier Mobility,Berlin,Germany,Transportation,Series D,1143,1063,,,646,25-Jan-2023,YYYY-00-DD 00:00:SS,Unknown,
layoff_04369,Lightspeed Commerce,Montreal,Canada,Retail,,3000,805,300,,,01-17-23,YYYY-00-DD 00:00:SS,,
layoff_02790,OpenText,Waterloo,Canada,  DATA,  POST-IPO,20000,89,400,2%,1100,08-Jul-2026,YYYY-00-DD 00:00:SS,Unknown,
layoff_04976,Catalyst,New York City,U.S.A.,Support,SERIES B ,1755,85,59,3,45,07/21/2022,YYYY-00-DD 00:00:SS,Unknown,
layoff_05049,AvantStay,Los Angeles,United States,Travel,  Unknown ,1212,187,80,15,811,29-Jun-2022,YYYY-00-DD 00:00:SS,Unknown,
layoff_00077,Industrious,New York City,United States,,Series D,450,360,90,20%,,04-02-20,"April 03, 2020",Unknown,
layoff_01565,Getaround,San Francisco,United States,,Post-IPO,16,2009,150,30,948,2024-02-08,"February 08, 2024",Unknown,
layoff_05654,Lola, BOSTON ,United States,Travel,,3500,,34,25,81,"March 19, 2020",YYYY-00-DD 00:00:SS,Unknown,
layoff_03114,Micron,Boise,U.S.,Hardware,Post-IPO,25000,43200,300,,50,"August 12, 2025",YYYY-00-DD 00:00:SS,Unknown,
layoff_03519,Orchard,New York City,United States,Real Estate,Series D,10000,30,470,20%,,2023-11-02,YYYY-00-DD 00:00:SS,,
layoff_03100, VIMEO  ,New York City,United States,Consumer,Post-IPO,5438,,300,10,450,03-Sep-2025,YYYY-00-DD 00:00:SS,Unknown,
layoff_05501,Built In,Chicago,United States,Recruiting,Series C,16000,,,70%,29,"April 10, 2020",2020-05-14,Unknown,
layoff_02467,Sundae,San Francisco,Unknown,"PropTech, Real Estate",Unknown,3667,450,60,,50,06/28/2022,YYYY-00-DD 00:00:SS,Private,
layoff_05082,Balto,  st. louis,United States,Sales,Series B,7333,27,30,,51,22-Jun-2022,YYYY-00-DD 00:00:SS,Unknown,
layoff_05063,AppLovin,SF Bay Area,U.S.A.,Marketing,Post-IPO,2500,93,300,12%,1600,06-27-22,28-Jun-2022,Unknown,
layoff_00679,Intercom,San Francisco,United States,Support,Series D,980,931,49,5,240,09/07/2022,09-07-22,Unknown,
layoff_01952,Northvolt,Stockholm,Sweden,Energy,Unknown,8000,6400,1600,20%,14,09/23/2024,YYYY-00-DD 00:00:SS,Unknown,
layoff_05225, ZYMERGEN ,SF Bay Area,United States,Other,Post-IPO,6000,,,6%,974,09-23-21,YYYY-00-DD 00:00:SS,Unknown,
layoff_01615,Kevin,Vilnius,Lithuania,Finance,Series A,1607,301,65,14,79,02/29/2024,YYYY-00-DD 00:00:SS,Unknown,
layoff_04647,Reforge,SF Bay Area,United States,Education,Series B,2900,1261,37,9,81,11-10-22,YYYY-00-DD 00:00:SS,Unknown,
layoff_03710,Astra,SF Bay Area,United States,,Post-IPO,0,0,115,25%,300,08-04-23,05-Aug-2023,Unknown,
layoff_04939, ORACLE ,SF Bay Area,United States of America,Other,Post-IPO,400,0,315,33,2300,2022-08-01,YYYY-00-DD 00:00:SS,Unknown,
layoff_05148,Skillshare,New York City,United States,  education  ,Unknown,300,148,31,20,136,2022-06-01,06-09-22,,
layoff_01756,Replit,San Francisco,,Software Development,UNKNOWN,150,120,30,20,222,2024-05-16,YYYY-00-DD 00:00:SS,Unknown,
layoff_01907,Paper, montreal ,Canada,Education,Series D,180,99,81,45,,"August 16, 2024",YYYY-00-DD 00:00:SS,Unknown,
layoff_04926,  cardekho  ,Gurugram,India,,Series E,80,2404,45,,,2022-08-03,YYYY-00-DD 00:00:SS,Unknown,
layoff_00118,Eventbrite,San Francisco,United States,Consumer,Post-IPO,1111,611,500,45,332,04-08-20,08-Apr-2020,Unknown,
layoff_04408,Rock Content,Miami,United States of America,  marketing,Series B,267,1456,25,15,,12-Jan-2023,YYYY-00-DD 00:00:SS,Unknown,
layoff_00334,Postmates,san francisco  ,U.S.A.,Food,Acquired,1200,1020,180,15,,"January 23, 2021",YYYY-00-DD 00:00:SS,Unknown,
layoff_03198,Gemini,New York City,us,Crypto,Unknown,375,163,200,20,423,05-Feb-2025,"February 06, 2026",Unknown,
layoff_05594,Kazoo,Austin,United States,HR,,175,11500,36,35,,31-Mar-2020,YYYY-00-DD 00:00:SS,Unknown,
layoff_01424,InVision,New York City,United States,Product,Series F,1857,228,90,100,356,"January 04, 2024",YYYY-00-DD 00:00:SS,Unknown,
layoff_02413,Stash Financial, New York  ,unknown,"fintech, personal finance",Unknown  ,400,,32,8%,283,2022-12-06,YYYY-00-DD 00:00:SS,Private,
layoff_01696,Pax8,Greenwood Village,us,IT Services,Unknown,40000,39200,800,5,400,04-18-24,YYYY-00-DD 00:00:SS,Unknown,
layoff_02365,McKinsey,New York City,USA,Business Consulting and Services,Unknown,12000,11640,200,3,537,11/26/2025,YYYY-00-DD 00:00:SS,Unknown,
layoff_04439,Lantern,Grand Rapids,United States,Retail,  seed ,24333,142,20,100,40,2023-01-06,01/12/2023,Unknown,
layoff_02878,Breadfast,Cairo,Egypt,Food,Series C,500,246,58,5,89,05/12/2026,YYYY-00-DD 00:00:SS,Unknown,
layoff_00968,addepar  ,Mountain View,USA,Finance, Series F,667,647,20,3,491,2023-01-18,YYYY-00-DD 00:00:SS,Unknown,
layoff_02904,Pentera,Boston,United States,Security,Series D,500,,40,8,249,27-Apr-2026,30-Apr-2026,Unknown,
layoff_03958,Scribe Media,Austin,United States of America,Marketing,,90,737,90,100,367,05-04-23,YYYY-00-DD 00:00:SS,Unknown,
layoff_04236,  okta ,SF Bay Area,United States,  security  ,Post-IPO,6000,75,300,5,1200,"February 02, 2023",YYYY-00-DD 00:00:SS,Unknown,
layoff_04967,  Workstream,SF Bay Area,USA,HR,Series B,140,626,45,10,58,22-Jul-2022,YYYY-00-DD 00:00:SS,Unknown,
layoff_04383, pagbank  ,Sao Paulo,Brazil,Finance,Post-IPO,7143,1144,500,,480,01-16-23,YYYY-00-DD 00:00:SS,Unknown,
layoff_02820,Ethereum Foundation,  Zug,Switzerland,Crypto,Unknown ,270,228,54,20,18,06/23/2026,YYYY-00-DD 00:00:SS,Unknown,
layoff_04997,  styleseat ,SF Bay Area,United States,Consumer,Series C,925,20,46,,40,2022-07-15,YYYY-00-DD 00:00:SS,Unknown,
layoff_03813,MediaMath,New York City,United States,Marketing,Private Equity,700,300,9,100%,,30-Jun-2023,YYYY-00-DD 00:00:SS,Unknown,
layoff_00519,Qumulo,seattle  ,United States,Data,Series E,421,341,80,19,347,06/29/2022,YYYY-00-DD 00:00:SS,Unknown,
layoff_00373,Xiaohongshu,Shanghai,China,Consumer,Series E,2000,,180,9,917,2022-04-21,04/23/2022,Unknown,
layoff_00495,Aura,  BOSTON,United States,Security,Series F,778,708,70,9,500,06/23/2022,YYYY-00-DD 00:00:SS,Unknown,
layoff_04945,Quantcast, SF Bay Area,U.S.A., MARKETING  , Series C  ,667,575,40,6%,65,2022-07-29,YYYY-00-DD 00:00:SS,Unknown,
layoff_02262,  yotpo ,New York City,United States,Marketing,Unknown,588,388,200,34,436,08-05-25,08-05-25,Unknown,
layoff_04567,Proton.ai,Boston,USA,Sales,Series A,100000,873,67,10,20,"November 29, 2022",12/03/2022,Unknown,
layoff_02593,Wistia,"Cambridge, MA",n/a,"Video production, marketing",Unknown,140,0,40,12,72,2022-11-10,YYYY-00-DD 00:00:SS,Private,
layoff_03999,Ten Square Games,,Poland,Consumer,Seed,480,1800,120,25,995,04/17/2023,YYYY-00-DD 00:00:SS,Unknown,
layoff_05513,Scoop,SF Bay Area,United States,Transportation,Series C,279,4348,92,33%,95,04-08-20,YYYY-00-DD 00:00:SS,,
layoff_02772,BitMEX,Unknown,Seychelles,Crypto,Seed,815,647,60,100,25,2026-07-23,27-Jul-2026,Unknown,
layoff_01107,Wattpad,toronto ,Canada,Media,Acquired,280,238,42,15%,117,03-08-23,YYYY-00-DD 00:00:SS,Unknown,
layoff_00200,Automation Anything,San Jose,United States,Other,Series B,2600,2340,260,10,840,04/27/2020,YYYY-00-DD 00:00:SS,Unknown,
layoff_01378,Incredibuild,Tel Aviv,,Product,Series B,200,160,40,20,35,12-05-23,YYYY-00-DD 00:00:SS,,
layoff_04817,Flowhub,Denver,USA,Retail,Unknown,2222,600,94,15,45,09-09-22,"September 10, 2022",Unknown,
layoff_04955,TextNow,Waterloo,Canada,Consumer,Seed,3000,75,22,6,,07-28-22,2022-08-04,Unknown,
layoff_00001,HopSkipDrive,Los Angeles,USA,Transportation,Unknown,80,72,8,10,45,13-Mar-2020,04/03/2020,Unknown,
layoff_01438,NuScale Power,Corvallis,United States,Energy,Post-IPO,550,396,154,28,470,2024-01-08,YYYY-00-DD 00:00:SS,Unknown,
layoff_05627,O'Reilly Media,SF Bay Area,U.S.A.,Media,Unknown,500,5463,75,15%,121900,"March 25, 2020",YYYY-00-DD 00:00:SS,Unknown,
layoff_03434,Curbio,washington d.c. ,United States,Real Estate,Series B,1765,8,100,,76,12/14/2023,YYYY-00-DD 00:00:SS,Unknown,
layoff_03781,Stitch Fix,Philadelphia,U.S.A.,,Post-IPO,389,911,400,10%,79,12-Jul-2023,YYYY-00-DD 00:00:SS,Unknown,
layoff_01152,Examedi,Santiago,Chile,Healthcare,Unknown,180,135,45,,19,11-Apr-2023,04/17/2023,Unknown,
layoff_00336,Quandoo,Berlin,,Food,Acquired,435,,87,20,39,02/03/2021,YYYY-00-DD 00:00:SS,Unknown,
layoff_03202,Asana,SF Bay Area,United States,Other,Post-IPO,200,575,100,7%,453,2025-02-04,YYYY-00-DD 00:00:SS,Unknown,
layoff_04662,Spotify,stockholm ,Sweden,,,1950,160,208,40,2100,09-Nov-2022,YYYY-00-DD 00:00:SS,Unknown,
layoff_00486,Trax,Singapore,Singapore,Retail,Series E,833,733,100,12%,1000,06-20-22,2022-06-21,Unknown,
layoff_03287,Eventbrite,SF Bay Area,United States,Consumer,Post-IPO,909,513,100,11%,557,08-07-24,YYYY-00-DD 00:00:SS,Unknown,
layoff_00610,Outreach,Seattle,U.S.,  Sales ,,1200,1140,60,,489,2022-08-02,08-02-22,,
layoff_01922,  TOME BIOSCIENCES ,Boston,United States,Healthcare,Series A,131,0,131,100,213,"August 26, 2024",2024-08-28,Unknown,
layoff_04961,Turntide,SF Bay Area,U.S.,Energy,Unknown,5625,3150,101,,491,"July 28, 2022","July 29, 2022",Unknown,
layoff_04580,SWVL,  cairo,Egypt,Transportation, Post-IPO,18750,22729,300,,,23-Nov-2022,YYYY-00-DD 00:00:SS,,
layoff_01828,ReshaMandi,Bengaluru,,Food,,1000,0,200,80,,"June 21, 2024",YYYY-00-DD 00:00:SS,Unknown,
layoff_03343,Pax8,Denver,United States,  infrastructure  ,Unknown,133,983,160,5,400,2024-04-18,YYYY-00-DD 00:00:SS,,
layoff_03328,Rivian, LOS ANGELES ,United States,Transportation,Post-IPO,206,207,120,,,10-May-2024,YYYY-00-DD 00:00:SS,Unknown,
,INTUIT ,Mountain View,United States,Finance,Post-IPO,10214,9499,715,7%,18,2020-06-22,YYYY-00-DD 00:00:SS,Unknown,
layoff_01958,ABBYY,Nicosia,Cyprus,Data,Unknown,133,,200,7,6,"October 01, 2024",YYYY-00-DD 00:00:SS,Unknown,
layoff_00439,Bird,Los Angeles,U.S.A.,Transportation,,600,462,138,23,783,06/07/2022,YYYY-00-DD 00:00:SS,Unknown,
layoff_03987,Benchling,SF Bay Area,United States,Other,Series F,822,468,74,9%,411,2023-04-21,YYYY-00-DD 00:00:SS,Unknown,
layoff_03427,NanoString Technologies,Seattle,USA,Healthcare,Post-IPO,556,355,50,9,,01/06/2024,2024-01-09,Unknown,
layoff_04716,Callisto Media,SF Bay Area,U.S.A.,Media , Series D ,1667,664,350,,,25-Oct-2022,YYYY-00-DD 00:00:SS,Unknown,
layoff_01305,Rapid7,Boston,United States,  Security,Post-IPO,2611,2141,470,18,89,2023-08-08,YYYY-00-DD 00:00:SS,Unknown,
layoff_03078,Zepto,Mumbai,India,Retail,series h,6000,,300,5,2600,10/18/2025,YYYY-00-DD 00:00:SS,Unknown,
layoff_05499,Meow Wolf,santa fe ,United States,Media,,1667,,201,15,185,"April 10, 2020",YYYY-00-DD 00:00:SS,Unknown,
layoff_02324,Kaseya,Miami,United States,Software Development,Private Equity,116,356,200,3%,547,10/23/2025,YYYY-00-DD 00:00:SS,,
layoff_01743,Sight Diagnostics,Tel Aviv,Israel,Healthcare,Series D,133,,40,30%,124,2024-05-09,YYYY-00-DD 00:00:SS,Unknown,
layoff_02383,Believer Meats,Rehovot,Israel,Meat Technologies,Unknown,388,,300,100,64,12-11-25,12-11-25,Unknown,
layoff_03517,OpenSea,New York City,U.S.,Crypto,,6111,120,80,50,427,11-03-23,11-03-23,Unknown,
layoff_02718,Snap,"  VENICE, CA",,Social media,Unknown,6400,5667,,20,22,2022-08-31,31-Aug-2022,Public,
layoff_01863,Aqua Security,  BOSTON ,United States,Security, SERIES E ,500,450,50,10,325,07/17/2024,YYYY-00-DD 00:00:SS,Unknown,
layoff_01316,Veriff,Tallinn,,  Security  ,Series C,481,380,101,21,192,23-Aug-2023,08-23-23,Unknown,
layoff_00406,ClickUp,San Diego,United States,Other,Series C,857,797,60,7%,537,23-May-2022,YYYY-00-DD 00:00:SS,Unknown,
layoff_02805, elementor ,tel aviv  ,Israel,Media,  Series B  ,333,276,100,30,65,2026-06-29,06/30/2026,Unknown,
layoff_00621,RenoRun,Montreal,Canada,Construction,Series B,583,513,70,12,163,04-Aug-2022,YYYY-00-DD 00:00:SS,,
layoff_04899, Melio ,New York City,United States,,Series D,108,720,60,,504,"August 09, 2022",YYYY-00-DD 00:00:SS,Unknown,
layoff_03859,BINANCE.US  ,SF Bay Area,USA,Crypto,Subsidiary,4750,209,900,25%,301,2023-06-15,YYYY-00-DD 00:00:SS,Unknown,
layoff_02912,Acko,Mumbai,India,Finance,,1200,111,,5,143,2026-04-20,"April 20, 2026",Unknown,
layoff_03491,Chewy,Miami,United States,Retail,Post-IPO,625,600,200,15%,,"November 14, 2023",11-15-23,Unknown,
layoff_03708,Qomplx,Washington D.C.,United States,AI,Series A,10,48,60,61%,107,"August 04, 2023",YYYY-00-DD 00:00:SS,Unknown,
layoff_01390,ForgeRock,San Francisco,U.S.A.,Other,Acquired,500,351,109,16,234,12-13-23,YYYY-00-DD 00:00:SS,Unknown,
layoff_05643,Triplebyte,SF Bay Area,United States,Recruiting,,88,19998,15,17,48,2020-03-23,03/28/2020,Unknown,
layoff_03622,Google,SF Bay Area,U.S.,consumer ,Post-IPO,1000,5120,-346,50,,2023-09-13,YYYY-00-DD 00:00:SS,,
layoff_04871, PETAL  ,New York City,U.S.A.,Finance,Series D,111,6300,60,10%,,08/18/2022,YYYY-00-DD 00:00:SS,Unknown,
layoff_03916,Alibaba Cloud,Hangzhou,China,Data,Subsidiary,80,810,200,7,64,2023-05-24,YYYY-00-DD 00:00:SS,Unknown,
layoff_03551,Waymo,SF Bay Area,United States of America,Transportation,Subsidiary,20077,909,45,80,5500,"October 17, 2023",YYYY-00-DD 00:00:SS,Unknown,
layoff_04985,Arc,SF Bay Area,United States,HR,Seed,600,240,13,,1,07-20-22,YYYY-00-DD 00:00:SS,Unknown,
layoff_03399,Salesforce,SF Bay Area,United States,Sales,Post-IPO,70000,810,,1,65,01/26/2024,YYYY-00-DD 00:00:SS,Unknown,
layoff_02784,SPROUT SOCIAL  ,Chicago,United States,Marketing,Post-IPO,1300,1456,260,20%,,2026-07-15,15-Jul-2026,Unknown,
layoff_04010,Heygo,London,United Kingdom,Travel,Series A,833,1200,70,100,,2023-04-13,YYYY-00-DD 00:00:SS,Unknown,
layoff_00634,Shogun,WALNUT  ,United States,Retail,series c  ,160,,48,30%,114,09-Aug-2022,YYYY-00-DD 00:00:SS,Unknown,
layoff_01171,Lyft,San Francisco,United States,Transportation,Post-IPO,4123,3051,1072,26,4900,21-Apr-2023,YYYY-00-DD 00:00:SS,Unknown,
layoff_04192,MAGIC EDEN ,SF Bay Area,United States of America,Crypto,Series B,352,2267,22,24,170,13-Feb-2023,YYYY-00-DD 00:00:SS,Unknown,
layoff_01898,DayTwo,Walnut Creek,us,Healthcare,Series B,1250,0,155,100,90,08-13-24,YYYY-00-DD 00:00:SS,Unknown,
layoff_03702,Doximity,SF Bay Area,USA,Healthcare,Post-IPO,1000,3773,100,10,82,08/08/2023,YYYY-00-DD 00:00:SS,Unknown,
layoff_03516,NIO,Shanghai,China,Transportation,  POST-IPO  ,279,207,360,10,7200,2023-11-03,YYYY-00-DD 00:00:SS,Unknown,
layoff_00981,CS Disco,Austin,United States,,Post-IPO,689,,62,,233,01/19/2023,YYYY-00-DD 00:00:SS,Unknown,
layoff_03730,Indigo,Boston,United States,Other,Series F,9467,1253,1600,,1200,08-01-23,YYYY-00-DD 00:00:SS,Unknown,
layoff_03092,Salesforce,SF Bay Area,United States,Sales,POST-IPO,7456,49000,262,10,65,09-04-25,YYYY-00-DD 00:00:SS,Unknown,
layoff_04517,Recur Forever,Miami,United States,Crypto,Series A,50,44,235,14,55,2022-12-07,01/20/2023,Unknown,
layoff_00571,Project44,Chicago,us,Logistics,Unknown,1260,1197,63,5,,07-15-22,YYYY-00-DD 00:00:SS,Private,
layoff_02815,Sonos,Santa Barbara,United States,Consumer,Post-IPO,2200,,1000,3%,455.2,2026-06-25,YYYY-00-DD 00:00:SS,Unknown,
layoff_04450, tcr2,Boston,us, healthcare,Post-IPO,0,268,100,40,173,01-05-23,YYYY-00-DD 00:00:SS,Unknown,
layoff_00447,Hologram,Chicago,United States,Infrastructure,Series B,200,120,80,40,82,09-Jun-2022,YYYY-00-DD 00:00:SS,Private,
layoff_01217,  Airmeet ,Bengaluru,India,Marketing,Series B,250,175,75,30,50,05-25-23,05/26/2023,Unknown,
layoff_04244,Articulate,New York City,United States,Education,Series A,400,117,38,35,,02-Feb-2023,02/03/2023,,
layoff_02377,Glowmade,Guildford,United Kingdom,Computer Games,Unknown,4000,3200,35,20%,,09-Dec-2025,YYYY-00-DD 00:00:SS,Unknown,
layoff_04044,  Electronic Arts,SF Bay Area,U.S.,Consumer,Post-IPO,13000,1035,780,6,2,03-29-23,29-Mar-2023,Unknown,
layoff_00574,Olive AI,Columbus,United States,Healthcare, series h  ,1452,1002,450,31,856,2022-07-19,07-19-22,Unknown,
layoff_04780,Solarisbank, berlin  ,Germany, FINANCE  ,Unknown,2143,980,85,10%,385,2022-09-29,YYYY-00-DD 00:00:SS,Unknown,
layoff_03223,FOUNDRY , Rochester  ,U.S.A.,Crypto, Subsidiary  ,274,0,74,27,10,11-Dec-2024,YYYY-00-DD 00:00:SS,Unknown,
layoff_05080,Bungalow,SF BAY AREA ,United States, Real Estate  ,Series C,53,,70,15,171,2022-06-22,YYYY-00-DD 00:00:SS,Unknown,
layoff_04755,Pavilion Data,SF Bay Area,United States,Infrastructure,Series D,100,30,96,96%,103,10/10/2022,YYYY-00-DD 00:00:SS,Unknown,
layoff_00676,Brave Care,Portland,United States,Healthcare,Series B,121,81,40,,42,06-Sep-2022,YYYY-00-DD 00:00:SS,Private,
layoff_04481,Reach,Calgary,Canada,retail,Series A,60,11042,300,12,30,12/16/2022,YYYY-00-DD 00:00:SS,Unknown,
layoff_02935,NeuroPixel.AI,Bengaluru,India,  Retail,  SEED,3000,446,900,100%,1,04/03/2026,"April 07, 2026",Unknown,
layoff_00389,Latch,New York City,United States,Security,Post-IPO,500,470,30,,342,05-10-22,12-May-2022,Unknown,
layoff_01288,Wish,San Francisco,United States,Retail,Post-IPO,750,495,255,34,,"July 27, 2023",2023-07-27,Unknown,
layoff_02893,Arctic Wolf,Minneapolis,USA,Security,Unknown,2500,399,250,10,899,05/06/2026,05-07-26,Unknown,
layoff_04432,Editas Medicine,Boston,United States of America,Healthcare,Post-IPO,121,239,63,20,656,01-09-23,YYYY-00-DD 00:00:SS,Unknown,
layoff_04321,Uber Freight,SF Bay Area,United States,Logistics,,5000,2560,150,3,2700,01-23-23,YYYY-00-DD 00:00:SS,Unknown,
layoff_04076,Freshworks,SF Bay Area,United States,Support,Post-IPO,5700,4410,114,2%,484,"March 16, 2023",03/16/2023,Unknown,
layoff_00674,Urban Sports Club,Berlin,Germany,Fitness,,367,312,55,15,95,2022-09-01,YYYY-00-DD 00:00:SS,Unknown,
layoff_04332,Karat,Seattle,United States,HR,Unknown,160,812,47,16,169,01-20-23,01/21/2023,Unknown,
layoff_00452,The Grommet,Boston,U.S.A.,Retail,Acquired,40,0,40,100,5,06-09-22,YYYY-00-DD 00:00:SS,Unknown,
layoff_02692,ForeScout Technologies,"San Jose, CA",Unknown,"cybersecurity, cloud services",Unknown,1000,142,100,10,16,2023-01-10,10-Jan-2023,Public,
layoff_01723,Tesla,Austin,USA,Transportation,Unknown,882,150,500,10,20200,04-30-24,YYYY-00-DD 00:00:SS,Unknown,
layoff_04156,Locomation,Pittsburgh,United States of America,Transportation,Seed,100,1193,27,100,57,2023-02-22,02/23/2023,Unknown,
layoff_03617,Sage Therapeutics copy,Boston,United States of America,Healthcare,Post-IPO,130,399,,,438,09/15/2023,YYYY-00-DD 00:00:SS,Unknown,
layoff_00233,  Glassdoor  ,San Francisco,us,HR,Acquired,1000,700,300,30,204,2020-05-07,YYYY-00-DD 00:00:SS,Unknown,
layoff_04313,Bolt,SF Bay Area,United States,  finance, Series E ,500,455,50,10,1300,01-24-23,YYYY-00-DD 00:00:SS,Unknown,
layoff_05534,C6 Bank,sao paulo ,Brazil,Finance,Unknown,1000,72,60,6,20,06-Apr-2020,04/06/2020,Unknown,
layoff_00509,Bright Machines, San Francisco  ,United States,Data,Unknown,375,345,30,8,250,2022-06-28,YYYY-00-DD 00:00:SS,Private,
layoff_00308, LIGHTER CAPITAL  , Seattle  ,United States,Finance,Series B,45,23,22,49,15,2020-07-20,YYYY-00-DD 00:00:SS,Unknown,
layoff_05424,PicoBrew,Seattle,United States,Food,Series A,650,,68,100,15,04-30-20,YYYY-00-DD 00:00:SS,Unknown,
layoff_05110,Ziroom  ,Beijing,China,Real Estate,UNKNOWN,2600,450,40,,2100,"June 10, 2022",YYYY-00-DD 00:00:SS,Unknown,
layoff_03246,Docker,SF BAY AREA  ,United States of America,Infrastructure,Series C,100,2090,96,10,,10-29-24,YYYY-00-DD 00:00:SS,Unknown,
layoff_03520,Sportradar,St. Gallen,Switzerland,Data,Post-IPO,7143,1329,100,10,84,"November 02, 2023",01-24-24,Unknown,
layoff_05590,AngelList,SF Bay Area,United States,RECRUITING ,Series B,16000,19998,20,7%,26,03-31-20,2020-04-06,Unknown,
layoff_01285,Milkbasket,Gurugram,India,Food,Acquired,597,197,400,67,39,2023-07-27,07-29-23,Unknown,
layoff_01246,TrueCar,Los Angeles,United States, transportation ,Post-IPO,425,323,102,24,340,06-14-23,YYYY-00-DD 00:00:SS,Unknown,
layoff_05658,Service,Los Angeles,USA,,Seed,1333,154,1300,100%,5.1,03-16-20,YYYY-00-DD 00:00:SS,Unknown,
layoff_00221,Loopio,Toronto,Canada, sales ,Series A,138,127,11,8,11,05/04/2020,YYYY-00-DD 00:00:SS,Unknown,
layoff_03044,Teads,New York City,United States,Marketing,Unknown,1800,161,180,10,123,12/04/2025,2025-12-10,Unknown,
layoff_02669,Affirm, SAN FRANCISCO,n/a,"Fintech, loans",Unknown,3333,2375,100,1,1400,11-03-22,YYYY-00-DD 00:00:SS,Public,
layoff_00245,Kickstarter,New York City,United States,Finance,Unknown,139,114,25,18%,10,13-May-2020,YYYY-00-DD 00:00:SS,Unknown,
layoff_04785,  Divvy Homes  ,SF Bay Area  ,United States,Real Estate,Series B,333,3840,40,12%,180,"September 27, 2022",YYYY-00-DD 00:00:SS,Unknown,
layoff_04861,Pix,SF Bay Area,U.S.,FOOD ,Unknown,1500,0,58,21,2000,24-Aug-2022,08/24/2022,Unknown,
layoff_05345,Ethos Life, SF Bay Area  ,United States,Finance,,129,773,,14,106,06-05-20,YYYY-00-DD 00:00:SS,Unknown,
layoff_00880,Motive,San Francisco,United States of America,Transportation,Series F,3950,3713,237,6,567,12-07-22,YYYY-00-DD 00:00:SS,Private,
layoff_05459,Zum, SF BAY AREA  ,United States,Transportation,Series C,2000,61,28,100%,,"April 20, 2020",YYYY-00-DD 00:00:SS,Unknown,
layoff_05265, Rubica ,Seattle,U.S.,Security,Series A,464,614,20,100%,14,05-Nov-2020,YYYY-00-DD 00:00:SS,Unknown,
layoff_04188,Twilio,SF Bay Area,United States,,Post-IPO,8824,7367,1500,,614,2023-02-13,YYYY-00-DD 00:00:SS,Unknown,
layoff_01122,Symend,Calgary,Canada,Other,  SERIES C,200,150,50,25,148,"March 17, 2023",23-Mar-2023,,
layoff_00019,Jama,Portland,USA,Product,Unknown,240,228,12,5,233,"March 25, 2020",2020-03-28,Unknown,
layoff_01407,Delivery Hero,Berlin,Germany,Food, Post-IPO  ,20833,794,70,44%,10,12/18/2023,2023-12-18,Unknown,
layoff_02463,Daily Harvest, New York City  ,United States,"Food delivery, ecommerce",Series D,1857,,130,15,120,"August 08, 2022",YYYY-00-DD 00:00:SS,Private,
layoff_04890,Calm,SF Bay Area,,Healthcare,Series C,450,425,90,20%,218,2022-08-11,YYYY-00-DD 00:00:SS,Unknown,
layoff_03811,Buzzer,New York City,United States,Consumer,Series A,1143,1567,670,100%,,"June 30, 2023",YYYY-00-DD 00:00:SS,Unknown,
layoff_02074,ShareChat,Bengaluru,India,Marketing,Series D,540,,27,5%,222,15-Jan-2025,YYYY-00-DD 00:00:SS,Unknown,
layoff_01024,Workday, PLEASANTON ,U.S.,HR  ,Post-IPO,17500,16975,525,,230,01-31-23,YYYY-00-DD 00:00:SS,Unknown,
layoff_03962,Cars24,Jakarta,,Transportation,SERIES G  ,3273,588,100,90%,1300,05-03-23,YYYY-00-DD 00:00:SS,Unknown,
layoff_03219,Epicery,  Paris ,France,Food,acquired,1000,29,124,100%,7,31-Dec-2024,01/04/2025,Unknown,
layoff_03385,getaround ,  sf bay area,United States,Transportation  ,Post-IPO,329,3713,600,30,948,02/08/2024,YYYY-00-DD 00:00:SS,Unknown,
layoff_04245,Desktop Metal,Boston,us,Other,Post-IPO,2000,842,1000,4,811,02-02-23,YYYY-00-DD 00:00:SS,Unknown,
layoff_00836,Kitopi,Dubai,United Arab Emirates, Food,  SERIES C  ,930,837,93,10,804,"November 21, 2022",YYYY-00-DD 00:00:SS,Unknown,
layoff_04552,StudySmarter,Berlin,Germany,Education,Series A,172,37,70,19,64,11/30/2022,YYYY-00-DD 00:00:SS,Unknown,
layoff_01434,Here,Miami,U.S.,Real Estate,  Seed,2500,450,29,100,5,"January 08, 2024",09-Jan-2024,Unknown,
layoff_02588,Gopuff,Philadelphia,N/A,E-commerce,Unknown,150,1195,2300,20%,7,10/21/2022,YYYY-00-DD 00:00:SS,Private,
layoff_01006,Glisser,London,United Kingdom,Travel,  unknown ,25,0,25,100,1,01-26-23,YYYY-00-DD 00:00:SS,Unknown,
layoff_05600,Starship Technologies,Tallinn,Estonia,Transportation,Series A,145,280,30,30,82,2020-03-30,YYYY-00-DD 00:00:SS,Unknown,
layoff_04718,Philips,Amsterdam,Netherlands,Healthcare,Post-IPO,80000,1594,4000,,,"October 24, 2022",YYYY-00-DD 00:00:SS,Unknown,
layoff_01573,Everybuddy,Tel Aviv,Israel,  CONSUMER ,Series A,105,68400,1800,100,15,2024-02-13,YYYY-00-DD 00:00:SS,,
layoff_05523,Slice Labs,New York City,United States,Finance, SERIES A,2000,196,50,3,35,08-Apr-2020,YYYY-00-DD 00:00:SS,Unknown,
layoff_02884,Adda247,Gurugram,India,,Series B,1000,273,200,20%,61,10-May-2026,YYYY-00-DD 00:00:SS,Unknown,
layoff_02836,Veritone,Los Angeles,USA,AI,Post-IPO,444,436,,25,514,"June 10, 2026",YYYY-00-DD 00:00:SS,Unknown,
layoff_05568,Atlanta Tech Village,Atlanta,us,Real Estate,  Unknown ,1000,,200,50,347,2020-04-02,04-04-20,Unknown,
layoff_00609,Nylas,San Francisco,USA,Product,Series C,320,240,80,25%,175,"August 02, 2022",YYYY-00-DD 00:00:SS,Private,
layoff_03277, Five9 ,SF Bay Area,U.S.A.,Support,Post-IPO,2714,0,190,7,,2024-08-20,YYYY-00-DD 00:00:SS,Unknown,
layoff_00900,EDGIO,Phoenix,United States,Infrastructure,  POST-IPO ,950,855,95,10,462,2022-12-13,YYYY-00-DD 00:00:SS,Unknown,
layoff_02552,Fast,San Francisco,,Fintech,Unknown,400,1416,400,100%,2,"April 05, 2022",04/05/2022,Private,
layoff_01754, KARHOO  ,London,United Kingdom,,Acquired,1875,18333,3000,100,39,2024-05-16,YYYY-00-DD 00:00:SS,Unknown,
layoff_01048,Equitybee,Palo Alto,us,Finance,Series B,96,72,24,25,85,02/08/2023,02-08-23,Unknown,
layoff_01847,Koo,  BENGALURU ,India,Consumer,Unknown,294,1140,400,100%,51,02-Jul-2024,YYYY-00-DD 00:00:SS,Unknown,
layoff_04575,Zilch,London,United Kingdom,Finance, Unknown ,285,2587,63,,389,"November 26, 2022",YYYY-00-DD 00:00:SS,Unknown,
layoff_05115,Starship,SF Bay Area,United States,Transportation,Series B,18750,462,16,11,197,"June 09, 2022","June 14, 2022",,
layoff_00731,Faire,San Francisco,United States,Retail,Series G,1200,1116,84,7%,1700,10/18/2022,YYYY-00-DD 00:00:SS,Unknown,
layoff_01850,Microsoft,Seattle,,Other,Post-IPO,450,39,300,100,1,07-03-24,YYYY-00-DD 00:00:SS,Unknown,
layoff_03675,spartan poker,  kolkata ,India,Consumer,Unknown,312,,125,40,26,08/19/2023,YYYY-00-DD 00:00:SS,Unknown,
layoff_00951,Blockchain.com,London,United Kingdom,Crypto, Series D  ,393,283,110,28,490,01-12-23,YYYY-00-DD 00:00:SS,Unknown,
layoff_03417,chargepoint  ,SF Bay Area,United States, Manufacturing,  Unknown,2000,64,220,12,,10-Jan-2024,YYYY-00-DD 00:00:SS,Unknown,
layoff_00747,Embroker,San Francisco,United States,Finance,Series C,250,220,30,12%,142,2022-10-25,YYYY-00-DD 00:00:SS,Private,
layoff_00907,Freshworks,  SAN MATEO  ,United States,Support,Post-IPO,4500,4410,90,2,484,12-15-22,YYYY-00-DD 00:00:SS,Unknown,
layoff_02099,Tabnine,Tel Aviv,Israel,  ai,Series B,83,68,15,18,57,05-Feb-2025,06-Feb-2025,Unknown,
layoff_00863,Netlify,San Francisco,United States,Product,,300,252,48,16,212,12/01/2022,YYYY-00-DD 00:00:SS,Unknown,
layoff_03329,Google,,United States,,Post-IPO,429,73615,57,100,26,05/10/2024,YYYY-00-DD 00:00:SS,Unknown,
layoff_02605,Rev.com,San Francisco,-,"Speech recognition, artificial intelligence",Unknown,436,342,85,,1,2022-10-07,07-Oct-2022,Private,
layoff_01776,ICANN,Los Angeles,United States,Infrastructure,Unknown,471,438,33,,1100,"May 30, 2024",YYYY-00-DD 00:00:SS,Unknown,
layoff_05655,Anyvision,Tel Aviv,Israel,,Series A,6000,976,100,37%,74,19-Mar-2020,YYYY-00-DD 00:00:SS,Unknown,
layoff_04607,Infogrid,London,United Kingdom,Other,Series A,258,1820,150,,15,16-Nov-2022,YYYY-00-DD 00:00:SS,Unknown,
layoff_03189,Autodesk,SF Bay Area,us,Other,Post-IPO,15000,,1350,9,152,"February 27, 2025",YYYY-00-DD 00:00:SS,,
layoff_01990,Docker,,United States,Infrastructure,Series C,308,120,134,,436,29-Oct-2024,2024-10-29,,
layoff_03181,Niantic,SF Bay Area,United States,Other,Series D,8667,690,68,40%,770,2025-03-25,YYYY-00-DD 00:00:SS,Unknown,
layoff_01944,Aakash,New Delhi,India,Education,Acquired,176,2813,80,35,477,09/18/2024,YYYY-00-DD 00:00:SS,Unknown,
layoff_00542,Syte,Tel Aviv,Israel,Retail,Series C,163,150,13,8,71,07-05-22,YYYY-00-DD 00:00:SS,Unknown,
layoff_00879,Loft,Sao Paulo,Brazil,Real Estate ,Unknown,2600,,312,,788,"December 07, 2022",12/08/2022,Unknown,
layoff_01595,Tails.com,London,United Kingdom,Retail,Series A,220,165,55,25,5,02/20/2024,02-21-24,Unknown,
layoff_03237,Enphase Energy,SF Bay Area,U.S.,Energy,Post-IPO,2941,444,500,17,116,"November 11, 2024",YYYY-00-DD 00:00:SS,Unknown,
layoff_05096,  Circulo Health  ,Columbus,United States,,Series A,1000,1632,56,50,50,06/16/2022,YYYY-00-DD 00:00:SS,Unknown,
layoff_02788,Alarum,Tel Aviv,Israel,Security,Post-IPO,464,292,125,22%,34,"July 12, 2026",YYYY-00-DD 00:00:SS,Unknown,
layoff_00323,Waze,Palo Alto,United States of America,Transportation,Acquired,600,570,30,,67,09-Sep-2020,YYYY-00-DD 00:00:SS,Unknown,
layoff_01647,Dell,Austin,United States,Hardware,Post-IPO,120000,114000,6000,5,204,"March 25, 2024",YYYY-00-DD 00:00:SS,Unknown,
layoff_01629,Totango,Redwood City,United States,Support,Acquired,333,1562,155,5%,,03-07-24,07-Mar-2024,Unknown,
layoff_01011,Shakepay,Montreal,Canada,Crypto,Series A,84,63,21,25,45,2023-01-27,01-28-23,Unknown,
layoff_03893,Staffbase,Chemnitz,Germany,Other,Series E,7273,225,90,100%,307,06/02/2023,YYYY-00-DD 00:00:SS,Unknown,
layoff_02867,Meta,SF Bay Area,United States,Consumer,Post-IPO,80000,73615,8000,10,26000,05-20-26,20-Apr-2026,Unknown,
layoff_02437,  SADA ,Los Angeles,United States,"Cloud computing, IT",Acquired,262,250,180,11,51,"November 08, 2022",2022-11-09,Private,
layoff_03764,Code42,Minneapolis,United States, Security  ,UNKNOWN,200,380,120,10%,137,07-17-23,YYYY-00-DD 00:00:SS,Unknown,
layoff_02562,CommonBond,NEW YORK ,Unknown,"FinTech, loan repayments",Unknown,760,469,20,100,1.5,2022-09-09,YYYY-00-DD 00:00:SS,Private,
layoff_05053,CommentSold,Huntsville,U.S.A.,Retail,Unknown,200,92,800,,297,"June 29, 2022",YYYY-00-DD 00:00:SS,Unknown,
layoff_00783,SaleSan Francisco Bay Areaorce,San Francisco,USA, sales  ,Post-IPO,100000,99000,1000,,65,07-Nov-2022,11-07-22,Unknown,
layoff_00228,Workable,Boston,United States,HR,Series C,250,225,25,10,84,05-May-2020,YYYY-00-DD 00:00:SS,Unknown,
layoff_02063,Microsoft,Seattle,United States,Other,Post-IPO,4200,1253,13,7%,,"January 07, 2025",YYYY-00-DD 00:00:SS,Unknown,
layoff_03524, OLIVE ,Columbus,United States,Healthcare,Series H,723,9500,150,100,856,31-Oct-2023,2023-11-02,Unknown,
layoff_04652,Meta,SF Bay Area,United States,Consumer,Post-IPO,84615,99,11000,13,26000,"November 09, 2022",2022-11-09,Unknown,
layoff_00405,Buenbit,Buenos Aires,Argentina,Crypto,Series A,178,98,80,45%,11,"May 23, 2022",YYYY-00-DD 00:00:SS,Unknown,
layoff_02867,Meta,SF Bay Area,United States,Consumer,Post-IPO,80000,73615,8000,10,26000,05-20-26,20-Apr-2026,Unknown,
layoff_02861,Webflow,SF Bay Area,United States,Marketing,Series C,500,513,200,10,335,05/27/2026,YYYY-00-DD 00:00:SS,Unknown,
layoff_02583,Weedmaps,"Irvine, CA",Unknown,"Marijuana, marketing",Unknown,500,383000,175,7,2,12/06/2022,"December 06, 2022",Private,
layoff_02233,Recruit Holdings ( Indeed. Glassdoor),Austin,United States,Job Search,Unknown,943,61,1300,6,496,07/10/2025,YYYY-00-DD 00:00:SS,Unknown,
layoff_03253,Gigamon,  sf bay area,U.S.A.,Data,Acquired,5000,809,69,8,23,10-15-24,10-16-24,Unknown,
layoff_02563,The Wing,New York,N/A,Coworking,  UNKNOWN,1214,268,250,100,50,31-Aug-2022,YYYY-00-DD 00:00:SS,Private,
layoff_04904,DailyPay,New York City,United States,Finance,Unknown,167,83,58,15,814,08/09/2022,YYYY-00-DD 00:00:SS,Unknown,
layoff_03152,VerSe Innovation, BENGALURU ,India,Media,Series J,615,114,350,20%,1700,05/18/2025,YYYY-00-DD 00:00:SS,Unknown,
layoff_04721,Volta,SF Bay Area,United States,Transportation,Post-IPO,279,192,92,54,575,"October 21, 2022",YYYY-00-DD 00:00:SS,Unknown,
layoff_01943, Runtastic ,Linz,Austria,Fitness,  acquired,273,2267,170,10,151,09-16-24,YYYY-00-DD 00:00:SS,Unknown,
layoff_05196,Humble, sf bay area  ,United States,Media,Acquired,1950,0,10,19,,04/15/2022,YYYY-00-DD 00:00:SS,Unknown,
layoff_04651,ZenBusiness,Austin,U.S.A.,,Series C,822,467,100,20,277,10-Nov-2022,11-Nov-2022,Unknown,
layoff_04480,Modern Treasury,SF Bay Area,us,Finance,Series C,495,,40,18,183,12-16-22,12/21/2022,Unknown,
layoff_00403,Airtime,New York City,United States, Consumer  ,Series B,150,120,30,20,33,"May 23, 2022",08/17/2022,Unknown,
layoff_00062,Aqua Security, Tel Aviv  ,Israel,Security,Series C,267,243,24,9,100,2020-04-01,YYYY-00-DD 00:00:SS,Unknown,
layoff_05220,Protonn,Bengaluru,India,,Seed,2600,,500,100%,9,01/20/2022,12/04/2023,Unknown,
layoff_04170,DocuSign,  SF BAY AREA,United States,Sales,Post-IPO,6800,900,680,10,536,16-Feb-2023,YYYY-00-DD 00:00:SS,Unknown,
layoff_01386,TomTom,Lodz,Poland,Transportation,Post-IPO,1500,300,45,100,403,12-12-23,19-Dec-2023,Unknown,
layoff_04033,  Hulu ,Beijing,China,Media,,500,150,200,20%,683,2023-03-30,YYYY-00-DD 00:00:SS,Unknown,
layoff_02420,Jellyfish US,Boston,Unknown,"engineering, software",Unknown,818,243,45,9,212,01-13-23,2023-01-13,Private,
layoff_01328,Chargebee,North Bethesda,United States of America,Finance,Series H,1000,900,100,10%,468,"September 11, 2023",YYYY-00-DD 00:00:SS,Unknown,
layoff_02945,Monte Carlo,SF BAY AREA ,United States,Data,,4200,175,22,30,236,26-Mar-2026,YYYY-00-DD 00:00:SS,Unknown,
layoff_04386,Ignition,Sydney,Australia,finance  ,Series C,96,307,,10%,74,2023-01-16,YYYY-00-DD 00:00:SS,Unknown,
layoff_00227,Stack Overflow,New York City,United States,HR,Series D,267,,40,15,68,2020-05-05,YYYY-00-DD 00:00:SS,Unknown,
layoff_02372,Eidos-Montreal,Montreal,Canada,Gaming,Unknown,400,91,400,100,39,12/02/2025,12-02-25,Unknown,
layoff_03167,Zopper,  Noida  ,India,,Series D,700,0,100,10,125,17-Apr-2025,YYYY-00-DD 00:00:SS,Unknown,
layoff_01561,Fireblocks,New York City,United States, Crypto  ,Series E,667,647,20,3,1,02/07/2024,YYYY-00-DD 00:00:SS,Unknown,
layoff_04710,Spreetail,austin,United States,RETAIL  ,Unknown,397,,10,13,224,10/27/2022,YYYY-00-DD 00:00:SS,Unknown,
layoff_03034,Sapiens,Tel Aviv,Israel,finance, ACQUIRED  ,4667,1567,700,,88,2025-12-28,12-31-25,Unknown,
layoff_05391,Mixpanel,SF Bay Area,us, DATA,Series B,342,930,65,19,77,"May 12, 2020",YYYY-00-DD 00:00:SS,Unknown,
layoff_04990,Capsule,New York City,United States, healthcare ,Series D,1260,326,105,13,570,07/19/2022,07-20-22,Unknown,
layoff_01840,Priceline,Norwalk,United States,Travel,Acquired,606,503,103,17,77,06-28-24,YYYY-00-DD 00:00:SS,,
layoff_02122,NetEase,Tokyo,Japan,Consumer,Post-IPO,1129,0,100,8,9400,"February 22, 2025","February 23, 2025",Unknown,
layoff_05015,Alice,Sao Paulo,Brazil, healthcare  , series c  ,783,53,63,20,,"July 11, 2022",07-13-22,Unknown,
layoff_05571,The Modist,Dubai,United Arab Emirates,Retail,  unknown  ,833,180,22,100,365,04/02/2020,YYYY-00-DD 00:00:SS,Unknown,
layoff_00139,Frontdesk,Milwaukee,United States,Travel,Unknown,219,184,35,16,3,2020-04-10,YYYY-00-DD 00:00:SS,Unknown,
layoff_02594,FreshDirect," the bronx, ny",Unknown,"FOOD DELIVERY, ECOMMERCE  ",Unknown,1857,,40,5,120,"August 25, 2022",YYYY-00-DD 00:00:SS,Private,
layoff_04875,Fluke, SAO PAULO,Brazil,  OTHER,Seed,101,7200,83,82,704,08/17/2022,YYYY-00-DD 00:00:SS,Unknown,
layoff_05625,Lyric,SF Bay Area,U.S.A.,  REAL ESTATE ,Series B,250,400,,100,179.1,25-Mar-2020,YYYY-00-DD 00:00:SS,Unknown,
layoff_01587,Storytel,Stockholm,Sweden,Consumer,Post-IPO,615,535,80,13,312,02-15-24,YYYY-00-DD 00:00:SS,Unknown,
layoff_01349,SchoolMint,San Francisco,United States,Education,Acquired,207,178,29,14,8,"October 05, 2023","October 05, 2023",Unknown,
layoff_05159,Lacework,SF Bay Area,U.S.,,Series D,1500,506,300,20,1900,2022-05-25,YYYY-00-DD 00:00:SS,Unknown,
layoff_03398,  TECHCRUNCH ,,U.S.A.,Media,Acquired,465,0,7,10,121900,01-30-24,YYYY-00-DD 00:00:SS,Unknown,
layoff_00827,Juni,Gothenburg,Sweden,Finance,Unknown,218,146,72,33,281,2022-11-17,YYYY-00-DD 00:00:SS,Unknown,
layoff_02183,Stem,San Francisco,United States,Energy,Post-IPO,2941,6400,500,27,583,2025-04-29,YYYY-00-DD 00:00:SS,Unknown,
layoff_04309,Noom,New York City,U.S.A.,Fitness,Series F,367,4200,800,15,657,01-25-23,01-26-23,Unknown,
layoff_02753,Quanergy Systems,"Sunnyvale, CA",Unknown,Autonomous vehicles,Unknown,9400,18000,72,1,212,14-Dec-2022,YYYY-00-DD 00:00:SS,Public,
layoff_02334,IBM,New York City,United States,IT Services and IT Consulting,Unknown,600000,,108,3%,45,2025-11-04,YYYY-00-DD 00:00:SS,Unknown,
layoff_02770,Dutch,SF Bay Area,United States,Other,Series B,800,569,110,20%,43,26-Jul-2026,27-Jul-2026,Unknown,
layoff_03748,AppHarvest,Lexington,United States,Food, post-ipo,0,246,100,,692,"July 24, 2023",YYYY-00-DD 00:00:SS,Unknown,
layoff_02767,BitMart,New York City,us,Crypto,Series B,233,4940,20,100,10,07-27-26,YYYY-00-DD 00:00:SS,Unknown,
layoff_02358,thescore  ,Toronto,Canada,Spectator Sports,Unknown,85000,538,54,7%,6,11-21-25,"November 21, 2025",Unknown,
layoff_05411,Trivago,Dusseldorf,Germany,Travel,Acquired,591,6233,80,42,55,05/04/2020,YYYY-00-DD 00:00:SS,,
layoff_01807,Moovit,Ness Ziona,Israel,Transportation,Acquired,230,207,23,10,131,"June 16, 2024",16-Jun-2024,Unknown,
layoff_05440,Welkin Health,SF Bay Area,United States,Healthcare,Series B,30,360,10,33,29,"April 24, 2020",YYYY-00-DD 00:00:SS,Unknown,
layoff_00110,GROUP NINE MEDIA,New York City,United States,  MEDIA ,Unknown,714,664,50,7%,190,07-Apr-2020,YYYY-00-DD 00:00:SS,Unknown,
layoff_02026,Own,New York City,United States,Data,Acquired,300,,200,,507,2024-11-19,YYYY-00-DD 00:00:SS,Unknown,
layoff_02837,Shopee,Singapore,Singapore,Food,Unknown,650,187,100,8%,1900,06-10-26,"June 10, 2026",Unknown,
layoff_05506,Monzo,Las Vegas,United States,Finance,Series F,882,567,165,20,324,09-Apr-2020,YYYY-00-DD 00:00:SS,Unknown,
layoff_01087,Amount,Chicago,United States,Finance,Unknown,520,390,130,25,,2023-02-27,YYYY-00-DD 00:00:SS,Unknown,
layoff_02796,  MICROSOFT  ,,U.S.,Other,Post-IPO,240000,264,4800,2,1,2026-07-06,YYYY-00-DD 00:00:SS,Unknown,
layoff_03825, PLEX ,SF Bay Area,United States, Media ,Unknown,185,397,,20,81,2023-06-28,06-28-23,,
layoff_03138,Blip,bengaluru,India,RETAIL  ,Unknown,4500,,100,100,,2025-07-12,07/15/2025,Unknown,
layoff_03006,Amazon,Seattle,United States,Retail,Post-IPO,750,20,16000,2,8100,28-Jan-2026,YYYY-00-DD 00:00:SS,Unknown,
layoff_00520,Rows,Berlin,Germany,Other,Series B,60,,18,30,25,2022-06-29,YYYY-00-DD 00:00:SS,Unknown,
layoff_04229,Kyruus,Boston,,Healthcare,,200,,70,,183,02-05-23,YYYY-00-DD 00:00:SS,Unknown,
layoff_03819, MERAMA ,Mexico City,Mexico,Retail,Series B,839,279,100,10%,445,29-Jun-2023,YYYY-00-DD 00:00:SS,Unknown,
layoff_04634,Shopee,Jakarta,Indonesia,Food,  unknown ,4000,0,9,30,45,11-14-22,YYYY-00-DD 00:00:SS,Unknown,
layoff_03003,Peloton, NEW YORK CITY  ,United States,Fitness,Post-IPO,14000,4200,55,11%,1900,01/30/2026,02-03-26,Unknown,
layoff_00372,  FACILY  ,Sao Paulo,Brazil,Retail,Series D,867,607,260,30,502,04-20-22,YYYY-00-DD 00:00:SS,Unknown,
layoff_03604,Appsmith,SF Bay Area,United States,Unknown,Series B,140,187,35,25,51,"September 22, 2023",YYYY-00-DD 00:00:SS,Unknown,
layoff_04995,Vimeo,New York City,United States,Consumer,Post-IPO,473,3700,22,6%,450,07/18/2022,YYYY-00-DD 00:00:SS,Unknown,
layoff_00607,Glossier,New York City,,Retail,Series E,238,219,19,8,266,2022-08-02,YYYY-00-DD 00:00:SS,Unknown,
layoff_00898,Xentral,Munich,Germany,Product,Series B,200,,20,10,94,12/10/2022,2022-12-13,Unknown,
layoff_04215,Koho,Toronto,Canada,Finance,Series D,88,15,104,,278,08-Feb-2023,YYYY-00-DD 00:00:SS,Unknown,
layoff_01511,Cova,  lagos,Nigeria,Finance,Unknown,1583,205,50,,42,01/25/2024,YYYY-00-DD 00:00:SS,Unknown,
layoff_02449,Thirty Madison,Greater New York area  ,n/a,"health care, wellness",unknown ,300,1725,50,13,112,18-Aug-2022,YYYY-00-DD 00:00:SS,Private,
layoff_00576,Forma.ai,Toronto,Canada,Sales,Series B,167,152,15,9%,58,2022-07-20,26-Jul-2022,Unknown,
layoff_00987,MediBuddy,Bengaluru,India,Healthcare,Acquired,2500,2300,200,8,192,"January 20, 2023",YYYY-00-DD 00:00:SS,Unknown,
layoff_02678,TechTarget,"Newton, MA",Unknown,  Marketing  ,Unknown,1200,360,60,5,69,"December 08, 2022",2022-12-08,Public,
layoff_00899,Pluralsight,Salt Lake City,United States,Education,Acquired,2000,1600,400,20,192,12-Dec-2022,YYYY-00-DD 00:00:SS,,
layoff_04605,Homeward,Austin,United States,Real Estate,Unknown,1765,6091,80,25,501,"November 16, 2022",YYYY-00-DD 00:00:SS,Unknown,
layoff_01657,THEPEER ,Lagos,Nigeria,,Seed,2143,203,37,100%,2,02-Apr-2024,YYYY-00-DD 00:00:SS,,
layoff_01890,LegalZoom,Los Angeles,United States,Legal,,440,1350,130,15,952,08/07/2024,08-08-24,Unknown,
layoff_05631,Clever Real Estate,St. Louis,U.S.,Real Estate,Series A,6000,255,24,30,5,2020-03-25,YYYY-00-DD 00:00:SS,Unknown,
layoff_05153,Cerebral,SF Bay Area,U.S.A.,Healthcare,Series C,571,355,82,35,462,05/31/2022,YYYY-00-DD 00:00:SS,Unknown,
layoff_03428,Lever ,  SF Bay Area ,United States,Recruiting,Acquired,84,1133,200,4%,123,"January 05, 2024",01/07/2024,Unknown,
layoff_01791,Simpl,Bengaluru,India,Finance,Series B,258,1700,30,10,71,06/07/2024,"June 07, 2024",Unknown,
layoff_05109,Desktop Metal,Boston,United States,Other,,2100,950,100,12,811,"June 13, 2022",YYYY-00-DD 00:00:SS,Unknown,
layoff_04056,The Meet Group,New Hope,United States,Consumer,Acquired,200000,0,21,100%,266,03-24-23,YYYY-00-DD 00:00:SS,Unknown,
layoff_01957,Drata,San Diego,United States,Security,Series C,444,404,40,9,328,2024-09-26,YYYY-00-DD 00:00:SS,Unknown,
layoff_00226,  Juul  ,San Francisco,USA,Consumer,Unknown,3000,2100,900,30,,05-05-20,YYYY-00-DD 00:00:SS,Unknown,
layoff_03325,  replit,SF Bay Area,United States,,Unknown,150,733,30,20,222,"May 16, 2024",YYYY-00-DD 00:00:SS,Unknown,
layoff_00887,BUSER  ,Sao Paulo,Brazil,Transportation,Series C,533,,160,30,,08-Dec-2022,11-Dec-2022,Unknown,
layoff_03795,IntelyCare,Boston,United States,Healthcare,Series C,520,1388,290,20%,171,2023-07-10,YYYY-00-DD 00:00:SS,Unknown,
layoff_00203,Deliveroo,London,United Kingdom,Food,Series G,2447,2080,367,15,,04/28/2020,YYYY-00-DD 00:00:SS,Unknown,
layoff_01643,Orbotech,,Israel,Manufacturing,Acquired,2000,319,100,7,274,19-Mar-2024,YYYY-00-DD 00:00:SS,Unknown,
layoff_02139,LiveRamp,San Francisco,United States,Marketing,Post-IPO,1300,1235,65,5,16,03-05-25,YYYY-00-DD 00:00:SS,Unknown,
layoff_02460,Apollo,,Unknown,"developer APIs, enterprise software",Unknown,1200,510,30,15,868,"December 15, 2022",YYYY-00-DD 00:00:SS,Private,
layoff_02673,Amdocs,"Chesterfield, MO",Unknown,"CRM, enterprise software", unknown  ,23333,2144,700,3,204,01-02-23,"January 02, 2023",Public,
layoff_02368,TCS,Mumbai,India,IT Services and IT Consulting,Unknown,600000,588000,365,3%,1,01-Dec-2025,YYYY-00-DD 00:00:SS,Unknown,
layoff_04749,Udacity,SF Bay Area,us,  education ,,423,109,55,13,235,10-11-22,YYYY-00-DD 00:00:SS,Unknown,
layoff_00809,Ribbon,New York City,United States,Real Estate,Series C,200,30,170,85,405,11/14/2022,YYYY-00-DD 00:00:SS,Unknown,
layoff_05542,Velodyne Lidar,SF Bay Area,USA,transportation  ,Unknown,71,323,140,,225,04/03/2020,YYYY-00-DD 00:00:SS,Unknown,
layoff_00248, Integral Ad Science ,New York City,United States,Marketing,Acquired,700,630,70,10,116,"May 14, 2020",YYYY-00-DD 00:00:SS,Unknown,
layoff_02802, tiktok,Dublin,Ireland,Consumer,Acquired,312,4500,300,100,17,07-01-26,"July 05, 2026",Unknown,
,THINX ,new york city  ,U.S.A.,Retail, Acquired ,72,200,95,3,26,01/31/2024,2024-01-31,Unknown,
layoff_05211,Adaptive Biotechnologies,,United States,Healthcare,Post-IPO,833,743,100,12,406,"March 08, 2022",05/29/2022,Unknown,
layoff_00669,Smava,Berlin,Germany, Finance,Unknown,1000,900,100,10,188,08-31-22,YYYY-00-DD 00:00:SS,,
layoff_02677,Cisco,"San Jose, CA",Unknown,"enterprise software, SaaS",Unknown,82000,120,4100,5,39,16-Nov-2022,YYYY-00-DD 00:00:SS,Public,
layoff_04084,Meta,SF Bay Area,United States,Consumer,Post-IPO,1063,82,10000,20,26000,"March 14, 2023",YYYY-00-DD 00:00:SS,Unknown,
layoff_03060,Synopsys,SF Bay Area,United States,Other,Post-IPO,20000,5400,2000,10,1,11-12-25,YYYY-00-DD 00:00:SS,Unknown,
layoff_04930,Robinhood,SF Bay Area,United States,Finance,Post-IPO,3100,567,713,23,5600,02-Aug-2022,08/02/2022,Unknown,
layoff_04455,  PEGASYSTEMS,Boston,U.S.A.,HR,Post-IPO,6125,910,245,,724,03-Jan-2023,YYYY-00-DD 00:00:SS,Unknown,
layoff_01554,  MUVIN,Bengaluru,India,Finance,Seed,1214,60,137,100,4,"February 05, 2024",YYYY-00-DD 00:00:SS,Unknown,
layoff_00133,Matterport,Sunnyvale,United States,Data,Series D,265,,90,34,114,04/09/2020,04-09-20,Unknown,
layoff_04094,  TOUCAN, LOS ANGELES ,U.S.A.,Education,Series A,182,423,76,100%,150,03/09/2023,YYYY-00-DD 00:00:SS,Unknown,
layoff_02797,Amazon,Seattle,United States,Retail,Post-IPO,2000,,57,22,,2026-07-06,07-09-26,Unknown,
layoff_00675,Kuda,Lagos,Nigeria,Finance,Series B,460,437,23,5,91,09-02-22,09/05/2022,,
layoff_03191,Skybox Security,SF Bay Area,United States,Security,Private Equity  ,300,9500,300,,335,2025-02-24,YYYY-00-DD 00:00:SS,Unknown,
layoff_02347,AI Fleet,Austin,USA,Transportation,series b ,143,400,750,10,56,11-13-25,YYYY-00-DD 00:00:SS,Unknown,
layoff_02315,  google ,Sunnyvale,United States,Software Development,Unknown,20000,,50,14,245,10-02-25,YYYY-00-DD 00:00:SS,Unknown,
layoff_02908,Epidemic Sound,Stockholm,Sweden, Media ,Private Equity,455,460,150,33,509,2026-04-21,YYYY-00-DD 00:00:SS,Unknown,
layoff_04425,Till Payments,Sydney,Australia,finance ,Series C,10000,296,120,,95,2023-01-10,YYYY-00-DD 00:00:SS,Unknown,
layoff_04072,Grin,Sacramento,United States,Marketing,Series B,7517,330,35,,145,"March 21, 2023",YYYY-00-DD 00:00:SS,Unknown,
layoff_00838,Trax,Singapore,Singapore,Retail,Series E,1000,920,80,8,1000,22-Nov-2022,YYYY-00-DD 00:00:SS,,
layoff_03122,Astra,Bengaluru,India,Sales,Unknown,106,810,106,100,496,07-28-25,08/05/2025,Unknown,
layoff_04145,The Iconic,Sydney,Australia,Retail,Unknown,1150,279,69,6,,"February 23, 2023",2023-02-24,Unknown,
layoff_03677,Detectify,Stockholm,Sweden,Security,,176,57,30,5,42,08-18-23,YYYY-00-DD 00:00:SS,Unknown,
layoff_02317,HP,Ra'anana,Israel,  IT Services and IT Consulting  ,Unknown,600000,588000,100,2%,190,"October 12, 2025",10-12-25,Unknown,
layoff_02687,nCino,"Wilmington, NC",n/a,"Fintech, software",Unknown,1429,5633,100,7,,18-Jan-2023,YYYY-00-DD 00:00:SS,Public,
layoff_02954,Snowflake,SF Bay Area,U.S.,data ,Post-IPO,241,663,70,,2900,2026-03-19,YYYY-00-DD 00:00:SS,Unknown,
layoff_03155,Amazon,Seattle,us,Retail,Post-IPO,152,627,100,24,8100,"May 14, 2025",16-May-2025,Unknown,
layoff_02848,Skai,Tel Aviv,Israel,Marketing,  SERIES E ,500,188,100,,60,06/03/2026,06/07/2026,Unknown,
layoff_00489,Sourcegraph,San Francisco,United States,Product,Series D,300,,24,,,2022-06-21,YYYY-00-DD 00:00:SS,Unknown,
layoff_05390,Zeus Living,SF Bay Area,us,Real Estate, series b,146,84,73,50,79,12-May-2020,YYYY-00-DD 00:00:SS,Unknown,
layoff_02426, zenledger  ,"Bellevue, WA",n/a,"Blockchain, cryptocurrency",,1667,2108,100,10,169,12-09-22,YYYY-00-DD 00:00:SS,Private,
layoff_02034,Klub,Bengaluru,India,Finance,Unknown,400,,60,,35,"November 29, 2024",01-Dec-2024,Unknown,
layoff_01063,Electric,New York City,U.S.,Other,Series D,564,423,141,25,212,"February 13, 2023",YYYY-00-DD 00:00:SS,Unknown,
layoff_03882,Better.com,New York City,us, real estate  ,Unknown,6631,683,32,100,,06/07/2023,YYYY-00-DD 00:00:SS,Unknown,
layoff_05538,Astra,SF Bay Area,United States,Aerospace, UNKNOWN  ,160,120,40,25%,100,05-Apr-2020,YYYY-00-DD 00:00:SS,Unknown,
layoff_03394,Zuora,SF Bay Area,United States,Finance,Post-IPO,6500,,84,,647,01-31-24,02-02-24,Unknown,
layoff_00775,Shippo,San Francisco,United States,Logistics,Series E,300,240,60,20,154,2022-11-03,2022-11-03,Private,
layoff_03740,Akseleran,Jakarta,Indonesia,Finance,Series A,540,1380,60,32,,2023-07-27,"July 29, 2023",Unknown,
layoff_04951,Career Karma,SF Bay Area,United States,Education,SERIES B  ,182,16167,60,33,,07/28/2022,YYYY-00-DD 00:00:SS,Unknown,
layoff_02609,Talkdesk,San Francisco  ,Unknown,Customer service,Unknown,72,,300,17,200,19-May-2022,"May 19, 2022",Private,
layoff_01825,Ginkgo Bioworks,Boston,United States,Healthcare,Post-IPO,1143,743,400,35%,,"June 20, 2024",06/23/2024,Unknown,
layoff_01273,Freightos,Miami,us,,  post-ipo  ,385,335,50,13%,118,2023-07-12,YYYY-00-DD 00:00:SS,Unknown,
layoff_05275,Alto Pharmacy,SF Bay Area,United States,Healthcare,Series D,783,,47,6,356,29-Sep-2020,YYYY-00-DD 00:00:SS,Unknown,
layoff_01375,LOCO,Mumbai,India,,  acquired  ,111,71,40,,,"November 30, 2023",YYYY-00-DD 00:00:SS,,
layoff_02968,Supernal,Los Angeles,United States,Transportation,Unknown,370,1725,296,80,37,04-Mar-2026,YYYY-00-DD 00:00:SS,Unknown,
layoff_04334,Citrine Informatics,SF Bay Area,us,Data,Series C,81,2589,22,27%,64,"January 20, 2023",YYYY-00-DD 00:00:SS,Unknown,
layoff_00482,Aqgromalin,Chennai,India,Food,  unknown  ,267,187,80,,12,20-Jun-2022,06-21-22,Unknown,
layoff_03361,Chipper Cash,SF Bay Area,U.S.,Finance,Series C,7143,614,20,40,,15-Mar-2024,YYYY-00-DD 00:00:SS,Unknown,
layoff_02308,Accenture,Dublin,Ireland,Business Consulting and Services,Unknown,12000,11640,11000,,1700,"September 27, 2025",YYYY-00-DD 00:00:SS,Unknown,
layoff_04561,Bitfront,SF Bay Area,United States,Crypto,Unknown,274,171,10,100,23,29-Nov-2022,"November 30, 2022",Unknown,
layoff_05420,Care.com,Boston,United States,Consumer,Acquired,50,1395,81,6%,156,30-Apr-2020,05/01/2020,Unknown,
layoff_02855,SentinelOne,SF Bay Area,United States,Security,Post-IPO,2875,2850,230,8,696,"May 29, 2026",2026-05-29,Unknown,
layoff_02641,WorkRamp,"San Carlos, CA",Unknown,"Saas, enterprise software",Unknown,357,210,70,3,2,2022-09-15,YYYY-00-DD 00:00:SS,Private,
layoff_02719,Pluralsight,"Draper, UT",Unknown,"EdTech, IT",Unknown,2000,700,400,,52,12-Dec-2022,YYYY-00-DD 00:00:SS,Public,
layoff_04226,C6 Bank,Sao Paulo,Brazil,Finance,Unknown,120,72,4000,15%,2300,02-06-23,02/08/2023,Unknown,
layoff_03469,Veev,SF Bay Area,United States,Construction,Series D,280,1820,240,,597,11/26/2023,YYYY-00-DD 00:00:SS,Unknown,
layoff_02031,Hopper,Montreal,Canada,Travel,Unknown,243,900,100,2%,730,2024-11-22,YYYY-00-DD 00:00:SS,Unknown,
layoff_00260,Samsara,San Francisco,United States,,Series F,1667,1367,300,18,530,"May 20, 2020",YYYY-00-DD 00:00:SS,Unknown,
layoff_00132,LoopMe, London,United Kingdom,Marketing,Unknown,200,192,8,,32,04-09-20,YYYY-00-DD 00:00:SS,Unknown,
layoff_02051,Spotter,Los Angeles,United States,Other,Unknown,5400,131,115,100%,,2024-12-11,12-13-24,Unknown,
layoff_03269,Udemy,SF Bay Area,U.S.A.,Education,Post-IPO,170,4882,280,10,311,09-11-24,YYYY-00-DD 00:00:SS,Unknown,
layoff_01550,BillGO,Fort Collins,United States,Finance,Series B,400,1455,80,20,119,05-Feb-2024,YYYY-00-DD 00:00:SS,,
layoff_00478,Socure,Reno,United States,Finance,Series E,531,462,69,13%,646,06-17-22,YYYY-00-DD 00:00:SS,Unknown,
layoff_03391,Proofpoint,SF Bay Area,United States,  Security  ,  Acquired  ,4667,5723,280,6,885,01/31/2024,YYYY-00-DD 00:00:SS,Unknown,
layoff_00530,Canoo,Los Angeles,United States,Transportation,  post-ipo  ,967,909,58,6%,300,2022-07-01,YYYY-00-DD 00:00:SS,Unknown,
layoff_02335,Tripadvisor,Needham,United States,Travel Guidance Platform,Unknown,688,0,311,18,31,2025-11-04,YYYY-00-DD 00:00:SS,,
layoff_04351,Mudafy,Mexico City,Mexico,Real Estate,Series A,750,3840,312,70%,13,"January 19, 2023",01/20/2023,Unknown,
layoff_02005,Just Eat,Amsterdam,Netherlands,Food,Acquired,15000,14700,300,2,12,11/07/2024,YYYY-00-DD 00:00:SS,Unknown,
layoff_02911,Qt Company,Oslo,Norway,Product,Series B,209,,200,16,7,20-Apr-2026,YYYY-00-DD 00:00:SS,Unknown,
layoff_05307,Checkr,SF Bay Area,U.S.,HR,Series D,533,21340,64,12,309,07/23/2020,YYYY-00-DD 00:00:SS,Unknown,
layoff_01579,Wisense,Tel Aviv,Israel,Transportation,Unknown,71,252,45,100%,,2024-02-13,YYYY-00-DD 00:00:SS,Unknown,
layoff_05367,Uber,SF Bay Area,United States,Transportation,Post-IPO,23077,588,3000,13,24700,05/18/2020,YYYY-00-DD 00:00:SS,Unknown,
layoff_03810,VISTA GROUP  ,  AUCKLAND  ,New Zealand,,Post-IPO,500,30,200,6%,56,07-05-23,YYYY-00-DD 00:00:SS,Unknown,
layoff_00352,Homie,Salt Lake City,United States of America,Real Estate,Series B,410,291,119,29,35,02/14/2022,YYYY-00-DD 00:00:SS,Unknown,
layoff_04579,  muni tienda  ,Bogota,Colombia,Other,  Series A ,1400,748,120,100,,"November 23, 2022",YYYY-00-DD 00:00:SS,Unknown,
layoff_04142,EQRx,Boston,United States,Healthcare,,220,323,75,18,1900,"February 24, 2023",YYYY-00-DD 00:00:SS,Unknown,
layoff_02545,Medly Pharmacy,New York,N/A,,  UNKNOWN,236,976,80,50%,,07-Sep-2022,YYYY-00-DD 00:00:SS,Private,
layoff_04555,Elastic,SF Bay Area,United States,Data,Post-IPO,5450,6643,400,13,162,11-30-22,YYYY-00-DD 00:00:SS,Unknown,
layoff_05380,Sift,SF Bay Area,United States,Security,Series D,4167,335,177,,106,2020-05-14,YYYY-00-DD 00:00:SS,Unknown,
layoff_00210,Lyft,San Francisco,United States,Transportation,Post-IPO,5776,4794,982,17%,4900,04-29-20,04-29-20,Unknown,
layoff_01608,PropertyGuru,Singapore,Singapore,Real Estate,Post-IPO,200,360,79,,676,"February 27, 2024",YYYY-00-DD 00:00:SS,Unknown,
layoff_02211, AIRTIME,New York City,United States,Consumer,SERIES B ,58,33,25,,,06-04-25,"June 05, 2025",Unknown,
layoff_00678,Demandbase ,San Francisco,United States,Sales,Series H,900,873,27,,143,"September 07, 2022",YYYY-00-DD 00:00:SS,Unknown,
layoff_01674,Trendsales, Copenhagen  ,Denmark,Retail,Acquired,79,,79,100%,1400,08-Apr-2024,YYYY-00-DD 00:00:SS,Unknown,
layoff_02725,Sonder, San Francisco ,Unknown,Hospitality,Unknown,6154,5354,800,21%,,10-Jun-2022,YYYY-00-DD 00:00:SS,,
layoff_04921,StubHub,SF Bay Area,U.S.,Consumer,Acquired,2000,978,55,30%,59,2022-08-04,YYYY-00-DD 00:00:SS,Unknown,
layoff_02276,Krutrim,Bengaluru,India,AI,Unknown,40,240,50,,304,"September 01, 2025",YYYY-00-DD 00:00:SS,Unknown,
layoff_04531,Swyftx,Brisbane,Australia,Crypto,Unknown,225,270,90,40,,12-05-22,YYYY-00-DD 00:00:SS,Unknown,
layoff_00548,SQream,New York City ,United States,Data,Series B,167,137,30,18,77,06-Jul-2022,YYYY-00-DD 00:00:SS,Unknown,
layoff_02268,altera (intel) ,San Jose,United States,Semiconductor Manufacturing,Unknown,35000,33600,82,4%,2,12-Aug-2025,YYYY-00-DD 00:00:SS,Unknown,
layoff_01452,  AMAZON ,Seattle,United States,Retail,Post-IPO,2000,2700,200,,108,10-Jan-2024,YYYY-00-DD 00:00:SS,Unknown,
layoff_01225,ZipRecruiter,  los angeles,United States of America,  HR  ,Post-IPO,1350,1080,270,20,769,2023-05-31,YYYY-00-DD 00:00:SS,Unknown,
layoff_04887,Almanac,SF Bay Area,U.S.,Other,Series A,93,360,15,,,13-Aug-2022,YYYY-00-DD 00:00:SS,Unknown,
layoff_03573,Juniper Networks,SF Bay Area,United States,Hardware,  Post-IPO  ,11000,240,440,4%,39,10/06/2023,YYYY-00-DD 00:00:SS,Unknown,
layoff_03125,Tipalti,SF Bay Area,United States,Finance,Series F,882,111,25,10,565,07-24-25,YYYY-00-DD 00:00:SS,Unknown,
layoff_04414,HashiCorp, sf bay area  ,United States,Security,Post-IPO,311,450,69,,,01/11/2023,YYYY-00-DD 00:00:SS,,
layoff_00026,Consider.co,Mountain View,United States,Other,Seed,13,,13,100,,2020-03-26,YYYY-00-DD 00:00:SS,Unknown,
layoff_02674,Nutanix,San Jose,Unknown," data center, enterprise software",Unknown,6750,505,270,4%,376,2022-08-10,YYYY-00-DD 00:00:SS,Public,
layoff_03533,Virgio,Bengaluru,India,Retail,Series A,61,2115,20,33,10,2023-10-25,YYYY-00-DD 00:00:SS,Unknown,
layoff_01606,Apple,Cupertino,USA,Transportation,Post-IPO,360,614,700,10,,02-27-24,02-27-24,Unknown,
layoff_02881,One Identity,dresden ,Germany,Security,Unknown,778,342,41,7,,"May 11, 2026",YYYY-00-DD 00:00:SS,Unknown,
layoff_04494,Convene,New York City,,Real Estate,Unknown,3056,160,90,15,281,10-Dec-2022,YYYY-00-DD 00:00:SS,Unknown,
layoff_05471,CrowdRiff,Toronto,Canada,  Marketing ,,60,134,1000,15%,11,04/16/2020,YYYY-00-DD 00:00:SS,Unknown,
layoff_00727,FrontRow,Bengaluru,India,Education,Series A,173,43,130,75,17,10-12-22,YYYY-00-DD 00:00:SS,Unknown,
layoff_04860,Loop,  washington d.c. ,U.S.,Finance,,75,81,15,20,24,2022-08-24,YYYY-00-DD 00:00:SS,,
layoff_03039,Believer Meats, JERUSALEM  ,Israel,Food,Series B,2273,2080,68,4,389,11-Dec-2025,12-12-25,Unknown,
layoff_02998,Smartsheet,Seattle,us,Other,Post-IPO,2000,97000,102,23,152,02/04/2026,YYYY-00-DD 00:00:SS,Unknown,
layoff_05435,Migo,SF BAY AREA  ,United States,FINANCE ,series b  ,160,390,84,25,37,"April 28, 2020",YYYY-00-DD 00:00:SS,Unknown,
layoff_05507,Matterport,SF Bay Area,USA,Data,Series D,265,58800,90,34%,114,04/09/2020,04-14-20,Unknown,
layoff_00622,iRobot,BOSTON  ,U.S.A.,Consumer,  ACQUIRED  ,1400,1260,140,10,30,08/05/2022,08/05/2022,Unknown,
layoff_05416,Monese,Lisbon,Portugal,,Unknown,357,,35,100,80,2020-05-01,"June 01, 2020",Unknown,
layoff_04018,Practo,Bengaluru,India,Healthcare,,150,0,41,100,222,04-08-23,YYYY-00-DD 00:00:SS,Unknown,
layoff_03447,Tidal,  new york city,U.S.A.,  Consumer ,Acquired,400,4288,40,10%,,06-Dec-2023,YYYY-00-DD 00:00:SS,Unknown,
layoff_02410,ShipBob,Chicago,United States,"Shipping, Logistics",,300,150,30,,330,08/25/2022,08/26/2022,Private,
layoff_05101,crehana  ,Lima,Peru,Education,Series B,74,5633,1500,4,93,15-Jun-2022,YYYY-00-DD 00:00:SS,Unknown,
layoff_02741,  INVITAE  ,San Francisco,Unknown,"Health Care, Biotech",Unknown,473,3200,1000,7%,60,2022-07-18,YYYY-00-DD 00:00:SS,Public,
layoff_05461,Forward,SF Bay Area,United States,Healthcare,Series C,333,735,10,3,100,04-20-20,YYYY-00-DD 00:00:SS,Unknown,
layoff_02519,Shelf Engine,Seattle,United States,"Food Tech, Software, Grocery Tech",Series B,148,535,43,29,58,2022-07-29,YYYY-00-DD 00:00:SS,Private,
layoff_02140,Hewlett Packard Enterprise,Palo Alto,United States,Hardware,Post-IPO,50000,47500,2500,5%,1400,06-Mar-2025,YYYY-00-DD 00:00:SS,Unknown,
layoff_04166,Evernote,SF Bay Area,United States,Consumer,Acquired,473,,129,17,290,2023-02-17,02-27-23,Unknown,
layoff_00934,Minute Media,London,United Kingdom,,Series I,500,450,50,10,,2023-01-08,01/09/2023,,
layoff_00305,Zilingo,,Singapore,Retail,Series D,833,733,100,12,307,07/09/2020,YYYY-00-DD 00:00:SS,Unknown,
layoff_01717,Ninja Van,Singapore,Singapore,Transportation,Series E,210,189,21,10%,974,"April 29, 2024",07/03/2024,Unknown,
layoff_02381,Teads,New York City,United States,  ADVERTISING SERVICES,Unknown,1800,1620,180,10,,12/10/2025,"December 10, 2025",Unknown,
layoff_04873, VENDASTA,Saskatoon,Canada,Marketing,Series D,5000,513,75,5%,,2022-08-18,YYYY-00-DD 00:00:SS,Unknown,
layoff_03327,Singularity 6,Los Angeles,U.S.A.,Other,Series B,1150,1253,36,14,49,05-15-24,YYYY-00-DD 00:00:SS,Unknown,
layoff_05415,  Virtudent  ,  boston  ,United States,Healthcare,Series A,143,3200,70,5,,"May 01, 2020","May 01, 2020",,
layoff_01076,Chipper Cash,,USA,Finance,Series C,303,203,100,33,302,02/17/2023,YYYY-00-DD 00:00:SS,Unknown,
layoff_01277,Sarcos,Salt Lake City,United States, Aerospace ,Post-IPO,300,225,75,25%,316,07/17/2023,YYYY-00-DD 00:00:SS,Unknown,
layoff_02736,Volta Charging,San Francisco,Unknown,"automotive, electric vehicles  ",Unknown,330,1144,6650,54,15,10-21-22,21-Oct-2022,Public,
layoff_03091,Rivian,,us,Transportation,Post-IPO,20000,2913,,,10700,05-Sep-2025,09/08/2025,Unknown,
layoff_03666,Rivos,SF Bay Area,United States, Hardware ,Unknown,400,41,24,,204,"August 23, 2023",YYYY-00-DD 00:00:SS,Unknown,
layoff_04539,ShareChat,Bengaluru,India,CONSUMER,Unknown,909,33,100,12%,,12-02-22,YYYY-00-DD 00:00:SS,Unknown,
layoff_02502,Exodus,"Nebraska City, NE",N/A,"Cryptocurrency, blockchain",Unknown,268,3000,,,,"November 04, 2022",YYYY-00-DD 00:00:SS,Private,
layoff_03021,Aleph Alpha,Frankfurt,Germany,AI,Series B,312,66,50,16,534,"January 14, 2026",YYYY-00-DD 00:00:SS,Unknown,
layoff_04694,Argo AI,SF Bay Area,United States,,Unknown,556,570,259,100,3600,11-01-22,YYYY-00-DD 00:00:SS,Unknown,
layoff_03749,Arive,Munich,Germany,Retail,Unknown,168,733,9000,25,37,2023-07-24,YYYY-00-DD 00:00:SS,Unknown,
layoff_01105,Pristyn Care,Gurugram,India,Healthcare, SERIES E,2000,1700,300,15,177,"March 07, 2023",YYYY-00-DD 00:00:SS,Unknown,
layoff_04834,Sea,Singapore,Singapore,Consumer,Post-IPO,4818,,80,14,8600,09-02-22,YYYY-00-DD 00:00:SS,Unknown,
layoff_03513,Moore Threads,Beijing,China,Hardware,Series B,62900,45600,98,14%,50,06-Nov-2023,YYYY-00-DD 00:00:SS,Unknown,
layoff_04560,Bitso,Mexico City,Mexico,Crypto,Series C,200,120,100,,,"November 29, 2022",YYYY-00-DD 00:00:SS,Unknown,
layoff_00083,Sauce Labs,San Francisco,United States,Infrastructure,Unknown,200,170,30,,151,04/02/2020,YYYY-00-DD 00:00:SS,Unknown,
layoff_01067,DigitalOcean,New York City,United States,Infrastructure,Post-IPO,1818,1618,200,11,491,02-15-23,YYYY-00-DD 00:00:SS,Unknown,
layoff_00814,OwnBackup,New York City,United States,Security,Series E,1000,830,170,,507,2022-11-15,"November 17, 2022",Unknown,
layoff_00693,WorkRamp,San Carlos,,  HR,Series C,175,140,35,,67,2022-09-15,YYYY-00-DD 00:00:SS,Unknown,
layoff_01652,Ranger Insurance,new york city ,USA,Finance,Seed,2900,61,700,,5,04-01-24,YYYY-00-DD 00:00:SS,Unknown,
layoff_04098,Take-Two Interactive,New York City,U.S.A.,Consumer,Post-IPO,1111,1093,3600,,2700,03-07-23,YYYY-00-DD 00:00:SS,Unknown,
layoff_01141,Textio,  Seattle  ,United States,  HR,Unknown,125,,15,12,,04-03-23,YYYY-00-DD 00:00:SS,Unknown,
layoff_03982,Skill Lync,Chennai,India,Education,Series A,1250,1261,400,25,17,04/25/2023,YYYY-00-DD 00:00:SS,Unknown,
layoff_03273,Character.ai,SF Bay Area,United States,AI, series a,120,80,6,5,150,08/29/2024,09/01/2024,Unknown,
layoff_01525,Kiwi.com,Brno,Czech Republic,Travel,Unknown,1200,984,216,18,,"January 30, 2024",01-30-24,Unknown,
layoff_04261,  Omnipresent,London,United Kingdom,HR,Series B,88,,86,40,137,"February 01, 2023",YYYY-00-DD 00:00:SS,Unknown,
layoff_02060,Altruist,San Francisco,United States, Finance  ,Series E,370,,37,10%,449,01-07-25,01/07/2025,Unknown,
layoff_02183,Stem,San Francisco,United States,Energy,Post-IPO,2941,6400,500,27,583,2025-04-29,YYYY-00-DD 00:00:SS,Unknown,
layoff_02287,New Computer (Dot),Las Vegas,United States,AI companion app,Unknown,2812,683,300,100%,6,05-Sep-2025,YYYY-00-DD 00:00:SS,Unknown,
layoff_01062,Moladin,JAKARTA  ,Indonesia,Transportation,Series B,3273,2913,360,11%,138,02/12/2023,2023-02-13,Unknown,
layoff_00046,  FabHotels ,New Delhi,India, TRAVEL,Series B,400,320,80,20,48,03-30-20,YYYY-00-DD 00:00:SS,Unknown,
layoff_04015,Acxiom, Little Rock,us,Marketing,Post-IPO,6625,233,,,9,11-Apr-2023,YYYY-00-DD 00:00:SS,Unknown,
layoff_05209,Curology,SF Bay Area,United States of America,Healthcare,Series D,500,233,150,22,19,03-16-22,YYYY-00-DD 00:00:SS,Unknown,
layoff_00843,VerSe Innovation,Bengaluru,India,Media,Series J,3000,2850,150,5%,1700,"November 25, 2022",11/28/2022,Unknown,
layoff_00125,Spyce,  Boston  ,United States,Food,Series A,33,29,4,,26,04-08-20,YYYY-00-DD 00:00:SS,Unknown,
layoff_03205,Cushion,sf bay area  ,U.S.,Finance, SERIES A ,1118,397,300,100,20,01-30-25,YYYY-00-DD 00:00:SS,Unknown,
layoff_03279,AppLovin,SF Bay Area,USA,Marketing,Post-IPO,250,28,61,8,1600,2024-08-15,YYYY-00-DD 00:00:SS,Unknown,
layoff_01472,  Sisense ,New York City,United States,  DATA  ,,461,401,60,13,274,2024-01-11,YYYY-00-DD 00:00:SS,Unknown,
layoff_03086,Google,SF Bay Area,U.S.A.,Consumer,Post-IPO,1000,166,100,10,26,"October 01, 2025",YYYY-00-DD 00:00:SS,Unknown,
layoff_01605,WayCool,Chennai,India,  Food,Unknown,3571,,70,2,363,2024-02-26,YYYY-00-DD 00:00:SS,Unknown,
layoff_00912,Homebot,Denver,United States,Real Estate,,138,120,18,13,4,12/19/2022,YYYY-00-DD 00:00:SS,,
layoff_05577,Moovel, PORTLAND  ,us,Transportation,Unknown,76,5922,28,37%,10700,04/01/2020,YYYY-00-DD 00:00:SS,Unknown,
layoff_00258,Intercom,San Francisco,U.S.A.,Support,Series D,650,611,39,6,240,"May 20, 2020","May 20, 2020",Unknown,
layoff_01871,Webflow,San Francisco,United States,Marketing,,867,280,12,8,335,25-Jul-2024,"July 25, 2024",Unknown,
layoff_02064, Redfin  ,Seattle,U.S.A.,  Real Estate ,Post-IPO,33,293,450,30,320,2025-01-09,YYYY-00-DD 00:00:SS,Unknown,
layoff_04670,Domino Data Lab,SF Bay Area,us,Data,Series F,69,6930,84,25,,"November 07, 2022",YYYY-00-DD 00:00:SS,Unknown,
layoff_04365,Cypress.io,Atlanta,U.S.,product ,Series B,500,0,130,10%,54,"January 18, 2023",YYYY-00-DD 00:00:SS,Unknown,
layoff_02256,Atlassian,Sydney,Australia,Software Development,Post-IPO,238,18000,150,,210,"July 30, 2025",2025-07-30,Unknown,
layoff_02170,Meta, menlo park ,U.S.A.,Consumer,,850,120,100,16%,26000,"April 24, 2025",YYYY-00-DD 00:00:SS,Unknown,
layoff_00303,Katerra,Menlo Park,United States,Construction,Series E,5714,5314,400,7,1300,06/29/2020,"June 29, 2020",Unknown,
layoff_05576,Wonolo,SF Bay Area,us,Recruiting,series c ,354,1133,46,13,52,"April 01, 2020",YYYY-00-DD 00:00:SS,Unknown,
layoff_04838,Hippo Insurance,SF Bay Area,U.S.A.,Finance,Post-IPO,700,111,70,10,,"August 31, 2022",YYYY-00-DD 00:00:SS,Unknown,
layoff_01476,Hologram,chicago  ,United States,Infrastructure,  Unknown  ,950,0,,50%,82,2024-01-12,01-18-24,Unknown,
layoff_00411, KONTIST  ,Berlin,Germany,Finance,Series B,200,150,50,25,53,"May 25, 2022",YYYY-00-DD 00:00:SS,Unknown,
,HOMOLOGY ,Boston,U.S.,Healthcare,Post-IPO,1143,,90,4,187,"July 28, 2023",29-Jul-2023,Unknown,
layoff_00279,DESCARTES LABS ,  santa fe ,United States, DATA ,Series B,75,,12,,58,"June 02, 2020",YYYY-00-DD 00:00:SS,Unknown,
layoff_01079,Kinde,Sydney,Australia,Other,Seed,29,21,8,28,10,02-20-23,YYYY-00-DD 00:00:SS,Unknown,
layoff_01742,Simpl,Bengaluru,India,Finance,Series B,667,567,100,15,71,"May 08, 2024",YYYY-00-DD 00:00:SS,Unknown,
layoff_03564,Deepgram, SF Bay Area  ,U.S.,AI,Series B,100,380,20,20%,86,2023-10-11,YYYY-00-DD 00:00:SS,Unknown,
layoff_03997,TRM Labs,SF Bay Area,United States,Crypto,Series B,178,162,16,,,2023-04-18,05-05-23,Unknown,
layoff_05503,Geekwire,Seattle,,Media,Unknown,16,153,5,31%,81,04-10-20,"April 12, 2020",Unknown,
layoff_02491,Nate,New York,Unknown,E-commerce,Unknown,150,268,30,20,194,08-30-22,YYYY-00-DD 00:00:SS,Private,
layoff_00758,Equitybee,Palo Alto,United States of America,Finance,,125,100,25,20%,85,10/31/2022,YYYY-00-DD 00:00:SS,Unknown,
layoff_00513,StockX,  detroit ,United States,Retail,Series E,1500,1380,120,8,690,06-28-22,YYYY-00-DD 00:00:SS,Private,
layoff_02679,Sweetgreen,"Washington, DC",N/A,"food and beverage, restaurants",unknown ,1000,4850,640,5%,,08/09/2022,YYYY-00-DD 00:00:SS,Public,
layoff_00383,Vedantu,Bengaluru,India,Education,Series E,6667,6467,200,3,292,"May 05, 2022","May 07, 2022",Unknown,
layoff_05007,CircleUp,SF Bay Area,United States,Finance,Series C,10000,,80,11%,53,13-Jul-2022,YYYY-00-DD 00:00:SS,Unknown,
layoff_04202,Yahoo,,United States,,Acquired,8000,535,1600,20%,6,02/09/2023,YYYY-00-DD 00:00:SS,,
layoff_02648,Pix,"NAPA, CA ",Unknown,Foodtech,Unknown,2667,0,240,12,292,08-24-22,YYYY-00-DD 00:00:SS,Private,
layoff_04290,Ruggable,Los Angeles,United States,Retail,,120,1338,,,108,01/27/2023,01-Feb-2023,Unknown,
layoff_03693,NCC Group,Manchester,United Kingdom,Security,Post-IPO,600,540,130,21,391,2023-08-10,YYYY-00-DD 00:00:SS,,
layoff_05208,Grove Collaborative,SF Bay Area,United States,Retail,  SERIES E ,1971,300,80,17%,474,"March 19, 2022",03/30/2022,Unknown,
layoff_04165,Tencent,Shenzen,China,Consumer,,7,978,300,,12600,17-Feb-2023,YYYY-00-DD 00:00:SS,Unknown,
layoff_04994,Hydrow,Boston,USA,Fitness,Series D,200,1300,17,35%,269,07-18-22,07-20-22,Unknown,
layoff_03305,Chegg, sf bay area,United States,Education,Post-IPO,1917,5633,441,23%,227,"June 17, 2024",YYYY-00-DD 00:00:SS,Unknown,
layoff_04534,Thinkific,Vancouver,,education,Post-IPO,200,148,441,25,22,2022-12-05,YYYY-00-DD 00:00:SS,,
layoff_03619,Airtable,SF Bay Area,United States,Product,Series F,878,240,237,27,1400,09-14-23,YYYY-00-DD 00:00:SS,Unknown,
layoff_00170,Forward,  San Francisco,U.S.A.,Healthcare,Series C,333,323,10,,100,"April 20, 2020",YYYY-00-DD 00:00:SS,Unknown,
layoff_02130,Autodesk,San Francisco,United States,Other,Post-IPO,15000,13650,1350,,,"February 27, 2025",27-Feb-2025,Unknown,
layoff_02786,Redis,SF Bay Area,United States,data,Series G,461,59,200,8%,357,2026-07-13,13-Jul-2026,Unknown,
layoff_00331,Breather,Montreal,Canada,Real Estate,Series D,150,30,120,,131,16-Dec-2020,17-Dec-2020,,
layoff_01126,Workhuman,Dublin,Ireland, HR ,Unknown,1300,1170,130,10%,131,21-Mar-2023,YYYY-00-DD 00:00:SS,Unknown,
layoff_02685,Rivian,"Irvine, CA",Unknown,"electric vehicle, transportation",Unknown,14000,41,840,6,259,"July 28, 2022",07-28-22,Public,
layoff_01103,Atlassian,Sydney,Australia,Other,Post-IPO,10000,9500,500,5%,210,2023-03-06,YYYY-00-DD 00:00:SS,Unknown,
layoff_03959,Glassbox,London,United Kingdom,Data,Series C,11667,809,20,14%,70,04-May-2023,YYYY-00-DD 00:00:SS,Unknown,
layoff_00192,Divergent 3D,,United States,TRANSPORTATION  ,Series B,158,101,57,,88,"April 24, 2020",04-24-20,Unknown,
layoff_02555,Lantern,"Grand Rapids, MI",Unknown,"E-commerce, consumer lending",Unknown,1400,400,79,,26,01-06-23,YYYY-00-DD 00:00:SS,Private,
layoff_00219,Deputy,Sydney,Australia,HR,series b,200,140,60,30,106,05-04-20,YYYY-00-DD 00:00:SS,Unknown,
layoff_03116,Amdocs,,United States,support, post-ipo ,2714,5586,54,14,28,2025-08-12,YYYY-00-DD 00:00:SS,Unknown,
layoff_01001,Guardant Health,Palo Alto,United States,Healthcare,Post-IPO ,1857,1727,130,7,,"January 25, 2023",YYYY-00-DD 00:00:SS,Unknown,
layoff_00804, cloudinary  ,Santa Clara,United States,Media,Unknown,500,460,40,8,100,11/14/2022,YYYY-00-DD 00:00:SS,Unknown,
layoff_02039,2U, WASHINGTON DC  ,United States,Education,,1917,879,80,20%,426,04-Dec-2024,YYYY-00-DD 00:00:SS,Unknown,
layoff_02046,Spectrm,Berlin,Germany,Marketing,Series B,20,630,100,28,11,10-Dec-2024,2024-12-18,Unknown,
layoff_05604,WeWork,New York City,United States,Real Estate,Series H,8000,187,250,,2250,"March 28, 2020",YYYY-00-DD 00:00:SS,,
layoff_02115,Logically,Manchester,United Kingdom,AI,,200,160,40,20%,37,"February 17, 2025",YYYY-00-DD 00:00:SS,Unknown,
layoff_03311,Bytedance,Jakarta,Indonesia,Consumer,UNKNOWN,1167,928,450,4,,12-Jun-2024,2024-06-12,Unknown,
layoff_02174,Cars24,Gurugram,India,,Series G,161,22729,200,33,1300,26-Apr-2025,YYYY-00-DD 00:00:SS,Unknown,
layoff_03833,Honor,SF Bay Area,United States of America,Healthcare,Unknown,227,120,800,15,625,"June 27, 2023",YYYY-00-DD 00:00:SS,Unknown,
layoff_02796,  MICROSOFT  ,,U.S.,Other,Post-IPO,240000,264,4800,2,1,2026-07-06,YYYY-00-DD 00:00:SS,Unknown,
layoff_03200,  OKTA  ,SF BAY AREA ,United States,Security,Post-IPO,6000,540,180,,1200,02/04/2025,2025-02-04,Unknown,
layoff_00703,Moss,Berlin,Germany,  finance ,Series B,467,,70,15,150,"September 23, 2022",YYYY-00-DD 00:00:SS,Unknown,
layoff_04528,  filevine,Salt Lake City,United States,Legal,,182,737,75,,226,"December 06, 2022",YYYY-00-DD 00:00:SS,Unknown,
layoff_01962,Flexport,San Francisco,U.S.A.,Logistics,Series E,1300,1197,10,,2,10/02/2024,02-Oct-2024,Unknown,
layoff_03549,Volta Trucks,Stockholm,Sweden,Transportation,series c  ,6667,570,200,100,391,"October 18, 2023",YYYY-00-DD 00:00:SS,Unknown,
layoff_02828,Artlist,Tel Aviv,Israel,Media,Unknown,500,5463,200,40%,,06-16-26,YYYY-00-DD 00:00:SS,Unknown,
layoff_03721,Actyv.ai,,India,Finance,,100,500,145,60,12,2023-08-02,03-Aug-2023,Unknown,
layoff_05041,Snyk  ,Boston,United States,Security,Series F,2000,380,30,17,849,06-30-22,YYYY-00-DD 00:00:SS,Unknown,
layoff_04609,Asana, SF Bay Area  ,United States, other,Post-IPO,2000,468,180,9%,453,11-15-22,11/15/2022,Unknown,
layoff_02737,Twitter,  san francisco  ,Unknown,  SOCIAL MEDIA ,Unknown,5343,94,3740,70,8700,05-Jan-2023,YYYY-00-DD 00:00:SS,Public,
layoff_03240,Freshworks,SF Bay Area,U.S.,,Post-IPO,5077,,660,13,,07-Nov-2024,YYYY-00-DD 00:00:SS,Unknown,
layoff_00080,Katerra,Menlo Park,U.S.,Construction,Series D,8000,7760,240,3,1200,"April 02, 2020",YYYY-00-DD 00:00:SS,Unknown,
layoff_00239,Revolut,London,United Kingdom,Finance,Series D,2000,1940,60,,837,2020-05-11,YYYY-00-DD 00:00:SS,Unknown,
layoff_04324,Ermetic,SF Bay Area,USA,  Security,Series B,176,35,30,17,97,2023-01-23,YYYY-00-DD 00:00:SS,Unknown,
layoff_01740,Kinaxis,Ottawa,Canada,Other,Post-IPO,1071,569,30,6,79,05-08-24,YYYY-00-DD 00:00:SS,Unknown,
layoff_02612,Elemy,San Francisco,,Health Care,Unknown,2812,307,450,,247,12-05-22,2022-12-05,Private,
layoff_05157,Foodpanda,Bucharest,Romania,Food,Acquired,20833,15000,80,,749,05-26-22,05-28-22,Unknown,
layoff_00355,Wish,San Francisco,USA, RETAIL,Post-IPO,1267,1077,190,15,1600,"March 01, 2022",YYYY-00-DD 00:00:SS,Unknown,
layoff_04656,HighRadius,Bengaluru,India,Finance,Series C,127,60,25,29%,475,11-09-22,YYYY-00-DD 00:00:SS,Unknown,
layoff_03032,  angi ,Indianapolis,us,Consumer,Post-IPO,500,84,350,15,180,"January 07, 2026","January 13, 2026",Unknown,
layoff_04852,Otonomo,Tel Aviv,Israel,Transportation,,882,793,150,20,231,08/28/2022,YYYY-00-DD 00:00:SS,Unknown,
layoff_04942,Gatherly,Atlanta,United States,Marketing,Unknown,462,1567,370,50,100,2022-07-31,YYYY-00-DD 00:00:SS,,
layoff_01842,  UPSIDE FOODS ,  Berkeley  ,United States,  Food  ,Unknown,1857,,26,100,598,"July 01, 2024",YYYY-00-DD 00:00:SS,Unknown,
layoff_01453,Beam Benefits,Columbus,United States,Healthcare,  series e ,250,171,74,,168,"January 10, 2024",YYYY-00-DD 00:00:SS,Unknown,
layoff_00422,Tomo,Stamford,United States,Finance,Series A,133,89,44,33%,110,2022-05-31,YYYY-00-DD 00:00:SS,Private,
layoff_04054,BETTER THERAPEUTICS ,SF Bay Area,us,Healthcare,Post-IPO,571,144,49,35,143,03/27/2023,YYYY-00-DD 00:00:SS,Unknown,
layoff_05472,FullStory,ATLANTA  ,United States,Marketing,Series C,1200,810,300,30,59,16-Apr-2020,YYYY-00-DD 00:00:SS,Unknown,
layoff_04102,UpGrad,Mumbai,,Education,,67,639,120,3,631,03/06/2023,03-07-23,,
layoff_04801,Netflix,,us,Media,post-ipo,1500,1020,30,8%,121900,"September 14, 2022",YYYY-00-DD 00:00:SS,Unknown,
layoff_04808,Karbon,SF Bay Area,United States of America,OTHER ,Series B,700,313,18,23,91,12-Sep-2022,YYYY-00-DD 00:00:SS,Unknown,
layoff_03026,mercadolibre  ,Buenos Aires,Brazil,Retail,Post-IPO,458,607,116,100%,5100,01-12-26,YYYY-00-DD 00:00:SS,Unknown,
layoff_00865,Polly,Burlington,United States,Finance,Series C,313,266,47,15,184,12-02-22,YYYY-00-DD 00:00:SS,Unknown,
layoff_03940,Telenav,Cluj-Napoca,Romania,Transportation,,75,445,172,,30,12-May-2023,YYYY-00-DD 00:00:SS,Unknown,
layoff_05045,Sundae,SF Bay Area,United States,Real Estate,,3056,230,100,15,135,06/30/2022,YYYY-00-DD 00:00:SS,Unknown,
layoff_01540,Indigo,Boston,United States,  other  ,series f ,3125,1725,60,10,1,02-01-24,YYYY-00-DD 00:00:SS,Unknown,
layoff_05228,Casper,New York City,United States of America,Retail,Post-IPO,667,805,80,10%,,09/14/2021,2021-09-15,Unknown,
layoff_05595,Snap Finance,Salt Lake City,United States,,Unknown,220,126,85,2%,35,"March 31, 2020",YYYY-00-DD 00:00:SS,Unknown,
layoff_02228,Subtl AI,Hyderabad,India,  AI  ,Unknown,100,436,500,100%,626,07-07-25,YYYY-00-DD 00:00:SS,Unknown,
layoff_05351,Fundbox, SF BAY AREA,United States,Finance,Series C,93,60,14,,453,06/02/2020,"June 02, 2020",Unknown,
layoff_05066,Postscript,SF Bay Area,,Marketing,Series C,7143,402,43,40,106,06-26-22,YYYY-00-DD 00:00:SS,Unknown,
layoff_02761,  Lightspeed Commerce  ,Montreal,Canada,Retail,Post-IPO,3333,,100,3,1200,2026-07-31,YYYY-00-DD 00:00:SS,Unknown,
layoff_03271,ChargePoint,  sf bay area,United States,Manufacturing,Unknown,1667,1417,250,15,1400,"September 04, 2024",06-Sep-2024,Unknown,
layoff_00431,Gemini,New York City,United States,  Crypto ,Unknown,1000,900,,10,,06-02-22,06-02-22,Unknown,
layoff_02813,BitGo,SF Bay Area,United States,Crypto,Unknown,600,4940,90,,171,25-Jun-2026,YYYY-00-DD 00:00:SS,Unknown,
layoff_02763,Krutrim,Bengaluru,India,AI,Unknown,40,,20,50,304,07-28-26,07-29-26,Unknown,
layoff_04677,Lyft,SF Bay Area,United States,Transportation,Post-IPO,5385,17250,700,13,4900,"November 03, 2022",YYYY-00-DD 00:00:SS,Unknown,
layoff_03567,Stitch Fix,Dallas,United States,Retail, post-ipo  ,3000,0,558,100,79,"October 09, 2023",2023-10-15,Unknown,
layoff_04866,Mr. Yum,Melbourne,Australia,Food,Series A,299,180,100,17%,73,08/22/2022,YYYY-00-DD 00:00:SS,Unknown,
layoff_01269, matterport,Sunnyvale,United States,Data,Post-IPO,567,,170,30,409,07-11-23,2023-07-11,Unknown,
layoff_04794,Zappos,,United States,Retail,Acquired,1000,850,100,,62,09-20-22,YYYY-00-DD 00:00:SS,Unknown,
layoff_03439,Sojern,SF Bay Area,U.S.,Marketing,Unknown,104,400,100,20,172,12-13-23,YYYY-00-DD 00:00:SS,Unknown,
layoff_05280,Bleacher Report,London,United Kingdom,media ,Acquired,280,,20,5,40.5,2020-09-11,2020-09-12,Unknown,
layoff_05582,Le Tote,SF Bay Area,United States of America, Retail  , Series C ,1197,600,30,,62,04-01-20,YYYY-00-DD 00:00:SS,Unknown,
layoff_02159,Automattic,San Francisco,USA,Other,Series E,1756,1475,281,16,986,"April 02, 2025",YYYY-00-DD 00:00:SS,Unknown,
layoff_05386,BetterCloud,New York City,United States, Security ,Series E,300,334,16,5%,111,05/13/2020,YYYY-00-DD 00:00:SS,Unknown,
layoff_03711,Big Cabal Media,Lagos,Nigeria,  Media,,500,3240,40,,3,"August 04, 2023",YYYY-00-DD 00:00:SS,Unknown,
layoff_01530,Vipps,Vilnius,Lithuania,Finance,Unknown,3778,,170,29,681,"January 30, 2024","February 01, 2024",Unknown,
layoff_01533,Innoviz,  tel aviv ,,Transportation,Post-IPO,462,402,60,13%,547,"January 31, 2024",YYYY-00-DD 00:00:SS,Unknown,
layoff_03473,Tulip Retail,Toronto,Canada,Retail,  SERIES C ,1333,540,25,,79,11/21/2023,YYYY-00-DD 00:00:SS,Unknown,
layoff_00370,Blend,San Francisco,United States,Finance,Post-IPO,2000,1800,200,,665,19-Apr-2022,19-Apr-2022,Public,
layoff_01028,Splunk,San Jose,USA,Data,Post-IPO,8125,7800,325,,2400,02/01/2023,YYYY-00-DD 00:00:SS,Unknown,
layoff_05262,Tidepool,SF Bay Area,U.S.A.,Healthcare,Unknown,45,593,18,,522,11/17/2020,01-09-21,Unknown,
layoff_00288,The Athletic,San Francisco,us,Media,Series D,575,529,46,8,139,06/05/2020,"June 05, 2020",Unknown,
layoff_04648,SendCloud,Eindhoven,Netherlands,Logistics,Series C,1939,1367,,10%,,2022-11-10,YYYY-00-DD 00:00:SS,Unknown,
layoff_05481,Akulaku,Jakarta,Indonesia,Finance,Series D,882,62,100,10,160,04-15-20,04-20-20,Unknown,
layoff_02684,Definitive Healthcare,"Framingham, MA",-,"Health care, analytics",unknown,917,138,55,6%,86,12-Jan-2023,YYYY-00-DD 00:00:SS,Public,
layoff_01144,  AMPLITUDE ,Milpitas,United States,Data,post-ipo  ,762,663,99,13,311,04-05-23,YYYY-00-DD 00:00:SS,Unknown,
layoff_02178,Zopper,Noida,India,Finance,Series D,7143,333,100,100,125,"April 27, 2025",YYYY-00-DD 00:00:SS,Unknown,
layoff_03659,Clockwork,Dallas,United States,Crypto,Seed,316,475,900,,,2023-08-28,08-28-23,Unknown,
layoff_03151,Blink Charging,Baltimore,United States of America,Other,Post-IPO,1528,748,300,20,110,05-19-25,YYYY-00-DD 00:00:SS,,
layoff_05298,HopSkipDrive,Los Angeles,United States,Transportation,  UNKNOWN  ,1400,909,58,20,45,12-Aug-2020,YYYY-00-DD 00:00:SS,Unknown,
layoff_05447,Singular,  sf bay area  ,United States,MARKETING,Series B,600,188,65,8,50,04-23-20,YYYY-00-DD 00:00:SS,Unknown,
layoff_01947,ApplyBoard,  WATERLOO  ,Canada,Education,Series D,1127,3150,137,4,483,09/19/2024,YYYY-00-DD 00:00:SS,Unknown,
layoff_01551, Drizly ,  BOSTON ,United States,Retail,Acquired,168,0,168,100,119,02/05/2024,YYYY-00-DD 00:00:SS,Unknown,
layoff_03359,Verily,SF Bay Area,United States,,Subsidiary,100,735,23,25,3500,22-Mar-2024,YYYY-00-DD 00:00:SS,Unknown,
layoff_04307,CareRev,Los Angeles,United States,,  SERIES A  ,530,,17,27,51,2023-01-25,"February 01, 2023",Unknown,
layoff_03540,Parity Technologies,  London,United Kingdom,Crypto,Unknown,333,345,100,30%,134,"October 23, 2023",2023-10-12,Unknown,
layoff_00027,Ecobee,Toronto,Canada,Energy,Series C,470,423,47,10%,149,2020-03-26,YYYY-00-DD 00:00:SS,Unknown,
layoff_00475,JOKR,,United States,Food,Series B,1000,950,50,5,430,06/16/2022,19-Jun-2022,,
layoff_02397,New Relic,"Bay Area, CA",Unknown,"productivity, enterprise software",Unknown,2200,1455,110,5,271,"August 18, 2022","August 18, 2022",Private,
layoff_02061,Aqua Security,Boston,United States,  security,Series E,2500,380,78,100,325,"January 07, 2025",YYYY-00-DD 00:00:SS,,
layoff_02963,Atlassian,Sydney,Australia,,,16000,1253,1600,10,210,2026-03-11,"March 11, 2026",Unknown,
layoff_00512,Sidecar Health ,Los Angeles,United States,Healthcare,  series c,275,165,110,40,163,28-Jun-2022,07-18-22,Unknown,
layoff_01317,Captiv8,San Francisco,United States,Marketing,Unknown,267,259,8,3,4,2023-08-24,YYYY-00-DD 00:00:SS,Unknown,
layoff_01061,TripleLift,New York City,U.S.A.,Marketing,Acquired,500,400,100,,16,02/10/2023,YYYY-00-DD 00:00:SS,,
layoff_04475,  yourgrocer ,Melbourne,Australia,Food,Unknown,20,700,21,100%,,19-Dec-2022,YYYY-00-DD 00:00:SS,,
layoff_00319,Docly,London,United Kingdom,Healthcare,Seed,10,2,8,80%,16,08-19-20,"August 20, 2020",Unknown,
layoff_01563,Tenable,Baltimore,United States of America,Security,Post-IPO,6000,243,300,5,565,02/07/2024,YYYY-00-DD 00:00:SS,Unknown,
layoff_02636,TigerGraph,"Redwood City, CA",,Analytics,,12000,1725,200,35,999,"October 25, 2022",YYYY-00-DD 00:00:SS,Private,
layoff_03096,Oracle, seattle,United States, Other ,,9467,77,101,,91,"September 03, 2025",YYYY-00-DD 00:00:SS,Unknown,
layoff_01147,Pear Therapeutics,Boston,United States,healthcare,,185,15,170,92,409,2023-04-07,YYYY-00-DD 00:00:SS,Unknown,
layoff_02955,Crypto.com,Singapore,Singapore,,Unknown,900,270,22,12,171,03-19-26,YYYY-00-DD 00:00:SS,Unknown,
layoff_00429,Carbon Health,San Francisco  ,United States,Healthcare,Series D,3125,2875,250,,522,06-02-22,YYYY-00-DD 00:00:SS,Unknown,
layoff_02932,Pendo,Raleigh,United States,  product,series f,900,733,90,10,469,07-Apr-2026,YYYY-00-DD 00:00:SS,Unknown,
layoff_00420, swvl,Dubai,United Arab Emirates,Transportation,Post-IPO,1250,850,400,32%,132,30-May-2022,05-31-22,Unknown,
layoff_03344, connectwise  ,Tampa Bay,United States,Other,Acquired,700,131,74,3,1,2024-04-17,YYYY-00-DD 00:00:SS,Unknown,
layoff_02603,Varo ,,Unknown,Fintech,  Unknown,857,50,,10,104,07-20-22,"July 20, 2022",Private,
layoff_02416,Jellysmack,New York,n/a,Media/Entertainment,Unknown,3500,252,300,8,3000,09-Jun-2022,YYYY-00-DD 00:00:SS,Private,
layoff_00594,Outbrain,  New York City  ,United States,Marketing,Post-IPO,1267,,38,3%,394,07/26/2022,26-Jul-2022,Unknown,
layoff_00318,Mozilla,San Francisco,United States,Consumer,Unknown,1000,750,250,25,,08-11-20,"August 11, 2020",Unknown,
layoff_03083,Handshake,SF Bay Area,United States,Recruiting,Series F,667,19998,100,15,434,10-14-25,YYYY-00-DD 00:00:SS,,
layoff_00944,StreamElements  ,Tel Aviv,Israel,Media,Series B,200,160,40,20,111,2023-01-10,11-Jan-2023,Unknown,
layoff_00169,ConsenSys,New York City,us,Crypto,Unknown,650,559,91,14,10,2020-04-20,YYYY-00-DD 00:00:SS,,
layoff_02755, Salesforce,San Francisco,N/A,"enterprise tech, analytics",Unknown,200000,,9090,40,136,01-04-23,YYYY-00-DD 00:00:SS,Public,
layoff_01000,Vacasa,Portland,United States,Travel,Post-IPO,7647,6347,1300,17,834,01/24/2023,YYYY-00-DD 00:00:SS,,
layoff_04952,Metromile,SF Bay Area,U.S.,finance,Acquired,300,,60,,510,07-28-22,YYYY-00-DD 00:00:SS,Unknown,
layoff_04183,Blackbaud,Charleston,United States,Other,Post-IPO,3571,423,500,,326,14-Feb-2023,YYYY-00-DD 00:00:SS,Unknown,
layoff_01693,Rivian,Detroit,United States,Transportation,Post-IPO,20000,9400,73,1,10700,17-Apr-2024,"April 18, 2024",Unknown,
layoff_04506,CYCOGNITO  ,SF Bay Area,USA,Security,Series C,200,5820,30,15,,08-Dec-2022,YYYY-00-DD 00:00:SS,Unknown,
layoff_03759,Tilia,SF Bay Area,United States,Finance,unknown  ,88,351,28,32,,19-Jul-2023,YYYY-00-DD 00:00:SS,Unknown,
layoff_00948,qualtrics,Salt Lake City,United States,Other,Post-IPO,5400,5130,270,5,400,01/11/2023,YYYY-00-DD 00:00:SS,Unknown,
layoff_04754,SurveyMonkey,SF Bay Area,United States of America,Marketing,Post-IPO,1636,388,180,11%,1100,2022-10-10,YYYY-00-DD 00:00:SS,Unknown,
layoff_03370,Project Ronin,SF Bay Area,U.S.A.,Healthcare,Unknown,150,69,150,,178,01-Mar-2024,2024-03-05,Unknown,
layoff_05531,AskNicely,Portland,us,Support,Series A,3075,4417,124,7,15,2020-04-07,YYYY-00-DD 00:00:SS,,
layoff_04706,Advata,Seattle,United States,  healthcare  ,Unknown,152,239,,21,38,10/28/2022,YYYY-00-DD 00:00:SS,Unknown,
layoff_01251,Chingari,Bengaluru,India,  MEDIA  ,Unknown,240,192,48,20,88,06/19/2023,"June 20, 2023",Unknown,
layoff_00081,MindBody,San Luis Obispo,USA,Fitness,,2000,1300,700,35,114,04/02/2020,YYYY-00-DD 00:00:SS,Unknown,
layoff_03537,SiFive,SF Bay Area,United States,Hardware,Series F,650,43200,130,20,365,10-24-23,YYYY-00-DD 00:00:SS,Unknown,
layoff_04336,Cyteir Therapeutics,Boston,United States,Healthcare,series c,1633,758,600,70,156,01/20/2023,YYYY-00-DD 00:00:SS,Unknown,
layoff_00174,Kueski,guadalajara  ,Mexico,Finance,Series B,300,210,90,30%,38,04/20/2020,YYYY-00-DD 00:00:SS,Unknown,
layoff_00472,Tonkean,Palo Alto,United States,  other  ,Series B,100,77,23,23,83,06-15-22,YYYY-00-DD 00:00:SS,Unknown,
layoff_01196,sabre  ,Dallas,USA,Travel,Post-IPO,7333,6233,1100,15,1700,05/04/2023,2023-05-05,Unknown,
layoff_04915,10X Genomics,SF Bay Area,United States,Healthcare,Post-IPO,1250,81,100,8%,242,2022-08-04,YYYY-00-DD 00:00:SS,Unknown,
layoff_02934,Welltech, LIMASSOL  ,Cyprus,Fitness,,750,1200,225,30,549,03-Apr-2026,2026-05-07,Unknown,
layoff_01964,PubMatic,Redwood City,United States,Marketing,Post-IPO,1200,1188,12,,63,07-Oct-2024,YYYY-00-DD 00:00:SS,Unknown,
layoff_04770,Xendit,Jakarta,Indonesia,Finance,Series D,1000,614,41,5%,534,10-04-22,YYYY-00-DD 00:00:SS,Unknown,
layoff_02668,F5,Seattle,United States,"SaaS, enterprise software",Post-IPO,10000,3840,100,1%,522,10/21/2022,11-17-22,Public,
layoff_02096,Outbrain,new york city ,U.S.A.,Marketing,Post-IPO,400,28,200,25%,394,05-Feb-2025,YYYY-00-DD 00:00:SS,Unknown,
layoff_00867,DataRails,Tel Aviv,Israel,Finance,Series B,167,137,30,18,103,12-05-22,YYYY-00-DD 00:00:SS,Unknown,
layoff_01894,iCIMS,,United States,Recruiting, Acquired,500,1133,69,,93,09-Aug-2024,14-Aug-2024,Unknown,
layoff_03690,Shutterfly,Minneapolis,United States,Manufacturing,Post-IPO,220,9300,246,,50,08-10-23,2023-08-11,Unknown,
layoff_00040, ONEWEB  ,London,United Kingdom,Aerospace, unknown  ,531,80,451,,3000,27-Mar-2020,YYYY-00-DD 00:00:SS,Unknown,
layoff_01040,eBay,San Francisco,United States,e-commerce,Post-IPO,12500,12000,500,,1200,02-07-23,YYYY-00-DD 00:00:SS,Unknown,
layoff_05406,  PIPEDRIVE ,Tallinn,Estonia,Sales,Series C,100000,99000,31,12,90,"May 05, 2020",YYYY-00-DD 00:00:SS,,
layoff_02295,Zupee,Gurugram,India,,Unknown,567,397,170,30,214,2025-09-11,YYYY-00-DD 00:00:SS,Unknown,
layoff_02380,SE Ranking,Wilmington,United States,SEO Software, UNKNOWN ,240,204,36,15,42,10-Dec-2025,YYYY-00-DD 00:00:SS,Unknown,
layoff_01455,Citrix,miami ,United States,Infrastructure,Acquired,8333,7333,1000,12,20,"January 10, 2024",YYYY-00-DD 00:00:SS,Unknown,
layoff_03692, HIKE,  NEW DELHI  ,India,Consumer,Unknown,833,0,55,,261,"August 10, 2023",YYYY-00-DD 00:00:SS,Unknown,
layoff_02558,Assure,Salt Lake City,U.S.A., FINTECH,Seed,857,50,75,100,2,"November 23, 2022","November 25, 2022",Private,
layoff_02727,Rent the Runway,New York,n/a,"e-commerce, retail",Unknown,299,138,175,,392,12-Sep-2022,YYYY-00-DD 00:00:SS,Public,
layoff_04565,MessageBird,Amsterdam,Netherlands,Other,Series C,7273,65,90,,1100,"November 29, 2022",YYYY-00-DD 00:00:SS,,
layoff_03218,Brave Care,Portland,United States,Healthcare,SERIES B  ,469,0,105,100,43,"December 31, 2024",YYYY-00-DD 00:00:SS,Unknown,
layoff_03132,Amicole,New York City,USA,Retail,seed,45,728,90,100,5,07/17/2025,2025-07-18,,
layoff_01769,Foursquare,new york city,United States,Marketing,Series G,420,315,105,25,390,2024-05-27,YYYY-00-DD 00:00:SS,Unknown,
layoff_04616,CaptivateIQ,SF Bay Area,United States,Sales,Series C,310,900,31,10,164,11-15-22,YYYY-00-DD 00:00:SS,Unknown,
layoff_00834,Zomato,Gurugram,India,Food,Series J,2500,,100,,914,2022-11-19,YYYY-00-DD 00:00:SS,Unknown,
layoff_02607,Colossus,Massachusetts,,"Solar, Software",Unknown,42,,97,,76,"May 20, 2022",YYYY-00-DD 00:00:SS,,
layoff_02100,  hugging face ,New York City,United States,AI,Series D,250,240,10,4,395,2025-02-05,YYYY-00-DD 00:00:SS,Unknown,
layoff_04543,BloomTech,SF Bay Area,United States of America,Education,Unknown,176,517,88,50%,227,01-Dec-2022,YYYY-00-DD 00:00:SS,Unknown,
layoff_04163,Fipola,  CHENNAI,India,  FOOD ,Series A,144,4900,21,100,9,2023-02-20,YYYY-00-DD 00:00:SS,Unknown,
layoff_00374,Bonsai,Toronto,Canada,Retail,Series A,85,56,29,,,04/26/2022,YYYY-00-DD 00:00:SS,Unknown,
layoff_03093, Oracle  ,SF Bay Area,United States,Other,  post-ipo,114286,263,254,7,1000,09-04-25,YYYY-00-DD 00:00:SS,Unknown,
layoff_01260, ARTSY ,New York City,United States,retail  ,Series D,233,198,35,15%,,06/29/2023,"June 30, 2023",Unknown,
layoff_00013,Leafly,Seattle,United States,Retail,Acquired,182,91,91,50,2,03/23/2020,28-Mar-2020,Unknown,
layoff_01844,Cint,Stockholm,Sweden,  data,Post-IPO,567,940,100,40%,17,01-Jul-2024,YYYY-00-DD 00:00:SS,Unknown,
layoff_03719,Salesforce,Dublin,Ireland,Sales,Post-IPO,70000,1350,50,20,65,08-02-23,2023-08-04,Unknown,
layoff_00103,Metromile,San Francisco,U.S.A.,Finance,Series E,303,203,100,33%,293,04/06/2020,YYYY-00-DD 00:00:SS,,
layoff_05290,Superloop,Brisbane,Australia,Infrastructure,Post-IPO,200,6480,30,,,08-24-20,2022-06-26,Unknown,
layoff_00988,Swiggy,Bengaluru,India,Food,,6333,5953,380,6,3600,2023-01-20,YYYY-00-DD 00:00:SS,Unknown,
layoff_04626,Sema4, STAMFORD ,United States,Healthcare,Post-IPO,553,4700,500,6,791,14-Nov-2022,YYYY-00-DD 00:00:SS,Unknown,
layoff_01298,Gupy,Sao Paulo,Brazil,HR,Series B,725,667,58,8,105,08/02/2023,03-Aug-2023,Unknown,
layoff_04109,Airbnb,SF Bay Area,United States,,Post-IPO,7333,700,30,17,6400,03-03-23,YYYY-00-DD 00:00:SS,Unknown,
layoff_03877,Opora,SF Bay Area,United States,Security,Seed,625,,198,100,7,06/08/2023,YYYY-00-DD 00:00:SS,Unknown,
layoff_05634,Universal Standard, new york city ,United States of America,retail,Series A,637,150,195,10%,8,25-Mar-2020,YYYY-00-DD 00:00:SS,Unknown,
layoff_02510,IRL, san francisco ,Unknown,Social Media ,Unknown,100,1567,,25,242,02-Jun-2022,YYYY-00-DD 00:00:SS,Private,
layoff_03072,Applied Material,SF Bay Area,United States,Manufacturing,Post-IPO,35000,1417,1400,4,2100,23-Oct-2025,10-25-25,Unknown,
layoff_00813,Jimdo,Hamburg,Germany,other  ,Unknown,313,263,50,16,28,11/15/2022,YYYY-00-DD 00:00:SS,Unknown,
layoff_03535,Multiverse,London,United Kingdom,education  ,Series D,170,2619,150,40%,,25-Oct-2023,YYYY-00-DD 00:00:SS,Unknown,
layoff_03935,Cerner,Kansas City,United States,  healthcare,  ACQUIRED,27273,355,3000,11,155,05-16-23,YYYY-00-DD 00:00:SS,Unknown,
layoff_00391,DataRobot,Boston,United States,Data,Series G,1000,930,70,,1000,05-11-22,YYYY-00-DD 00:00:SS,Unknown,
layoff_00956,SmartNews,,Japan,Media,Series F,300,,120,40%,410,12-Jan-2023,YYYY-00-DD 00:00:SS,Unknown,
layoff_03330,Symend,Calgary,Canada,Other,Series C,1333,423,151,,148,"May 10, 2024",09-Aug-2024,Unknown,
layoff_03695,Niantic,Los Angeles,United States,Other,Series D,60,569,100,,770,09-Aug-2023,YYYY-00-DD 00:00:SS,Unknown,
layoff_05558,Voi,Stockholm,Sweden,Transportation,Series B,967,800,100,,167,02-Apr-2020,2020-04-02,Unknown,
layoff_04263,Rivian, Detroit  ,United States,Transportation,Post-IPO,1375,4250,10,6,10700,02/01/2023,02-01-23,Unknown,
layoff_01138,  Roku ,San Jose,United States,Media,POST-IPO ,3333,3133,200,,208,30-Mar-2023,YYYY-00-DD 00:00:SS,Unknown,
layoff_01556,Snap,Los Angeles,United States,Consumer,Post-IPO,5000,4500,500,10,5,2024-02-05,2024-02-05,Unknown,
layoff_02411,ClickUp, SAN DIEGO ,Unknown,  Productivity Tools ,Unknown,6750,,26,,885,24-May-2022,"May 24, 2022",Private,
layoff_04553, ETERMAX,Buenos Aires,Argentina,Other,Unknown,413,360,40,25%,336,30-Nov-2022,YYYY-00-DD 00:00:SS,Unknown,
layoff_01830,Flutterwave,,United States,,Unknown,1000,970,30,3,509,06-24-24,YYYY-00-DD 00:00:SS,Unknown,
layoff_00230,Segment,San Francisco,United States,Data,Series D,500,450,50,10%,283,2020-05-06,YYYY-00-DD 00:00:SS,Unknown,
layoff_01418,Bolt.Earth,Bengaluru,India,Energy,Series B,2941,376,50,20,24,12-29-23,01/02/2024,Unknown,
layoff_04041,Nowports,Monterrey,Mexico,Logistics,,300,690,24,15,530,03-30-23,YYYY-00-DD 00:00:SS,Unknown,
layoff_02455,Nayya,New York,Unknown,"Employee Benefits, HR Tech",Unknown,107,146,16,15,504,06/17/2022,YYYY-00-DD 00:00:SS,Private,
layoff_04123,Yellow.ai,SF Bay Area,United States,Support,Series C,7000,2059,200,3%,102,01-Mar-2023,YYYY-00-DD 00:00:SS,Unknown,
layoff_00935,WalkMe,San Francisco,United States,Other,Post-IPO,1433,1390,43,3,307,2023-01-08,YYYY-00-DD 00:00:SS,Public,
layoff_05642,Drip,Salt Lake City,United States, Marketing ,Acquired,1200,138,20,20,69,2020-03-23,YYYY-00-DD 00:00:SS,Unknown,
layoff_01363,SiFive,Santa Clara,United States,HARDWARE  ,Series F,650,520,130,20,365,10/24/2023,10/24/2023,Unknown,
layoff_05385,Mode Analytics,SF Bay Area,United States, data ,Series C,342,3776,17,,46,2020-05-13,YYYY-00-DD 00:00:SS,Unknown,
layoff_00991,Ermetic,  Palo Alto ,us,Security,Series B,176,146,30,17,,01/23/2023,YYYY-00-DD 00:00:SS,Unknown,
layoff_01703,98point6,Seattle,United States,Healthcare,  ACQUIRED,500,170,80,70%,299,04/23/2024,YYYY-00-DD 00:00:SS,Unknown,
layoff_01552,Impact.com,Los Angeles,United States of America,Sales,Private Equity,1333,1293,40,3,361,05-Feb-2024,2024-02-06,Unknown,
layoff_05050,Parallel Wireless,Nashua,United States of America,Infrastructure,Unknown,133,263,60,13,8,2022-06-29,YYYY-00-DD 00:00:SS,Unknown,
layoff_05158,Dazn,london  ,United Kingdom,Consumer  ,Unknown,2500,61,50,2,75,05/26/2022,06-11-22,Unknown,
layoff_03649, Pegasystems  ,Boston,USA,HR,Post-IPO,6000,165,240,,40,08/31/2023,YYYY-00-DD 00:00:SS,Unknown,
layoff_03471,  Alerzo ,Ibadan,Nigeria,Retail,Series B,163,204,100,100,16,2023-11-21,YYYY-00-DD 00:00:SS,Unknown,
layoff_05464,BlackBuck,Bengaluru,India,Logistics,Series D,1071,,200,3,293,2020-04-17,YYYY-00-DD 00:00:SS,Unknown,
layoff_02409,DataRobot,Boston,United States,Artificial Intelligence,Series G,148,733,451,7,1000,08-Aug-2022,YYYY-00-DD 00:00:SS,Private,
layoff_04628, SCIENCE 37,Los Angeles,United States,healthcare  ,Post-IPO,220,268,90,5,,11-14-22,YYYY-00-DD 00:00:SS,Unknown,
layoff_03365,Inscribe,SF Bay Area,United States,Finance,Series B,10000,1020,280,40,39,"March 08, 2024",03/09/2024,Unknown,
layoff_01853,Redbox,Chicago,United States,Media, Acquired,1000,,1000,100%,51,2024-07-10,07-22-24,Unknown,
layoff_03898, CloudTrucks  , SF Bay Area ,USA,Logistics,Series B,100,518,50,1,141,06-01-23,06/02/2023,Unknown,
layoff_04570,FutureLearn,London,United Kingdom,Education,Unknown,1200,558,70,,50,11/28/2022,YYYY-00-DD 00:00:SS,,
layoff_00566,The Mom Project,Chicago,United States,HR,Series C,360,306,,15,115,07/14/2022,07/15/2022,,
layoff_00096,Sojern,San Francisco,United States of America,Marketing,Series D,600,300,300,50%,162,"April 03, 2020",YYYY-00-DD 00:00:SS,Unknown,
layoff_05478,GoPro,SF Bay Area,United States,Consumer,Post-IPO,1000,0,200,20%,288,15-Apr-2020,YYYY-00-DD 00:00:SS,Unknown,
layoff_03714,Aware, Columbus  ,USA,Security,,1000,470,300,1%,88,08/03/2023,YYYY-00-DD 00:00:SS,Unknown,
layoff_00807,Intercom,San Francisco,USA,Support,Series D,954,830,124,13,240,14-Nov-2022,YYYY-00-DD 00:00:SS,Unknown,
layoff_01775,FlightStats,Portland,U.S.,Travel,Acquired,1000,700,73,25,,05-30-24,YYYY-00-DD 00:00:SS,Unknown,
layoff_00007,CTO.ai,Vancouver,Canada,Infrastructure,Seed,60,30,30,50,7,20-Mar-2020,YYYY-00-DD 00:00:SS,Unknown,
layoff_00270,Instructure,Salt Lake City,U.S.,Education,Acquired,1250,1100,150,,89,"May 27, 2020",YYYY-00-DD 00:00:SS,Unknown,
layoff_03251, UPWORK  ,SF Bay Area,United States of America,Other,Post-IPO,330,,50,,168,"October 23, 2024",YYYY-00-DD 00:00:SS,Unknown,
layoff_02457,Polly,"Williston, VT",Unknown,"Insurtech, fintech",Unknown,313,0,47,15%,28,02-Dec-2022,12/02/2022,Private,
layoff_00806,Illumina,San Diego,United States,Healthcare,Post-IPO,10000,9500,500,5,,2022-11-14,YYYY-00-DD 00:00:SS,,
layoff_05360,Cvent,Washington D.C.,United States,,Acquired,4000,2200,400,10,,"May 21, 2020",YYYY-00-DD 00:00:SS,Unknown,
layoff_03430,Enphase Energy,SF Bay Area,United States,Energy,post-ipo  ,3500,376,350,10,,18-Dec-2023,YYYY-00-DD 00:00:SS,Unknown,
layoff_04416,Intrinsic,SF Bay Area,U.S.A.,Other,Acquired,200,315,40,20,42,11-Jan-2023,01-12-23,Unknown,
layoff_01477,Veeam,Columbus,U.S.,Data,Acquired,667,,300,10,500,"January 12, 2024",YYYY-00-DD 00:00:SS,Unknown,
layoff_01590,Voi,Stockholm,Sweden,Transportation,Series D,1000,880,120,,515,16-Feb-2024,YYYY-00-DD 00:00:SS,,
layoff_04949,YABONZA ,Sydney,Australia,real estate ,Unknown,200,518,73,,6,2022-07-29,2022-08-24,Unknown,
layoff_04617,Apollo Insurance,Vancouver,Canada,Finance,Series B,400,773,240,25%,11,15-Nov-2022,11-20-22,Unknown,
layoff_04824,Uber,Vilnius,Lithuania,Transportation,Post-IPO,5000,,60,,,09-07-22,YYYY-00-DD 00:00:SS,Unknown,
layoff_00432,IRL,  BERKELEY,U.S.A.,Consumer,Series C,100,75,25,25%,197,"June 02, 2022","June 02, 2022",Unknown,
layoff_03761, microsoft  ,Seattle,United States of America,Other,Post-IPO,7273,30,1000,,1,07-18-23,YYYY-00-DD 00:00:SS,Unknown,
layoff_01569,BlissClub,Bengaluru,India,Retail,Series A,117,96,21,18,20,"February 09, 2024",YYYY-00-DD 00:00:SS,Unknown,
layoff_01496,Brex,San Francisco,United States,Finance,Series D,1410,1128,282,20%,2,01-23-24,YYYY-00-DD 00:00:SS,Unknown,
layoff_02728,Qualtrics,"Provo, UT",Unknown,"SaaS, enterprise software",Unknown,10000,15040,170,25,120,2023-01-11,YYYY-00-DD 00:00:SS,Public,
layoff_00587,Quanto,Sao Paulo,Brazil,Finance,Series A,127,99,,22%,15,07-22-22,25-Jul-2022,Unknown,
layoff_00877,Lev,New York City,USA,,Series B,100,70,30,30%,114,12/07/2022,YYYY-00-DD 00:00:SS,Unknown,
layoff_04009,Bluepad,Bengaluru,India,Media,Seed,682,80,56,100,166,13-Apr-2023,YYYY-00-DD 00:00:SS,Unknown,
layoff_04496,Playtika,Tel Aviv,Israel,Consumer,Post-IPO,4000,513,600,15,9400,2022-12-09,YYYY-00-DD 00:00:SS,Unknown,
layoff_03342,The Good Glamm Group,New Delhi,India,Retail,Unknown,1000,1116,150,15%,180,"April 18, 2024",YYYY-00-DD 00:00:SS,Unknown,
layoff_03296,ON,SF Bay Area,United States,Retail,Unknown,60,96,60,100,81,2024-07-16,YYYY-00-DD 00:00:SS,,
layoff_05207,Furlenco,Bengaluru,India,Retail,series d ,87,20,180,34,228,2022-03-26,YYYY-00-DD 00:00:SS,Unknown,
layoff_04593, RUANGGURU,Jakarta,Indonesia, Education  ,Unknown,750,879,441,3,205,11/18/2022,"November 21, 2022",Unknown,
layoff_03498,Bowery Farming,New York City,United States,Food,Unknown,20000,206,100,20,626,10-Nov-2023,"January 02, 2024",Unknown,
layoff_03089,xai,SF Bay Area,United States,AI,Unknown,1000,,500,25,22700,2025-09-12,YYYY-00-DD 00:00:SS,Unknown,
layoff_03506,Google,SF Bay Area,USA,Consumer,Post-IPO,11250,10350,200,100,26,2023-11-08,11/09/2023,Unknown,
layoff_05065,SafeGraph,SF Bay Area,United States,  DATA,Series B,108,345,27,25,61,06/27/2022,YYYY-00-DD 00:00:SS,Unknown,
layoff_01088,Cerebral,Walnut,United States,,Series C,1900,1615,285,15%,462,02-27-23,2023-02-27,Unknown,
layoff_03527,Hubilo,SF Bay Area,United States,Other,Series B,450,1200,50,,153,10-30-23,YYYY-00-DD 00:00:SS,Unknown,
layoff_02926,Life360,SF Bay Area,U.S.,Consumer,  Post-IPO ,129,830,80,16,158,04/10/2026,04/30/2026,Unknown,
layoff_05139,Envato,Melbourne,Australia, Marketing ,Unknown,867,402,100,12,100,"June 02, 2022",YYYY-00-DD 00:00:SS,Unknown,
layoff_00533,Celsius,New York City,United States,Crypto,Series B,600,450,150,,864,03-Jul-2022,07-04-22,Unknown,
layoff_00378,Cameo,Chicago,United States, consumer ,Unknown,348,261,,25,165,"May 04, 2022",YYYY-00-DD 00:00:SS,Private,
layoff_03704,Caliva,SF Bay Area,United States,Retail,SERIES B,500,146,54,15,75,"August 08, 2023",YYYY-00-DD 00:00:SS,Unknown,
layoff_00022, TRIPACTIONS  ,Palo Alto,United States,Travel,,1200,900,300,25,521,"March 25, 2020",2020-03-25,Unknown,
layoff_04004,Drip Capital,  SF BAY AREA,United States,Finance,Series C,375,480,75,20%,85,04-14-23,04/15/2023,Unknown,
layoff_04796,Shopee,  Jakarta,Indonesia,Food,Unknown,1200,525,211,100,526,"September 18, 2022",YYYY-00-DD 00:00:SS,Unknown,
layoff_01624,MessageBird, Amsterdam ,Netherlands,Other,Series C,450,360,90,20,,03/05/2024,YYYY-00-DD 00:00:SS,Unknown,
layoff_05035,Zepto,Brisbane,Australia,Finance,Series A,370,771,375,10,25,07-02-22,07/04/2022,Unknown,
layoff_04864,Kogan,Melbourne,Australia,Retail,Post-IPO,225,245,23,15,6200,"August 23, 2022",YYYY-00-DD 00:00:SS,Unknown,
layoff_01607,Bumble,austin ,United States,Consumer,Post-IPO,1167,817,350,30,313,02/27/2024,2024-02-27,Unknown,
layoff_02814,Amperity,Seattle,United States,Marketing,Series D,1300,360,40,8,,06-25-26,YYYY-00-DD 00:00:SS,Unknown,
layoff_00596,Coinsquare,Toronto,Canada,Crypto,Unknown,125,95,30,,98,27-Jul-2022,YYYY-00-DD 00:00:SS,Unknown,
layoff_02025,TrueLayer,London,United Kingdom,Finance,Series E,284,213,71,25,321,15-Nov-2024,YYYY-00-DD 00:00:SS,Unknown,
layoff_02961,Digg ,New York City,United States of America,Consumer,Acquired,3850,63615,80,9,49,03-13-26,YYYY-00-DD 00:00:SS,Unknown,
layoff_02716,Astra,"Alameda, CA",Unknown," AEROSPACE, SPACE",Unknown,370,1074,270,16%,,"November 08, 2022",YYYY-00-DD 00:00:SS,Public,
layoff_01784,Aleph Farms,Tel Aviv,Israel,Food,Unknown,100,70,30,30%,119,2024-06-05,YYYY-00-DD 00:00:SS,Unknown,
layoff_00937,Blend,San Francisco,United States,FINANCE  ,Post-IPO,1214,874,340,28,665,01-10-23,YYYY-00-DD 00:00:SS,,
layoff_03676,Times Internet,Gurugram,India,media,Subsidiary,2000,100,100,,4,2023-08-18,YYYY-00-DD 00:00:SS,Unknown,
layoff_02160,Canva,Sydney,Australia,Consumer,Unknown,1000,2,10,7,2500,"April 02, 2025",04-02-25,Unknown,
layoff_05023,Adwerx,Durham,USA,  MARKETING  ,Unknown,867,1188,40,6,20,"July 07, 2022",YYYY-00-DD 00:00:SS,Unknown,
layoff_04521,Sayurbox,Jakarta,, Food  ,Series C,389,4900,800,5,139,2022-12-07,YYYY-00-DD 00:00:SS,Unknown,
layoff_03542,tropic,New York City,United States,Finance,,150,760,26,,67,10/20/2023,2023-10-20,Unknown,
layoff_00011,GrayMeta,Los Angeles,United States, DATA ,Unknown,50,30,20,40,7,23-Mar-2020,YYYY-00-DD 00:00:SS,Unknown,
layoff_04242,Bittrex,Seattle,USA,Crypto,Unknown,1000,216,80,20,,02-02-23,YYYY-00-DD 00:00:SS,Unknown,
layoff_03787,Matterport,SF Bay Area,U.S.,Data,Post-IPO,567,6643,170,30,409,11-Jul-2023,YYYY-00-DD 00:00:SS,Unknown,
layoff_02688,8x8,"San Jose, CA",N/A,"telecommunications, enterprise software",  UNKNOWN  ,2214,850,155,7,1,01-18-23,YYYY-00-DD 00:00:SS,Public,
layoff_03411,Artifact,SF Bay Area,United States,Media,Unknown,3600,114,50,100,100,01-12-24,01/13/2024,Unknown,
layoff_02261,Cognition,San Francisco,United States,Software Development,Unknown,116,190000,30,10%,222,08/05/2025,"August 05, 2025",Unknown,
layoff_03425,Unity,SF Bay Area,United States of America, other  ,Post-IPO,7200,569,1800,25%,,01/08/2024,YYYY-00-DD 00:00:SS,Unknown,
layoff_03415, google,  sf bay area,USA,Consumer,Post-IPO,615,12730,1000,5%,26,2024-01-10,YYYY-00-DD 00:00:SS,,
layoff_04472,Zhihu,Beijing,China, Consumer , series f,925,1093,100,10,,2022-12-20,YYYY-00-DD 00:00:SS,Unknown,
layoff_02375,Mobileye,Jerusalem,Israel,Autonomous-driving vehicles,Post-IPO,5000,4800,200,4,2100,12-08-25,12/08/2025,Unknown,
layoff_00950,Akili Labs,Boston,us,  HEALTHCARE  ,Post-IPO,153,107,46,30,301,2023-01-12,14-Jan-2023,Unknown,
layoff_00292,Grab,Singapore,Singapore,Transportation,Series I,7200,6840,360,5,9900,16-Jun-2020,YYYY-00-DD 00:00:SS,Unknown,
layoff_00236,Tally,San Francisco,United States,Finance,  series c ,122,94,28,23,92,05-07-20,YYYY-00-DD 00:00:SS,Unknown,
layoff_04443,Genesis,New York City,United States,Crypto,Series A,200,809,60,30,204,2023-01-05,YYYY-00-DD 00:00:SS,Unknown,
layoff_02635,Spreetail,"Lincoln, NE",unknown,"retail, e-commerce",,17900,,60,16,187,2022-10-27,YYYY-00-DD 00:00:SS,Private,
layoff_02245,  Zeen ,San Francisco,United States,Social media startup,Unknown,6400,147,,100,50,2025-07-22,"July 22, 2025",Unknown,
layoff_01030,Wheel,Austin,United States of America,Healthcare,,200,,56,28,215,01-Feb-2023,"February 02, 2023",Unknown,
layoff_03404,  Brex ,SF Bay Area,United States,Finance,Series D,1410,732,282,,1500,01/23/2024,01-23-24,Unknown,
layoff_00712,Built In,Chicago,United States,  HR,Series C,200,150,50,25,29,10/05/2022,2022-10-05,Private,
layoff_02201,Amazon,Seattle,United States,Retail,Post-IPO,250,30,100,7,8100,"May 24, 2025",YYYY-00-DD 00:00:SS,Unknown,
layoff_03864,Western Digital,  SF BAY AREA,U.S.,Hardware,POST-IPO  ,110000,61,211,15,900,13-Jun-2023,YYYY-00-DD 00:00:SS,Unknown,
layoff_05572,Wonder,new york city ,United States,Other,Unknown,7500,313,6000,10%,1,04/02/2020,YYYY-00-DD 00:00:SS,Unknown,
layoff_04035,LendingTree,charlotte  ,United States,Finance  ,post-ipo ,1154,384,150,13,85,2023-03-30,YYYY-00-DD 00:00:SS,Unknown,
layoff_03929,Clearbit,SF Bay Area,U.S.A.,Sales,Series A,900,1350,30,7,17,"May 18, 2023",05-18-23,Unknown,
layoff_03926,Nuance Communications,Boston,United States,Healthcare,Acquired,200,170,800,100,,05/20/2023,05-22-23,Unknown,
layoff_01712,True Anomaly,,USA,Aerospace,Series B,120,90,30,25,158,2024-04-26,YYYY-00-DD 00:00:SS,Unknown,
layoff_04100,Alerzo,Ibadan,Nigeria,Retail,Series B,163,1330,400,8,16,2023-03-06,YYYY-00-DD 00:00:SS,Unknown,
layoff_00368, rad power bikes  ,Seattle,U.S.A.,Transportation,Series D,714,614,100,14,,2022-04-12,YYYY-00-DD 00:00:SS,Unknown,
layoff_04857,Loja Integrada,Sao Paulo,Brazil,Retail,Acquired,250,1822,25,,153,08-25-22,YYYY-00-DD 00:00:SS,Unknown,
layoff_04546,  SQZ Biotech,Boston,United States,Healthcare,Post-IPO,213,400,100,60,229,01-Dec-2022,"December 11, 2022",Unknown,
layoff_02149,Brightcove,Boston,United States,Marketing,Acquired,600,402,198,,145,03/19/2025,"March 21, 2025",Unknown,
layoff_02864,Picnic,Seattle,United States,Food,Unknown,33,348,273,100,52,26-May-2026,YYYY-00-DD 00:00:SS,Unknown,
layoff_04653,Liftoff,SF Bay Area,United States,Marketing,Acquired,867,380,130,15%,,"November 09, 2022",YYYY-00-DD 00:00:SS,Unknown,
layoff_03121,Clear,Bengaluru,India,Finance,Series C,906,410,145,16,140,2025-08-01,YYYY-00-DD 00:00:SS,Unknown,
layoff_03031,Tailwind Labs,Oklahoma City,United States, Product,Unknown,1857,1725,3,9,315,2026-01-08,13-Jan-2026,Unknown,
layoff_04774,Spin,SF Bay Area,United States,Transportation,Acquired,780,300,78,10,8,09-30-22,10/03/2022,Unknown,
layoff_03814,Petal,New York City,United States,Finance,,75,1128,4000,20,704,06/30/2023,YYYY-00-DD 00:00:SS,Unknown,
layoff_05140,Gather, SF Bay Area,United States,CONSUMER ,Series B,91,166,30,33%,,06/02/2022,YYYY-00-DD 00:00:SS,Unknown,
layoff_02879,Trend Micro,Sydney,Australia, security  ,Post-IPO,2100,5700,45,,92,12-May-2026,16-Jun-2026,Unknown,
layoff_00953,Lattice,San Francisco,U.S.A., hr  ,Series F,700,595,105,,328,01-12-23,01-12-23,Private,
layoff_04801,Netflix,,us,Media,post-ipo,1500,1020,30,8%,121900,"September 14, 2022",YYYY-00-DD 00:00:SS,Unknown,
layoff_02226,retrain.ai,New York City,United States,Software Development,Unknown,20,276,20,100,34,02-Jul-2025,YYYY-00-DD 00:00:SS,Unknown,
layoff_00153,Kodiak Robotics,Mountain View,us,  transportation ,Series A,75,,15,20%,40,"April 15, 2020",YYYY-00-DD 00:00:SS,Unknown,
layoff_03640,iSpecimen,Boston,United States,Healthcare,Post-IPO,317,2300,113,20%,31,09/06/2023,YYYY-00-DD 00:00:SS,Unknown,
layoff_02450,Sendoso,San Francisco,Unknown,Marketing Automation,Unknown,714,233,100,14,14,06-Jun-2022,2022-06-06,Private,
layoff_05314,Yelp,SF Bay Area,U.S.A., Consumer,Post-IPO,3000,1395,63,10,56,07/13/2020,2020-07-13,Unknown,
layoff_01610,Electronic Arts,Redwood City,U.S.,Consumer,Post-IPO ,13400,12730,,5%,2,02/28/2024,YYYY-00-DD 00:00:SS,,
layoff_02508,Celsius," Hoboken, New Jersey",-,Crypto,Unknown,600,126,150,,549,"July 03, 2022",YYYY-00-DD 00:00:SS,Private,
layoff_00164,People.ai,San Francisco  ,United States,Marketing, series c ,167,,30,18,100,04/17/2020,YYYY-00-DD 00:00:SS,Unknown,
layoff_03767,Lamudi Indonesia,Jakarta,Indonesia,Real Estate,Acquired,1000,360,115,12,56,17-Jul-2023,YYYY-00-DD 00:00:SS,Unknown,
layoff_00557,Hubilo,San Francisco,us,Marketing,Series B,375,330,45,12,153,"July 12, 2022",YYYY-00-DD 00:00:SS,Private,
layoff_01385,chipper cash ,San Francisco,United States,Finance,Series C,45,30,15,,302,12/11/2023,YYYY-00-DD 00:00:SS,Unknown,
layoff_01843,Sightful,Tel Aviv,Israel,Hardware,Unknown,61,41,20,33,61,07/01/2024,"July 03, 2024",Unknown,
layoff_04364,Coda, SF Bay Area  ,U.S.,Other,Series D,667,1581,350,9,240,18-Jan-2023,YYYY-00-DD 00:00:SS,Unknown,
layoff_05166,The Zebra,Austin,United States,,Series D,540,62,40,6,,24-May-2022,YYYY-00-DD 00:00:SS,Unknown,
layoff_01708,  tesla,Palo Alto,,Motor Vehicle Manufacturing,Unknown,140000,126000,6020,10,20200,04/24/2024,YYYY-00-DD 00:00:SS,Unknown,
layoff_04445,Everlane,SF Bay Area,United States,Retail  ,Unknown,176,1330,30,17,176,"January 05, 2023",YYYY-00-DD 00:00:SS,Unknown,
layoff_03818,Insider Intelligence,New York City,United States,Media,Subsidiary,200,192,20,3,696,06-29-23,YYYY-00-DD 00:00:SS,Unknown,
layoff_01365,Faire,San Francisco,United States of America, retail,Series G,1250,1000,250,20,1700,01-Nov-2023,YYYY-00-DD 00:00:SS,Unknown,
layoff_02942,Rec Room,Seattle,United States,Consumer,Series F,2000,188000,6,100,294,"March 31, 2026",YYYY-00-DD 00:00:SS,Unknown,
layoff_01992,Dropbox,San Francisco,United States,Other,Post-IPO,2635,2108,527,,,30-Oct-2024,YYYY-00-DD 00:00:SS,Unknown,
layoff_05331,GoDaddy,Austin,United States,Marketing,post-ipo  ,7517,360,451,,390,24-Jun-2020,25-Jun-2020,Unknown,
layoff_00002,Panda Squad,San Francisco,United States,Consumer,Seed,8,2,6,75,1,13-Mar-2020,YYYY-00-DD 00:00:SS,Unknown,
layoff_03588,Twitch,SF Bay Area,United States of America, CONSUMER,  acquired  ,11250,4288,870,25%,35,10/03/2023,04-Oct-2023,Unknown,
layoff_03845,Friday Health Plans,Alamosa,United States,Healthcare,Private Equity,200,399,180,80%,306,06/21/2023,06-22-23,Unknown,
layoff_05093,Bytedance,Shanghai,China,Consumer,Unknown,1062,1276,150,30,9400,06/17/2022,YYYY-00-DD 00:00:SS,Unknown,
layoff_01517,Flexport,San Francisco,United States,Logistics,Series E,260,570,90,20,2,26-Jan-2024,YYYY-00-DD 00:00:SS,Unknown,
layoff_01666,Yummly,San Carlos,United States,Food,Acquired,4000,5953,100,100,,2024-04-03,YYYY-00-DD 00:00:SS,Unknown,
layoff_04055,Aspiration,Los Angeles,United States,Finance,Unknown,685,,170,14,250,24-Mar-2023,YYYY-00-DD 00:00:SS,Unknown,
layoff_02547,Parler,"  Nashville, TN",,Social media,Unknown,80,996,60,,621,2023-01-10,YYYY-00-DD 00:00:SS,Private,
layoff_01570,Kandji,San Diego,United States,Other,Series C,2100,150,74,50,188,09-Feb-2024,YYYY-00-DD 00:00:SS,,
layoff_02645,FullStory,Atlanta,Unknown,"SaaS, data",Unknown,300,28,87,50,14,09-08-22,YYYY-00-DD 00:00:SS,Private,
layoff_00728, PLAYDOTS ,New York City  ,United States,Consumer,Acquired,65,0,65,100,10,13-Oct-2022,YYYY-00-DD 00:00:SS,Unknown,
layoff_04533,ROUTE, LEHI,United States of America,Retail, unknown ,225,1205,190,5%,,"December 05, 2022","December 07, 2022",Unknown,
layoff_01675, checkr,San Francisco,United States,HR,Series D,1194,812,382,32,17,09-Apr-2024,YYYY-00-DD 00:00:SS,Unknown,
layoff_03164,SambaNova,SF Bay Area,United States,AI,Series D,513,48,77,,1100,25-Apr-2025,YYYY-00-DD 00:00:SS,Unknown,
layoff_01475,GrabCAD,Tallinn,Estonia,,Acquired,0,2625,13,20,28,01-12-24,YYYY-00-DD 00:00:SS,Unknown,
layoff_03894,Zume,SF Bay Area,U.S.,Food,Unknown,2500,13250,26,100,423,2023-06-02,YYYY-00-DD 00:00:SS,Unknown,
layoff_04028,View,sf bay area  ,United States, Other,Post-IPO,739,575,170,23,2300,"April 03, 2023",YYYY-00-DD 00:00:SS,,
layoff_05519, Connected,Toronto,Canada,Product,Unknown,170,733,17,10,222,04/08/2020,YYYY-00-DD 00:00:SS,Unknown,
layoff_00464,Compass,New York City,United States,Real Estate,  POST-IPO,4500,,450,10%,1600,"June 14, 2022",YYYY-00-DD 00:00:SS,Unknown,
layoff_04928,SoundCloud,Berlin,Germany,Consumer,Unknown,100,,170,20%,542,03-Aug-2022,"August 03, 2022",Unknown,
layoff_03655,Zeplin,SF Bay Area,United States,,Seed,106,240,37,35,,08-30-23,YYYY-00-DD 00:00:SS,Unknown,
layoff_00215,TheSkimm,New York City,U.S.,Media,Series C,130,104,26,,28,05/01/2020,YYYY-00-DD 00:00:SS,Unknown,
layoff_02103,Meta,Menlo Park,us,Consumer,Post-IPO,72000,68400,3600,5%,26000,02/10/2025,YYYY-00-DD 00:00:SS,Unknown,
layoff_04812,Brighte,Sydney,Australia,Energy,Series C,433,17,58,100%,145,09/09/2022,YYYY-00-DD 00:00:SS,Unknown,
layoff_05236,Madefire,sf bay area  ,us,Media,Series B,3600,1900,14,100,16,"April 29, 2021",YYYY-00-DD 00:00:SS,Unknown,
layoff_01069,ServiceTitan,Los Angeles,,Sales,Series G,2763,,,8%,1100,02-15-23,2023-02-16,Unknown,
layoff_02850,GitLab,SF Bay Area,United States,Product,Post-IPO,2500,54,350,14,413,06-02-26,YYYY-00-DD 00:00:SS,Unknown,
layoff_00106,Wordstream,,United States of America,Marketing,Acquired,260,234,26,10,,06-Apr-2020,YYYY-00-DD 00:00:SS,Unknown,
layoff_01117,TradeWindow,Auckland,New Zealand,Finance,Series B,83,58,25,30,24,15-Mar-2023,03-15-23,Unknown,
layoff_03995,Opendoor,SF Bay Area,U.S.,,Post-IPO,2545,3135,560,22,1900,2023-04-18,YYYY-00-DD 00:00:SS,Unknown,
layoff_02972,MicroVision,Seattle,U.S.,Other,Post-IPO,822,7200,49,100%,415,2026-03-03,YYYY-00-DD 00:00:SS,Unknown,
layoff_03842,Anaplan,SF Bay Area,U.S.A.,Other,acquired,307,21,300,20%,,21-Jun-2023,06-24-23,Unknown,
layoff_04331,BitTorrent,SF Bay Area,United States,Infrastructure,Acquired,60,720,92,40%,173,01-20-23,YYYY-00-DD 00:00:SS,Unknown,
layoff_03494,Halodoc,Jakarta,India,Healthcare,Series D,500,2880,245,100,,11-14-23,11-15-23,Unknown,
layoff_00980,Vroom,New York City,United States,Transportation,Post-IPO,1375,1100,275,20%,1300,2023-01-18,"January 20, 2023",Unknown,
layoff_04826,Intercom,SF Bay Area,United States,SUPPORT,Series D,980,147,49,5,240,"September 07, 2022",YYYY-00-DD 00:00:SS,Unknown,
layoff_01923,Velo3D,Fremont,United States,Manufacturing,Post-IPO,333,1417,42,,305,2024-08-26,YYYY-00-DD 00:00:SS,Unknown,
layoff_00750,Argo AI,PITTSBURGH ,United States, Transportation  ,Unknown,2850,2677,173,6.1,,"October 26, 2022",YYYY-00-DD 00:00:SS,Private,
layoff_00970,Clue, BERLIN,Germany,Healthcare,Unknown,100,69,31,31%,47,18-Jan-2023,YYYY-00-DD 00:00:SS,Unknown,
layoff_05425,Lyft,SF Bay Area,USA,Transportation,Post-IPO,5776,870,982,17%,4900,"April 29, 2020",YYYY-00-DD 00:00:SS,Unknown,
layoff_01337,Lucid Software,Salt Lake City,United States,Other,Series E,1071,996,75,7,170,"September 25, 2023",YYYY-00-DD 00:00:SS,,
layoff_00137,Yelp,San Francisco,United States of America,Consumer,Post-IPO,5882,4882,1000,17,56,2020-04-09,YYYY-00-DD 00:00:SS,Unknown,
layoff_04984,Splice,New York City,United States,Media,Series D,344,153,23,2,159,"July 20, 2022","August 05, 2022",Unknown,
layoff_02925,Esh Group,Tel Aviv,Israel,FINANCE  ,Acquired,375,4533,30,,896,04-12-26,YYYY-00-DD 00:00:SS,Unknown,
layoff_01622,OUR NEXT ENERGY  ,Detroit,United States,  Transportation , SERIES B,308,,,,390,03/04/2024,YYYY-00-DD 00:00:SS,Unknown,
layoff_00053,Thumbtack,San Francisco,USA,Consumer,Series F,833,583,250,30,423,2020-03-30,YYYY-00-DD 00:00:SS,Unknown,
layoff_02713,Baakt,"Alpharetta, GA",Unknown,CRYPTOCURRENCY,Unknown,100,280,20,,,"December 08, 2022",12-08-22,Public,
layoff_00213,Namely,  NEW YORK CITY  ,United States,,Series E,275,165,110,40,217,"May 01, 2020",05-02-20,Unknown,
layoff_04240,Miro,SF Bay Area,United States,Other,Series C,1700,1080,119,7,,2023-02-02,YYYY-00-DD 00:00:SS,Unknown,
layoff_02964,InvestCloud,Los Angeles,United States of America,Finance,Private Equity,1500,15,150,28,,"March 10, 2026",YYYY-00-DD 00:00:SS,Unknown,
layoff_04679,Shippo,  sf bay area  ,United States of America,Logistics,Series E,300,690,60,,154,11/03/2022,YYYY-00-DD 00:00:SS,Unknown,
layoff_05403, THOUGHTSPOT  ,SF Bay Area,United States,Data,Series E,1200,6930,84,,743,"May 06, 2020",08-May-2020,Unknown,
layoff_01833,octopus ventures  ,London,United Kingdom,Finance,,50,42,,16,70,"June 25, 2024",YYYY-00-DD 00:00:SS,Unknown,
layoff_03891,Flyhomes, seattle,United States,Real Estate,  Series C ,290,518,71,,310,"June 05, 2023",YYYY-00-DD 00:00:SS,,
layoff_03275,APPLE  ,SF Bay Area,United States, HARDWARE ,Post-IPO,650,61,,15,1200,08-27-24,YYYY-00-DD 00:00:SS,Unknown,
layoff_03701,MPL,Bengaluru,India,Consumer,Unknown,65,1093,350,20,375,08/08/2023,YYYY-00-DD 00:00:SS,Unknown,
layoff_03349,Checkr,SF Bay Area,United States,HR,Series D,1194,13514,382,32%,679,04/09/2024,YYYY-00-DD 00:00:SS,Unknown,
layoff_02271,Oracle,Seattle,USA,Cloud Technology Company,,258,128,150,25%,33,08-14-25,YYYY-00-DD 00:00:SS,Unknown,
layoff_05177,Progrexion,Salt Lake City,United States,Finance,Acquired,700,71,100,30,,"May 05, 2022",YYYY-00-DD 00:00:SS,Unknown,
layoff_03846,Illumina,San Diego,United States,Healthcare,Post-IPO,867,0,250,13,,"June 21, 2023",YYYY-00-DD 00:00:SS,Unknown,
layoff_01873,Pocket FM,Bengaluru,India,Media,Series D,280,201,200,,212,07/27/2024,2024-07-29,Unknown,
layoff_00310,Checkr,  san francisco,United States,HR,Series D,533,469,64,12,309,07-23-20,YYYY-00-DD 00:00:SS,Unknown,
layoff_02690,Informatica,"Redwood City, CA",-,"big data, cloud computing ",Unknown,6429,855,450,,490,01-10-23,YYYY-00-DD 00:00:SS,Public,
layoff_01430,LiveVox,San Francisco,United States,Support,Acquired,4000,5586,200,5,12,01-07-24,YYYY-00-DD 00:00:SS,Unknown,
layoff_02664,Tripwire,Portland,USA,Security,Acquired,714,614,40,4,29,2022-05-12,"May 12, 2022",Private,
layoff_05486,Dude Solutions,Raleigh,United States,Other,Acquired,7500,225,305,,100,15-Apr-2020,YYYY-00-DD 00:00:SS,Unknown,
layoff_02803,Tokopedia,Jakarta,Indonesia,Retail,Acquired,239,219,30,90%,2800,07-01-26,YYYY-00-DD 00:00:SS,Unknown,
, EXPEDIA ,,United States,Travel,Post-IPO,243,,400,,3300,"February 26, 2025",02-28-25,Unknown,
layoff_02787,Gigbanc,Lagos,Nigeria,Finance,Seed,2000,2132,100,100,1,07/13/2026,YYYY-00-DD 00:00:SS,Unknown,
layoff_02886,Staffbase,chemnitz ,Germany,Other,Series E,800,6360,176,22,306,05-08-26,YYYY-00-DD 00:00:SS,Unknown,
layoff_01096,Thoughtworks,Chicago,United States of America,Other,POST-IPO  ,12500,12000,500,4,748,"March 01, 2023",YYYY-00-DD 00:00:SS,Unknown,
layoff_02569,Subspace,Los Angeles,United States,media/entertainment ,Series B,1714,0,480,100%,80,13-May-2022,YYYY-00-DD 00:00:SS,Private,
layoff_00469,OpenWeb,TEL AVIV ,Israel,Media,Series E,280,266,14,,223,2022-06-15,YYYY-00-DD 00:00:SS,Unknown,
layoff_00860,Wonder,New York City,United States,Food,Series B,1857,1727,130,7,850,2022-11-30,YYYY-00-DD 00:00:SS,Unknown,
layoff_03570,Braid,SF Bay Area,United States,Finance, UNKNOWN,129,2132,5,100,,10/09/2023,YYYY-00-DD 00:00:SS,,
layoff_00777,Exodus,Nebraska City,United States,Crypto,Unknown,268,209,59,22,60,2022-11-04,YYYY-00-DD 00:00:SS,Unknown,
layoff_01287,Verbit,New York City,United States of America,,Series E,1000,940,60,6,569,"July 27, 2023",YYYY-00-DD 00:00:SS,Unknown,
layoff_01617,Pristyn Care,Gurugram,India,Healthcare,Series E,1714,1594,120,,177,03-01-24,YYYY-00-DD 00:00:SS,Unknown,
layoff_04869,Hodlnaut,Singapore,Singapore,Crypto,Unknown ,50,2567,40,80,84,19-Aug-2022,2022-08-20,,
layoff_02229,Nayax,Herzliya,Israel,Fintech,,6250,50,70,,104,07/07/2025,YYYY-00-DD 00:00:SS,Unknown,
layoff_03788,Everquote,Evansville,United States,FINANCE  ,Post-IPO,413,58,100,33%,53,"July 11, 2023",YYYY-00-DD 00:00:SS,Unknown,
layoff_03900,Fractal Software,New York City,United States,Other,Unknown,1000,1008,58,,1300,"June 01, 2023",04-Jun-2023,Unknown,
layoff_05371,Checkmarx,Tel Aviv,Israel,Security,Acquired,1786,273,300,10,92,18-May-2020,05-23-20,Unknown,
layoff_05172,CommonBond,New York City,United States,Finance,Series D ,375,115,22,48,130,05/13/2022,YYYY-00-DD 00:00:SS,Unknown,
layoff_00045,ZipRecruiter,Los Angeles,U.S.A.,HR,Series B,1026,626,400,39,219,"March 29, 2020",03-29-20,Unknown,
layoff_04687,Opendoor,SF Bay Area,U.S.,Real Estate,Post-IPO,3056,8,,18,1900,02-Nov-2022,YYYY-00-DD 00:00:SS,Unknown,
layoff_03056,Playtika,Tel Aviv,Israel,Consumer,Post-IPO,3500,6400,700,20,26000,2025-11-17,YYYY-00-DD 00:00:SS,,
layoff_02218,Microsoft,Seattle,United States,Other,Post-IPO,5000,145,90,35,1,06/24/2025,06/25/2025,Unknown,
layoff_01887,Mobius Motors,Nairobi,Kenya,Transportion,Unknown,200,180,40,,6,08/06/2024,06-Aug-2024,Unknown,
layoff_05205,Lightico,Tel Aviv,Israel,,Series B,160,0,20,4,,"March 31, 2022",YYYY-00-DD 00:00:SS,,
layoff_01851,UIPath,New York City,United States,,Post-IPO,4200,3780,420,10,2,09-Jul-2024,YYYY-00-DD 00:00:SS,Unknown,
layoff_02089,Cruise,San Francisco,us,,Acquired,2000,1000,1000,,15000,2025-02-04,YYYY-00-DD 00:00:SS,Unknown,
layoff_00358,Better.com,,us,Real Estate,Unknown,9091,6091,3000,33,905,2022-03-08,03/09/2022,Unknown,
layoff_05405,JUUL ,sf bay area  ,United States,Consumer,Unknown,3000,261,900,30%,1500,05/05/2020,YYYY-00-DD 00:00:SS,,
layoff_03265,DoubleCloud,Dubai,United Arab Emirates,Infrastructure,Unknown,82000,855,40,100,,09/30/2024,10/02/2024,Unknown,
layoff_00366,Unacademy,Bengaluru,India,Education,Series H,5882,4882,1000,17,838,04/07/2022,YYYY-00-DD 00:00:SS,Unknown,
layoff_00958, snappy , NEW YORK CITY ,USA,Marketing,  Series C,333,233,100,,104,01/15/2023,YYYY-00-DD 00:00:SS,Unknown,
layoff_04885, ThredUp  ,Chicago,U.S.A.,Retail,Post-IPO,880,1820,200,15%,305,15-Aug-2022,YYYY-00-DD 00:00:SS,Unknown,
layoff_00004,Inspirato,Denver,USA,Travel,Series C,591,461,130,22%,79,03-16-20,"March 31, 2020",Unknown,
layoff_02866,ClickUp,San Diego,United States,Other,Series C,60,3780,25,22%,537,2026-05-21,05/21/2026,Unknown,
layoff_00774,Pleo,Copenhagen,Denmark,Finance,  series c ,1000,,150,15,428,11-03-22,YYYY-00-DD 00:00:SS,Unknown,
layoff_04800,Twilio,SF Bay Area,United States,Other,Post-IPO,7273,2700,800,11,,09/14/2022,YYYY-00-DD 00:00:SS,Unknown,
layoff_00254,Uber,San Francisco,United States of America,Transportation,  POST-IPO  ,23077,20077,3000,,24700,18-May-2020,05/18/2020,,
layoff_04101,UKG,Miami,us,HR,Unknown,14667,140,265,9%,131,"March 06, 2023",YYYY-00-DD 00:00:SS,Unknown,
layoff_05618,B8ta,SF Bay Area,United States,Retail,Series C,500,15750,250,50,88,26-Mar-2020,03-29-20,Unknown,
layoff_04765,Foresight Insurance,SF Bay Area,United States,finance,Series B,789,15,13,40,58,10-06-22,YYYY-00-DD 00:00:SS,Unknown,
layoff_05563,Copper,SF Bay Area,United States,Marketing,Series C,500,665,35,11%,102,04-02-20,YYYY-00-DD 00:00:SS,Unknown,
layoff_02214,Khoros,  AUSTIN  ,U.S.A.,Sales,Private Equity,3750,160,,,138,06-20-25,YYYY-00-DD 00:00:SS,Unknown,
layoff_05095,PharmEasy,Mumbai,India,Healthcare,Unknown,1900,222,40,13,1600,"June 16, 2022",YYYY-00-DD 00:00:SS,Unknown,
layoff_02458,The Mom Project,Chicago,-,talent marketplace ,Unknown,360,241,54,15,250,07-20-22,2022-07-20,Private,
layoff_01609,Sony Interactive,San Mateo,United States,Consumer,Subsidiary,11250,10350,900,8,652,02/27/2024,YYYY-00-DD 00:00:SS,Unknown,
layoff_01896,Tally,San Francisco,United States,  finance , SERIES C  ,400,567,1000,100,172,08/12/2024,12-Aug-2024,Unknown,
layoff_04463,mara  ,Nairobi,Kenya,Crypto,Seed  ,727,,44,30,23,31-Dec-2022,YYYY-00-DD 00:00:SS,Unknown,
layoff_01218,Project44, chicago  ,United States of America,Logistics,Unknown ,1300,1170,130,,817,05/26/2023,YYYY-00-DD 00:00:SS,Unknown,
layoff_05500,BeeTech,Sao Paulo,Brazil,Finance,,108,,30,100,14,04/10/2020,2020-04-29,Unknown,
layoff_01539,Illumina,San Diego,United States,Healthcare,Post-IPO,1923,0,111,5%,28,01-Feb-2024,YYYY-00-DD 00:00:SS,,
layoff_01480,First Mode,Seattle,United States,Transportation,Acquired,240,192,48,20%,9,2024-01-16,YYYY-00-DD 00:00:SS,Unknown,
layoff_00568,Zego,London,United Kingdom,Finance,Series C,500,415,85,17,202,07-14-22,YYYY-00-DD 00:00:SS,Unknown,
layoff_03270,CENTER  ,Seattle,United States,Finance,Series C,200,1800,8,,102,"September 07, 2024",YYYY-00-DD 00:00:SS,Unknown,
layoff_05427,Kitopi,New York City,United States,Food,Series B,400,960,124,100,89,2020-04-29,04/29/2020,Unknown,
layoff_03835,Lordstown Motors,,United States,Transportation,Post-IPO,5776,300,40,100%,1100,06-27-23,YYYY-00-DD 00:00:SS,Unknown,
layoff_03866,ZALANDO,Berlin,Germany,RETAIL  ,Post-IPO,2350,911,60,18,468,2023-06-13,YYYY-00-DD 00:00:SS,Unknown,
layoff_05429,Transfix, New York City ,United States,Logistics,Series D  ,240,277,24,10%,,"April 29, 2020",YYYY-00-DD 00:00:SS,,
layoff_02919,Swyftx,Brisbane,Australia,,  UNKNOWN,247,567,37,,423,04-15-26,05/21/2026,Unknown,
layoff_01589,Farfetch, LONDON,United Kingdom,Retail,Acquired ,8000,6000,2000,25,2,02/16/2024,YYYY-00-DD 00:00:SS,Unknown,
layoff_04201,Wonderschool,sf bay area,United States,Education,Series A,0,117,120,4,24,02/10/2023,YYYY-00-DD 00:00:SS,Unknown,
layoff_03580, schoolmint ,SF BAY AREA ,United States, education ,Acquired,207,4882,29,14,8,05-Oct-2023,YYYY-00-DD 00:00:SS,Unknown,
layoff_05162,Airlift,Lahore,Pakistan,Logistics,Series B,750,240,75,31,109,05-25-22,05/25/2022,Unknown,
layoff_00158,CarGurus,Boston,U.S.A.,Transportation,Post-IPO,1000,870,130,13,1,"April 16, 2020",04-16-20,Unknown,
layoff_02808,  ADP  ,Jersey City,U.S.,HR,Post-IPO,1650,28,76,18,,2026-06-26,06-30-26,Unknown,
layoff_05074,Mark43,  new york city  ,United States,Other,  Series E ,2000,12000,1000,100,229,2022-06-23,YYYY-00-DD 00:00:SS,Unknown,
layoff_01301,Discord,San Francisco,United States,Consumer,Series H,925,888,37,4%,,08-03-23,YYYY-00-DD 00:00:SS,Unknown,
layoff_00123,Quantcast,San Francisco,United States,Marketing,Series C ,600,570,30,5,65,04-08-20,YYYY-00-DD 00:00:SS,Unknown,
layoff_05598,blume global  ,SF Bay Area,United States of America,Logistics,Unknown  ,300,1367,30,10,227,"March 30, 2020",YYYY-00-DD 00:00:SS,Unknown,
layoff_02224,Microsoft, Seattle  ,United States,Other,Post-IPO,225000,216000,9000,4,1,2025-07-02,YYYY-00-DD 00:00:SS,Unknown,
layoff_02008,ShareFile,raleigh,U.S.A.,Other,ACQUIRED,822,150,1,22,64,07-Nov-2024,YYYY-00-DD 00:00:SS,Unknown,
layoff_03998,CoLab,Sydney,Australia,Food,Seed,400,509,60,100,3,"April 18, 2023",YYYY-00-DD 00:00:SS,Unknown,
layoff_05118,Kavak, Sao Paulo,Brazil,TRANSPORTATION  , series e ,190,,150,5,1600,"June 08, 2022",YYYY-00-DD 00:00:SS,Unknown,
layoff_01312,Twiga, nairobi  ,Kenya,Food,Series C,858,575,283,33,157,"August 20, 2023",08-22-23,Unknown,
layoff_00450,stashaway  ,Singapore,Singapore,Finance,Series D,221,190,31,14,61,06-09-22,YYYY-00-DD 00:00:SS,Unknown,
layoff_03486,  FINTECHOS ,Bucharest,Romania,Finance,Series B,1200,732,150,25%,91,"November 15, 2023",YYYY-00-DD 00:00:SS,Unknown,
layoff_05239,Medium,SF Bay Area,United States,Media,Series C,471,180,0,,132,2021-03-24,YYYY-00-DD 00:00:SS,Unknown,
layoff_02451,MALWAREBYTES,San Francisco,unknown,"security, enterprise software", unknown,893,3779,125,,,2022-08-17,YYYY-00-DD 00:00:SS,Private,
layoff_02668,F5,Seattle,United States,"SaaS, enterprise software",Post-IPO,10000,3840,100,1%,522,10/21/2022,11-17-22,Public,
layoff_00563,  TONAL  ,San Francisco,us,Fitness,Series E,749,487,262,35%,,13-Jul-2022,YYYY-00-DD 00:00:SS,,
layoff_01637,Textio,,, HR ,Unknown,88,74,14,16,42,14-Mar-2024,YYYY-00-DD 00:00:SS,Unknown,
layoff_01926,Character.ai,Menlo Park,United States,AI,Series A,120,114,6,5,150,08/29/2024,08/29/2024,Unknown,
layoff_01938,InsurStaq.ai,New Delhi,India,AI,Seed,100,600,150,100,,09/09/2024,YYYY-00-DD 00:00:SS,Unknown,
layoff_03630,Bonterra,Austin,United States,Other,Unknown,822,7350,170,10,73,11-Sep-2023,09/21/2023,Unknown,
layoff_04643,Coinbase, sf bay area,United States,Crypto,POST-IPO  ,375,,60,33%,,10-Nov-2022,YYYY-00-DD 00:00:SS,Unknown,
layoff_05229,Tanium,Seattle,United States,Security,Unknown,550,,30,100%,1000,2021-08-30,YYYY-00-DD 00:00:SS,,
layoff_02586,Booking.com,"Grand Rapids, MI",-,"Travel, hotels",Unknown,558,225,226,20,3,"November 01, 2022","November 01, 2022",Private,
layoff_04483,Apollo,SF Bay Area,USA,Product,Series D,3150,810,6,,183,12-15-22,2022-12-15,Unknown,
layoff_05441,Cheddar,New York City,United States,Media,,500,5173,23,10,54,"April 24, 2020","April 30, 2020",Unknown,
layoff_02104, wise ,Tampa Bay,United States,Finance,Post-IPO,520,115,300,45,300,2025-02-10,YYYY-00-DD 00:00:SS,Unknown,
layoff_05606,Everlane,SF Bay Area,United States, Retail  ,,458,,227,,18,03/27/2020,YYYY-00-DD 00:00:SS,Unknown,
layoff_01719, akili interactive ,Boston,United States, healthcare,Post-IPO,1400,,175,,271,"April 30, 2024",YYYY-00-DD 00:00:SS,,
layoff_04943,Ola,Bengaluru,India,Transportation,Series J,406,732,1000,100,,2022-07-29,YYYY-00-DD 00:00:SS,Unknown,
layoff_03464,Unity,SF Bay Area,United States,Other,Post-IPO,6625,30,265,4,1300,11-28-23,YYYY-00-DD 00:00:SS,Unknown,
layoff_00498,  Vouch  ,San Francisco,United States,Finance,Series C,214,199,15,,159,2022-06-23,23-Jun-2022,Unknown,
layoff_05521, lytics  , portland ,,Marketing,  Series C ,17,610,46,12,58,04-08-20,YYYY-00-DD 00:00:SS,Unknown,
layoff_00697,99,Sao Paulo,Brazil,  Transportation  ,Acquired,3750,,75,,244,"September 20, 2022",YYYY-00-DD 00:00:SS,Unknown,
layoff_04417,  Citizen,New York City,United States,Consumer,Series C,193,1260,33,30%,133,"January 11, 2023",2023-01-12,Unknown,
layoff_02758,Skillz,San Francisco,n/a,"Mobile Apps, Gaming",Unknown,1176,1350,200,,64,08-29-22,2022-08-29,Public,
layoff_02857,BenchSci,Toronto,Canada,Healthcare,Series D,227,810,68,30,164,05-28-26,2026-07-24,Unknown,
layoff_03616,Hooray Foods,SF Bay Area ,United States,Food,  seed,700,6650,150,100,7,09/17/2023,YYYY-00-DD 00:00:SS,,
layoff_04422,Coinbase,SF Bay Area,us,Crypto,Post-IPO,4750,1000,950,,549,01/10/2023,01-10-23,Unknown,
layoff_03994,WalkMe,SF Bay Area,USA,Other,Post-IPO,1120,30,112,10,307,"April 19, 2023",YYYY-00-DD 00:00:SS,Unknown,
layoff_04820,Genome Medical,SF Bay Area,United States,Healthcare,Series C,227,360,23,60,,08-Sep-2022,YYYY-00-DD 00:00:SS,Unknown,
layoff_00476,Zumper,San Francisco,United States,Real Estate,Series D,300,255,45,15,178,06-16-22,YYYY-00-DD 00:00:SS,Private,
layoff_05222,iFit,Logan,U.S.A.,Fitness,Private Equity,800,,50,14,200,08-Dec-2021,YYYY-00-DD 00:00:SS,Unknown,
layoff_01414,Intel,Sacramento,United States,Semiconductors,Post-IPO,220,198,311,10,12,2023-12-21,YYYY-00-DD 00:00:SS,Unknown,
layoff_05282,Waze,SF Bay Area,United States,,Acquired,556,72,30,5.4%,67,09/09/2020,YYYY-00-DD 00:00:SS,Unknown,
layoff_03239,Monarch Tractor,SF Bay Area,United States,Other,Unknown,350,1600,,10,214,2024-11-08,2024-11-09,Unknown,
layoff_00483,  BONSAI  ,Toronto,Canada,retail ,Series A,55,25,,55,27,06/20/2022,YYYY-00-DD 00:00:SS,Unknown,
layoff_00402,MFine,Bengaluru,India,Healthcare,Series C,800,200,600,75,97,05/21/2022,YYYY-00-DD 00:00:SS,Unknown,
layoff_02294,Atlassian,Sydney,Australia,  SOFTWARE DEVELOPMENT  ,Post-IPO,175,18000,200,8,210,10-Sep-2025,YYYY-00-DD 00:00:SS,Unknown,
layoff_04479,Improbable,London,United Kingdom,Other,Unknown,75,200,500,10,,12-16-22,YYYY-00-DD 00:00:SS,Unknown,
layoff_05085,TaskUs,Los Angeles,United States,Support,Post-IPO,7000,931,52,0,279,2022-06-21,06-22-22,Unknown,
layoff_00290,SynapseFI,San Francisco,United States,Finance,Series B,131,68,63,48,50,12-Jun-2020,YYYY-00-DD 00:00:SS,Unknown,
layoff_00859,Ula,Jakarta,Indonesia,Retail,  SERIES B  ,583,,134,23%,140,30-Nov-2022,YYYY-00-DD 00:00:SS,Unknown,
layoff_04355,Wallbox,Barcelona,Spain,Energy,Post-IPO,550,0,350,15,,19-Jan-2023,YYYY-00-DD 00:00:SS,Unknown,
layoff_03986,Lyft,SF Bay Area,U.S.A.,Transportation,Post-IPO,4123,,1072,26,4900,04/21/2023,2023-04-21,Unknown,
layoff_00588,soluto ,Tel Aviv,Israel,Support,Acquired,120,0,,100,18,24-Jul-2022,2022-07-25,Unknown,
layoff_02835,Opendoor,Bengaluru,India,REAL ESTATE,Post-IPO,139,1465,,30,,10-Jun-2026,YYYY-00-DD 00:00:SS,Unknown,
layoff_04095,Appcues,BOSTON,United States,Data, SERIES B ,65,720,700,15,52,03/08/2023,"March 11, 2023",Unknown,
layoff_00531,Teleport,Oakland,United States,Infrastructure,Series C,250,235,15,6,169,01-Jul-2022,YYYY-00-DD 00:00:SS,Private,
layoff_03985,BigPanda,SF Bay Area,United States,Infrastructure,series e,308,170,40,13%,337,24-Apr-2023,YYYY-00-DD 00:00:SS,Unknown,
layoff_04392, bonterra  ,Austin,United States,Other,Unknown,1400,194000,140,10,604,2023-01-13,YYYY-00-DD 00:00:SS,Unknown,
layoff_02624,Autobooks,Detroit,U.S.,"Fintech, payments",Series C,1000,491,20,2,97,12-10-22,"December 11, 2022",,
layoff_02252,Phase,Berlin,Germany,The Animation Tool for UI/UX Designers.,Unknown,30,0,30,100%,814,2025-07-25,YYYY-00-DD 00:00:SS,Unknown,
layoff_02617,Oyster,"Charlotte, NC",Unknown,"human resources, SaaS",,15000,219,39,15,8100,11-Jan-2023,YYYY-00-DD 00:00:SS,Private,
layoff_03424,Morning Consult,Washington D.C.,United States,Data,Series B,2909,809,80,25,91,09-Jan-2024,YYYY-00-DD 00:00:SS,Unknown,
layoff_04608,Kite,SF Bay Area,United States,Product,Series A,833,,6,100,21,16-Nov-2022,YYYY-00-DD 00:00:SS,Unknown,
layoff_02858,Amdocs,St. Louis,United States,Support,  POST-IPO,33333,2524,100,7%,279,28-May-2026,YYYY-00-DD 00:00:SS,Unknown,
layoff_04141,Stax,Orlando,United States,Finance,Series D,122,614,24,50,263,24-Feb-2023,02/26/2023,Unknown,
layoff_00963,Exotel,Bengaluru,India,Support,Series D,947,805,142,15,87,17-Jan-2023,YYYY-00-DD 00:00:SS,Unknown,
layoff_02254,  krutrim  ,Bengaluru,India,AI. made in India. for the world.,Unknown,5625,23603,100,,,07/28/2025,YYYY-00-DD 00:00:SS,Unknown,
layoff_04525,Adobe,SF Bay Area,United States,,Post-IPO,75,,100,11,2,12/06/2022,YYYY-00-DD 00:00:SS,Unknown,
layoff_00425,Cybereason,Boston,United States of America,Security,Series F,1667,1567,100,6,750,01-Jun-2022,YYYY-00-DD 00:00:SS,Private,
layoff_01702,Post.,New York City,us,Social posting site,  unknown ,150,147,20,100%,,04/19/2024,YYYY-00-DD 00:00:SS,Unknown,
layoff_04678,LendingTree,Charlotte,United States of America,Finance,Post-IPO,2500,178,200,20,428,11-03-22,01-23-23,Unknown,
layoff_00353,Liv Up, sao paulo ,Brazil,Food,  series d ,667,567,100,15,118,"February 16, 2022",YYYY-00-DD 00:00:SS,Unknown,
layoff_00925,Moglix,  Singapore  ,Singapore,Retail,Series F,2000,1960,40,2,,2023-01-05,YYYY-00-DD 00:00:SS,,
layoff_00297,Intuit,Mountain View,United States,Finance,Post-IPO,10214,9499,715,7%,18,2020-06-22,YYYY-00-DD 00:00:SS,Unknown,
layoff_01252,Grab, SINGAPORE ,Singapore,Transportation,Post-IPO,9091,8091,1000,,16500,"June 20, 2023",YYYY-00-DD 00:00:SS,Unknown,
layoff_00442,iPrice Group,Kuala Lumpur,Malaysia,Retail,  UNKNOWN ,250,200,50,,26,06/08/2022,YYYY-00-DD 00:00:SS,Unknown,
layoff_00229,Rubicon Project,Los Angeles,United States,Marketing,Post-IPO,625,575,50,8,60,05/06/2020,YYYY-00-DD 00:00:SS,Unknown,
layoff_05111,Stitch Fix,SF Bay Area,United States,Retail,Post-IPO,2200,733,330,,79,"June 09, 2022",YYYY-00-DD 00:00:SS,Unknown,
layoff_05649,Yonder,Austin,United States of America,  MEDIA,Series A,120,607,,3,,20-Mar-2020,YYYY-00-DD 00:00:SS,Unknown,
layoff_01934,Goop,Los Angeles,United States,,Unknown  ,217,178,39,18,75,09/06/2024,YYYY-00-DD 00:00:SS,Unknown,
layoff_02889,  ticketmaster,Los Angeles,United States,Consumer,Acquired,4375,,350,,57.8,05-07-26,YYYY-00-DD 00:00:SS,Unknown,
layoff_02841,Hailo,  tel aviv  ,Israel,Manufacturing,Series C,220,64,110,50,344,08-Jun-2026,06-08-26,Unknown,
layoff_00861,  BIZZABO , New York City  ,United States,MARKETING,Series E,270,,100,37,194,12-01-22,YYYY-00-DD 00:00:SS,Unknown,
layoff_05105,Addi,Bogota,Colombia,Finance,Series C,3333,60,95,15,,2022-06-14,YYYY-00-DD 00:00:SS,Unknown,
layoff_05520,Creditas,Sao Paulo,Brazil, FINANCE ,  SERIES D,1550,182,24,,314,08-Apr-2020,YYYY-00-DD 00:00:SS,Unknown,
layoff_04720,McMakler,Berlin,Germany,Real Estate,Unknown,250,2816,100,12,214,"October 24, 2022",YYYY-00-DD 00:00:SS,Unknown,
layoff_05076,Ro,New York City,United States,Healthcare,Unknown,10000,,100,18%,1000,"June 23, 2022",YYYY-00-DD 00:00:SS,Unknown,
layoff_02129,Expedia,,United States,Travel,Post-IPO,243,,400,,3300,"February 26, 2025",02-28-25,Unknown,
layoff_01071,Wix,Tel Aviv,Israel,Marketing,Post-IPO,6167,5797,370,6,58,02/15/2023,YYYY-00-DD 00:00:SS,Unknown,
layoff_02023,AppLovin,Palo Alto,United States,Marketing,Post-IPO,700,2375,120,25,,11/13/2024,13-Nov-2024,Unknown,
layoff_00031,Bench,Vancouver,Canada,Finance,Series B,470,423,47,10,49,03/27/2020,YYYY-00-DD 00:00:SS,,
layoff_00114,Sage Therapeutics,Boston,United States of America,Healthcare,Post-IPO,642,,340,53,,04/07/2020,YYYY-00-DD 00:00:SS,Unknown,
layoff_00485,SummerBio,Menlo Park,USA,Healthcare,Unknown,101,0,101,100,,2022-06-20,YYYY-00-DD 00:00:SS,Private,
layoff_01973,Nikola,Phoenix,United States,Transportation,Post-IPO,867,737,130,15,3,"October 11, 2024",2024-10-17,Unknown,
layoff_02608,OnlyFans,London,United Kingdom,"  SOCIAL MEDIA, CREATOR ECONOMY  ",Unknown,7,188000,20,20,4900,"August 01, 2022",YYYY-00-DD 00:00:SS,Private,
layoff_04897,Nutanix,SF Bay Area,USA,INFRASTRUCTURE,Post-IPO,6750,7333,270,4,1100,2022-08-09,YYYY-00-DD 00:00:SS,Unknown,
layoff_02876,Jumia,Lagos,Nigeria,Retail,Post-IPO,117,1960,200,100,1200,13-May-2026,"May 15, 2026",Unknown,
layoff_03310,Medtronic,SF Bay Area,United States,Healthcare,Post-IPO,50,,29,,5900,06-13-24,06/14/2024,Unknown,
layoff_04941,Whereby,OSLO ,Norway,Other,Series A,1700,9500,350,8%,10,2022-08-01,2022-08-02,Unknown,
layoff_00611,Robinhood,Menlo Park,United States,Finance ,Post-IPO,3100,2387,713,23,5600,08/02/2022,08/02/2022,Public,
layoff_02069,Alza,New York City,United States,,Seed,1825,,75,100%,7,13-Jan-2025,15-Jan-2025,Unknown,
layoff_02468,TruePill,"Hayward, California",-,Health Care,Unknown,800,5354,558,15,999,06/08/2022,YYYY-00-DD 00:00:SS,Private,
,BOOKING.COM,Amsterdam,Netherlands,Travel,Acquired,17500,439,4375,,,"July 30, 2020",YYYY-00-DD 00:00:SS,Unknown,
layoff_01950,Notable Labs,Foster City,United States of America,Healthcare,Series B,23,572,43,65,,"September 20, 2024",2024-09-20,Unknown,
layoff_05601,Caliva,SF Bay Area,United States,Retail,Series A,267,4900,20,,75,03/30/2020,YYYY-00-DD 00:00:SS,Unknown,
layoff_01836,Moxion Power,Richmond,United States,Energy,Unknown,555,423,101,,,"June 26, 2024",YYYY-00-DD 00:00:SS,Unknown,
layoff_04514,Vedantu,Bengaluru,India,Education,Series E,1500,855,385,10,292,2022-12-07,YYYY-00-DD 00:00:SS,Unknown,
layoff_03857,Zulily,Seattle,United States of America,Retail,Acquired,353,0,24,30%,194,2023-06-16,YYYY-00-DD 00:00:SS,Unknown,
layoff_01036,Protocol Labs,San Francisco,United States,Crypto,Unknown,445,,89,20%,10,03-Feb-2023,YYYY-00-DD 00:00:SS,Unknown,
layoff_00005,Flytedesk,Boulder,us,  Marketing,Seed,20,16,4,20,4,03-18-20,YYYY-00-DD 00:00:SS,Unknown,
layoff_04933, Nylas  ,SF Bay Area,U.S., PRODUCT  ,Series C,320,276,80,,175,"August 02, 2022","August 02, 2022",Unknown,
layoff_03544,Google,SF Bay Area,United States,Consumer,Post-IPO,73615,369,40,30,26,18-Oct-2023,YYYY-00-DD 00:00:SS,Unknown,
layoff_01080,MyGate,Bengaluru,India,Other, SERIES B ,667,467,200,30%,79,20-Feb-2023,YYYY-00-DD 00:00:SS,Unknown,
layoff_04606,Hopin,London,United Kingdom, Other,Series D,417,842,15,17,1000,2022-11-16,2022-11-17,Unknown,
layoff_00433,PolicyGenius,New York City,United States,Finance,Series E,680,510,170,25,286,"June 02, 2022",2022-06-02,Unknown,
layoff_05605,Rent the Runway,New York City,U.S.A.,Retail,Series F,7778,2700,70,17,541,28-Mar-2020,YYYY-00-DD 00:00:SS,Unknown,
layoff_02762,GoLemon, LAGOS,Nigeria,Retail,Unknown,33,111,33,100,,2026-07-30,07-30-26,Unknown,
layoff_02408,Faire,San Francisco,,"E-commerce, retail",,1200,261,84,7,7200,"November 03, 2022",11-03-22,Private,
layoff_04071,GAMURS Group,Sydney,Australia, CONSUMER ,Series A,1176,5120,1000,,17,2023-03-21,YYYY-00-DD 00:00:SS,Unknown,
layoff_03933,TuSimple,San Diego,United States,TRANSPORTATION ,Post-IPO,630,,340,30%,,"May 18, 2023","May 18, 2023",Unknown,
layoff_00560,ChowNow,Los Angeles,U.S.A.,Food,Series C,500,400,100,,64,"July 13, 2022",YYYY-00-DD 00:00:SS,Unknown,
layoff_05452,Nearmap,Sydney,Australia,Construction,Post-IPO,2434,1820,100,10,,2020-04-22,YYYY-00-DD 00:00:SS,Unknown,
layoff_05304,tZero,New York City,United States,Finance,Acquired,250,1395,,20,472,30-Jul-2020,YYYY-00-DD 00:00:SS,Unknown,
layoff_04185,HackerEarth,SF Bay Area,USA,HR,Series B,1000,15040,110,8,,02-14-23,YYYY-00-DD 00:00:SS,Unknown,
layoff_02642,sundae  ,San Francisco,-,  proptech ,Unknown,333,679,140,,6,09-13-22,YYYY-00-DD 00:00:SS,Private,
layoff_04790,Made.com,London,United Kingdom,Retail,Series D,87,0,24,35,136,09-22-22,YYYY-00-DD 00:00:SS,Unknown,
layoff_01580,Away,New York City,United States,Retail,,600,618,65,25,181,2024-02-14,YYYY-00-DD 00:00:SS,Unknown,
layoff_03847,Mutiny,SF Bay Area,United States,,Series B,1300,220,451,30,69,"June 21, 2023",YYYY-00-DD 00:00:SS,Unknown,
layoff_02094,  Intel,Sacramento,United States,Hardware,,11000,45600,58,3,12,"February 04, 2025","February 21, 2025",Unknown,
layoff_04892,Expert360,Sydney,Australia,Recruiting,  Series C,16000,19998,7,13,26,08-11-22,"August 15, 2022",Unknown,
layoff_01429,NanoString Technology,Seattle,United States,Healthcare,Post-IPO,555,505,50,9,826,"January 06, 2024",2024-01-06,Unknown,
layoff_04798,DayTwo,SF Bay Area,United States,Healthcare,Series B,500,14,100,9%,90,09-15-22,YYYY-00-DD 00:00:SS,Unknown,
layoff_02227,Okra,  lagos,Nigeria,FINANCE  ,Series A,1214,459,45,100,12,"July 02, 2025",YYYY-00-DD 00:00:SS,Unknown,
layoff_02357,Pleo,Copenhagen,Denmark,Financial Services,Series C,833,0,100,12%,428,"November 19, 2025",YYYY-00-DD 00:00:SS,Unknown,
layoff_04279,Impossible Foods,SF BAY AREA  ,U.S.A.,Food,Series H,700,315,140,20,1900,30-Jan-2023,YYYY-00-DD 00:00:SS,Unknown,
layoff_01631,Inscribe,San Francisco,United States of America,Finance,Series B,108,450,28,40,,"March 08, 2024",03-08-24,Unknown,
layoff_01081,Basis Technologies,,United States,  Marketing ,Series B,1000,,40,4,52,21-Feb-2023,2023-06-20,Unknown,
layoff_05527,Newfront Insurance,SF Bay Area,us,Finance,Unknown,333,9000,94,20,3500,04/07/2020,YYYY-00-DD 00:00:SS,Unknown,
layoff_03241,Opendoor,SF Bay Area,United States,  REAL ESTATE  ,,1765,0,300,17%,1900,11/07/2024,YYYY-00-DD 00:00:SS,Unknown,
layoff_02431,98point6,Seattle,United States,Health Care,Series E,2812,0,558,10,247,"July 21, 2022",22-Jul-2022,Private,
layoff_00828,Koho,TORONTO  ,Canada,Finance,Series D,375,360,15,4,278,11/17/2022,YYYY-00-DD 00:00:SS,Unknown,
layoff_03413,Cloudflare,SF Bay Area,United States, Security  ,  post-ipo ,80,467,40,7,332,2024-01-11,YYYY-00-DD 00:00:SS,Unknown,
layoff_01987,Twelve,Berkeley,United States,ENERGY ,Unknown,433,368,101,62,844,"October 25, 2024","October 25, 2024",Unknown,
layoff_00604,Metigy,Sydney,,Marketing,,75,0,75,100%,18,31-Jul-2022,02-Aug-2022,Unknown,
layoff_00707,  Mux ,San Francisco,United States,Infrastructure,Series D,200,160,,20,173,09/29/2022,"September 29, 2022",Unknown,
layoff_03247,dYdX,SF Bay Area,United States,,Series C,450,0,68,35%,87,2024-10-29,YYYY-00-DD 00:00:SS,Unknown,
layoff_03112,Oracle,,U.S.,Other,Post-IPO ,8667,97750,289,50,235,08-13-25,09-08-25,Unknown,
layoff_03976,Poppulo,Denver,United States,HR,Acquired,20000,,85,18,30,2023-04-27,"April 29, 2023",Unknown,
layoff_03117,Crunchyroll,Tokyo,Japan,Media,Acquired,5938,153,140,20,26,08/12/2025,08/18/2025,Unknown,
layoff_04971,Owlet,Lehi,USA,Healthcare,Post-IPO,1633,203,50,,178,07-22-22,YYYY-00-DD 00:00:SS,Unknown,
layoff_00261,ShareChat,Bengaluru,India,,Series D,404,303,101,25,222,20-May-2020,YYYY-00-DD 00:00:SS,Unknown,
layoff_04807,Mode Analytics,  sf bay area,United States,Data,,167,81,25,7,81,"September 12, 2022",YYYY-00-DD 00:00:SS,Unknown,
layoff_01838,Planet,San Francisco,United States,Aerospace,Post-IPO,1059,879,180,,574,06/26/2024,YYYY-00-DD 00:00:SS,,
layoff_04147,STRONGDM ,SF Bay Area  ,United States,Infrastructure,Series B,80000,1618,40,13%,,2023-02-23,2023-02-23,Unknown,
layoff_04700,Tapps Games, Sao Paulo,Brazil,Consumer,Unknown  ,1214,920,10,100,90,"November 01, 2022",YYYY-00-DD 00:00:SS,Unknown,
layoff_02601,Tempo Automation,San Francisco,unknown,automotive,Unknown,1567,11001,54,18%,13800,08/17/2022,YYYY-00-DD 00:00:SS,Private,
layoff_05491,VSCO,SF BAY AREA ,United States,Consumer,Series B,129,23,45,35,90,04-14-20,YYYY-00-DD 00:00:SS,,
layoff_03625,At-Bay,sf bay area ,USA,Security,Unknown,300,170,27,,296,"September 12, 2023",YYYY-00-DD 00:00:SS,Unknown,
layoff_01866,Magic Leap,Miami,U.S.,Consumer,Series E,5438,261,75,6,4,2024-07-19,"July 19, 2024",Unknown,
layoff_04342,WeWork,New York City,United States,Real Estate,,218,2125,300,30,22200,2023-01-19,YYYY-00-DD 00:00:SS,Unknown,
layoff_03662,Cuemath,bengaluru  ,India,Education,Unknown,1500,1350,100,5%,121,"August 26, 2023",2023-08-27,Unknown,
layoff_05138,Favo, SAO PAULO  ,Brazil,Food,Series A,400,759,170,5,31,2022-06-02,YYYY-00-DD 00:00:SS,Unknown,
layoff_04793,OUSTER ,SF Bay Area,United States,Transportation,Post-IPO,143,300,120,,282,09/20/2022,YYYY-00-DD 00:00:SS,Unknown,
layoff_04239,NCC Group,manchester ,United Kingdom,Security,Post-IPO,1786,,125,7,80,02-Feb-2023,YYYY-00-DD 00:00:SS,Unknown,
layoff_00089,Bustle Digital Group,New York City,U.S.,Media,Series E,300,276,24,8,80,04/03/2020,YYYY-00-DD 00:00:SS,Unknown,
layoff_01870,Cohere,Toronto,Canada,AI,Series D,400,380,20,5%,935,23-Jul-2024,YYYY-00-DD 00:00:SS,Unknown,
layoff_03937,Quanto,Sao Paulo,Brazil,Finance,Series A,107,1064,1800,85,20,05/16/2023,YYYY-00-DD 00:00:SS,Unknown,
layoff_01279,Inspirato, denver  ,United States,Travel,Post-IPO,833,783,50,6,179,"July 19, 2023","July 20, 2023",Unknown,
layoff_00253,Swiggy,Bengaluru,India,,Series I,7857,6757,1100,14%,1600,"May 18, 2020",YYYY-00-DD 00:00:SS,Unknown,
layoff_00295,Splunk,San Jose,United States,Data,Post-IPO,7000,6930,70,1%,,06/16/2020,YYYY-00-DD 00:00:SS,Unknown,
layoff_00300,  scalefactor ,Austin,United States,Finance,,100,10,90,90,103,23-Jun-2020,YYYY-00-DD 00:00:SS,Unknown,
layoff_05617,Pivot3,AUSTIN  ,United States,Infrastructure,Series H,133,77900,50,,273,"March 27, 2020",YYYY-00-DD 00:00:SS,,
layoff_03119,Windsurf,SF Bay Area,United States,AI,,88,,30,5,243,"August 05, 2025",YYYY-00-DD 00:00:SS,Unknown,
layoff_04584,Natera,SF Bay Area,U.S.A.,Healthcare,POST-IPO,800,9500,,5,809,11-22-22,YYYY-00-DD 00:00:SS,Unknown,
layoff_02217,Intel,,United States,Hardware,Post-IPO,3333,41,320,4,12,24-Jun-2025,YYYY-00-DD 00:00:SS,Unknown,
layoff_03504,BigCommerce,Austin,USA,,Post-IPO,2350,0,70,7,224,2023-11-08,YYYY-00-DD 00:00:SS,Unknown,
layoff_04742,ExtraHop,Seattle,United States,Security,Series C,550,1567,30,8,61,10/13/2022,YYYY-00-DD 00:00:SS,Unknown,
layoff_02194,  builder.ai ,London,U.S.A.,AI,Series D,10,240,6,,,2025-05-20,"May 22, 2025",Unknown,
layoff_01461,888,Tel Aviv,Israel,Consumer,Post-IPO,3850,1133,30,50%,455.2,2024-01-11,YYYY-00-DD 00:00:SS,,
layoff_01161,Paper,Montreal,Canada,Education,Series D,2700,2619,81,3,389,17-Apr-2023,YYYY-00-DD 00:00:SS,Unknown,
layoff_04387,Rebel Foods,Mumbai,India,Food,Unknown,650,,300,2,548,01/16/2023,"January 16, 2023",Unknown,
layoff_05377,Quartz,New York City,United States,Media,Acquired,200,,80,,121900,14-May-2020,YYYY-00-DD 00:00:SS,Unknown,
layoff_02730,Akili Interactive Labs,Boston,Unknown,Health care,  UNKNOWN  ,153,0,46,30,188,01-12-23,2023-01-12,Public,
layoff_03766,IBM,Tel Aviv,Israel,Hardware,,650,307,6650,4%,,"July 17, 2023",07-19-23,Unknown,
layoff_02627,Route,"Lehi, UT",Unknown,"Retail, e-commerce",,417,65,120,7%,4,"December 05, 2022",YYYY-00-DD 00:00:SS,Private,
layoff_00032,Bevi,Boston,United States,Food,Series C,150,120,30,20,60,2020-03-27,"March 28, 2020",Unknown,
layoff_05359,Teamwork,Cork,Ireland,Other,Unknown,8824,7350,21,10,1300,"May 22, 2020",YYYY-00-DD 00:00:SS,Unknown,
layoff_01268,FrontRow,  BENGALURU ,India,Education,Series A,4,0,4,100,17,10-Jul-2023,YYYY-00-DD 00:00:SS,Unknown,
layoff_00029,Peerspace,San Francisco,United States,Real Estate,Series B,55,14,41,75,34,"March 26, 2020",YYYY-00-DD 00:00:SS,Unknown,
layoff_03331,Brilliant,SF Bay Area,United States,Hardware,Series B,250,61,84,100,64,05/08/2024,YYYY-00-DD 00:00:SS,Unknown,
layoff_00446,  CONVOY ,Seattle,United States, Logistics,Series E,1286,1196,90,7,1100,"June 09, 2022",YYYY-00-DD 00:00:SS,Private,
layoff_01171,Lyft,San Francisco,United States,Transportation,Post-IPO,4123,3051,1072,26,4900,21-Apr-2023,YYYY-00-DD 00:00:SS,Unknown,
layoff_03317,Google,SF Bay Area,U.S.A.,Consumer, post-ipo,100,,100,10,26,"May 31, 2024",YYYY-00-DD 00:00:SS,Unknown,
layoff_02095,Workday,  Pleasanton ,USA,HR,  POST-IPO,21875,20125,1750,8,230,02/05/2025,YYYY-00-DD 00:00:SS,Unknown,
layoff_00095,Salsify, Boston  ,United States,Retail,Series D,462,402,60,13,97,"April 03, 2020",YYYY-00-DD 00:00:SS,Unknown,
layoff_01667, AGILITY ROBOTICS ,Portland,United States, other  ,Series B,225000,11001,64,6,179,04-Apr-2024,YYYY-00-DD 00:00:SS,Unknown,
layoff_00030,  Puppet ,Portland,United States,Infrastructure,Series F,500,450,50,10,149,03/26/2020,YYYY-00-DD 00:00:SS,Unknown,
layoff_05574,Flymya,Yangon,Myanmar,Travel,,606,0,200,33,3,"April 01, 2020",YYYY-00-DD 00:00:SS,Unknown,
layoff_03854,Qualcomm,SF Bay Area,us,Hardware,Post-IPO,833,114000,84,2,298,"June 16, 2023",YYYY-00-DD 00:00:SS,Unknown,
layoff_03608,DealShare,Bengaluru,India,Retail,Series E,2800,20900,130,40,390,2023-09-21,YYYY-00-DD 00:00:SS,Unknown,
layoff_02206,eBay,Tel Aviv,Israel,Retail,Post-IPO,1000,1900,200,4,1200,05-28-25,YYYY-00-DD 00:00:SS,Unknown,
layoff_04338,TikTok,los angeles  ,United States,Consumer,Acquired,200000,2000,350,14%,3,2023-01-20,YYYY-00-DD 00:00:SS,Unknown,
layoff_03514,Pico Interactive,  sf bay area ,United States,Other,Acquired,364,106286,80,20,62,2023-11-06,YYYY-00-DD 00:00:SS,Unknown,
layoff_04399,  Lending Club,SF Bay Area,United States,Finance,Post-IPO,1607,10,225,14,392,2023-01-12,12-Jan-2023,Unknown,
layoff_05164,Zapp,London,United Kingdom, Food  ,Unknown,5500,567,300,10%,300,05-25-22,"May 27, 2022",Unknown,
layoff_01108,Gopuff,Philadelphia,us,Food,Series H,5000,4900,100,,,2023-03-09,YYYY-00-DD 00:00:SS,Unknown,
layoff_04924,Healthcare.com,Miami,United States,Healthcare,Series C,1923,239,149,100,244,03-Aug-2022,"August 04, 2022",Unknown,
layoff_04635,Tricida,SF Bay Area,United States,Healthcare,Post-IPO,121,900,100,57,624,11-14-22,YYYY-00-DD 00:00:SS,Unknown,
layoff_01224,Zendesk,San Francisco,United States,Support,Acquired,4000,3680,320,8,85,"May 31, 2023","May 31, 2023",Unknown,
layoff_02232,Intel,Portland,United States,Semiconductor Manufacturing,Unknown,35000,33600,500,4%,90,2025-07-08,YYYY-00-DD 00:00:SS,Unknown,
layoff_05237,Patreon,SF Bay Area,United States, media,Series D,114,153,36,,165,"April 26, 2021",YYYY-00-DD 00:00:SS,Unknown,
layoff_04848,Meesho,Bengaluru,India,  Retail,Series F,1400,383000,300,10,1100,29-Aug-2022,2022-08-29,Unknown,
layoff_02643,Sama,San Francisco,n/a,"AI, enterprise software",Unknown,1267,4667,500,7,120,2022-09-12,YYYY-00-DD 00:00:SS,Private,
layoff_04485,Quanergy Systems,SF Bay Area,U.S.A.,Transportation,Post-IPO,15000,2009,72,100,175,12/14/2022,12/15/2022,Unknown,
layoff_02196,Climeworks,zurich  ,Switzerland,Energy,Private Equity,482,376,106,22,734,2025-05-21,YYYY-00-DD 00:00:SS,Unknown,
layoff_03809,  athennian,Calgary,Canada,  Legal ,,867,737,30,33%,,"July 05, 2023",2023-08-17,Unknown,
layoff_04715,Embroker,,U.S.A.,Finance,,250,614,30,12%,142,10/25/2022,10-26-22,Unknown,
layoff_03508,Zillow,Seattle,United States,Real Estate,Post-IPO,4000,30,23,50,,11/07/2023,11/08/2023,Unknown,
layoff_04099,Zulily,Seattle,United States,Retail,Acquired,7778,198,9000,,194,07-Mar-2023,10-Mar-2023,Unknown,
layoff_01232,  REDDIT  ,San Francisco,U.S.,CONSUMER  ,Series F,1800,,90,5,,2023-06-06,YYYY-00-DD 00:00:SS,Unknown,
layoff_00808,Pipedrive,Tallinn,Estonia,  Sales,  private equity ,953,810,143,15,90,11/14/2022,YYYY-00-DD 00:00:SS,Unknown,
layoff_03890,Azibo,Reno,United States of America,Finance,Series A,233,1520,63,50,19,06/05/2023,06-Jun-2023,Unknown,
layoff_04784,  VOLTA,SF Bay Area,us, transportation ,Post-IPO,200,,200,10%,575,28-Sep-2022,YYYY-00-DD 00:00:SS,,
layoff_03007,ASML,Veldhoven,Netherlands,Hardware,Post-IPO,37500,43200,1700,7,,28-Jan-2026,YYYY-00-DD 00:00:SS,Unknown,
layoff_02248,Supermassive Games,Guildford,United Kingdom,Computer games,  unknown ,570,2267,36,20,607,07/22/2025,YYYY-00-DD 00:00:SS,Unknown,
layoff_00591,Fiverr,Tel Aviv,Israel,  OTHER  ,Post-IPO,750,690,60,8,111,2022-07-26,26-Jul-2022,Unknown,
layoff_03955,Twist Bioscience,SF Bay Area,United States,Healthcare,Post-IPO,1080,400,270,25,503,05-05-23,05-May-2023,Unknown,
layoff_02811,JiviAI,Gurugram,India,Healthcare, SEED,1857,1137,82,100,3500,"June 26, 2026",YYYY-00-DD 00:00:SS,Unknown,
layoff_03348,Hinge Health,SF Bay Area,us,Healthcare,Series E,833,,290,,826,04/11/2024,2024-04-12,Unknown,
layoff_01862,Unbounce, VANCOUVER  ,Canada,Marketing,Acquired,55,6095,227,,39,2024-07-16,YYYY-00-DD 00:00:SS,Unknown,
layoff_00612,Sendy,Nairobi,Kenya,Logistics,,270,216,54,20%,26,08/02/2022,"October 05, 2022",Unknown,
layoff_04576,Menulog,Sydney,Australia,FOOD  ,Acquired,200,99,1000,50,2900,"November 24, 2022",YYYY-00-DD 00:00:SS,Unknown,
layoff_04339,Zappos,Las Vegas,United States,Retail,Acquired,17400,,56,7,62,01/20/2023,21-Jan-2023,Unknown,
layoff_03371,Electronic Arts,SF Bay Area,United States,,,13400,1260,670,5,2,28-Feb-2024,YYYY-00-DD 00:00:SS,Unknown,
layoff_02108,Zepz,London,United Kingdom,Finance,Series E,1000,800,200,,700,02-12-25,"February 12, 2025",Unknown,
layoff_02399,Boosted Commerce,Los Angeles,unknown,E-commerce,,10000,75,420,5,7,07/25/2022,YYYY-00-DD 00:00:SS,Private,
layoff_00057,Rover,,United States,Consumer,  Series G ,473,279,194,,310,"March 31, 2020",YYYY-00-DD 00:00:SS,Unknown,
layoff_04522,Doma,SF Bay Area,U.S.A.,Finance,Post-IPO,1288,,515,40,,2022-12-06,YYYY-00-DD 00:00:SS,Unknown,
layoff_05163,Getir,Istanbul,Turkey,Food,Series E,0,9,300,14,1800,"May 25, 2022","May 25, 2022",Unknown,
layoff_00186,When I Work, MINNEAPOLIS ,United States,HR,Series B,157,102,55,35,24,2020-04-22,YYYY-00-DD 00:00:SS,Unknown,
layoff_01566,Journera,Chicago,United States, Travel , series b ,60,461,30,,31,02-08-24,"February 10, 2024",Unknown,
layoff_01655, byju's  ,Bengaluru,India,Education,,16667,16167,500,3%,5500,"April 02, 2024",YYYY-00-DD 00:00:SS,Unknown,
layoff_02277, mobile premier league ,,India,  GAMING,Series E,400,360,300,15%,375,09-01-25,YYYY-00-DD 00:00:SS,Unknown,
layoff_00522,Unity,San Francisco,us,Other,Post-IPO,5000,4800,200,,1300,2022-06-29,YYYY-00-DD 00:00:SS,Unknown,
layoff_00755,RenoRun,MONTREAL,Canada,Construction,Series B,488,278,210,43,,10-27-22,YYYY-00-DD 00:00:SS,Unknown,
layoff_02744,Okta,San Francisco,Unknown,"Enterprise software, Management information systems",  UNKNOWN ,1000,30,24,9,509,08/26/2022,YYYY-00-DD 00:00:SS,Public,
layoff_04574,Change Invest,Amsterdam,Netherlands,Finance,unknown  ,1300,630,20,24,22,11-27-22,23-Jan-2023,Unknown,
layoff_00035,DataRobot,Boston,United States,Data,Series E,1200,1000,200,16.7,430,03-27-20,03/28/2020,Unknown,
layoff_02789,GoKwik,New Delhi,India,Finance,Unknown,2000,1278,100,3%,,11-Jul-2026,YYYY-00-DD 00:00:SS,Unknown,
layoff_02142, WAYFAIR  ,  Boston  ,Germany, retail ,Post-IPO,250,0,340,10,1700,"March 07, 2025",YYYY-00-DD 00:00:SS,Unknown,
layoff_05156, Akerna,Denver,United States of America,Logistics,Unknown,225,0,140,100,46,"May 27, 2022",YYYY-00-DD 00:00:SS,Unknown,
layoff_02004,Freshworks,San Mateo,United States,Support,Post-IPO,5077,4417,660,13,484,11-07-24,YYYY-00-DD 00:00:SS,Unknown,
layoff_01465,Chief,New York City,United States,HR,Series B,478,120,26,32,,01/11/2024,YYYY-00-DD 00:00:SS,Unknown,
layoff_05288,Salesforce,SF Bay Area,United States,Sales,Post-IPO,54054,,1000,1.85,65.4,08/26/2020,YYYY-00-DD 00:00:SS,Unknown,
layoff_04572,NCX,SF Bay Area,USA,Energy,Series B,8000,444,50,40,78,28-Nov-2022,YYYY-00-DD 00:00:SS,Unknown,
layoff_03654,SkyKick,  seattle ,United States,Other,Unknown,8824,317,140,100,198,"August 30, 2023",08-30-23,Unknown,
layoff_00792,Namogoo,Tel Aviv,Israel,Marketing,Series C  ,167,142,25,,69,11-09-22,YYYY-00-DD 00:00:SS,Unknown,
layoff_02616,CoSchedule,"Bismarck, ND",Unknown,"productivity, marketing",Unknown  ,1236,144,60,11,26,01/13/2023,"January 13, 2023",Private,
layoff_01020,Software AG,Frankfurt am Main,Germany,Data,Post-IPO,5000,4800,200,4,344,31-Jan-2023,"January 31, 2023",Unknown,
layoff_00481,CityMall,Gurugram,India,Retail,Series C,637,446,191,,112,"June 19, 2022",YYYY-00-DD 00:00:SS,Unknown,
layoff_02522,Genesis,New York,unknown,"Cryptocurrency, blockchain",Unknown,200,,60,30%,157,"January 05, 2023",YYYY-00-DD 00:00:SS,Private,
layoff_04465,Octopus Network,Beau Vallon,,Crypto,Series A,168,660,26,,8,2022-12-27,YYYY-00-DD 00:00:SS,Unknown,
layoff_03079,Broadcom,sf bay area,USA,Hardware,Post-IPO,25000,61,247,4,12,10-17-25,YYYY-00-DD 00:00:SS,Unknown,
layoff_01902,Inuitive,Ra'anana,Israel,Manufacturing,Unknown,80,64,16,20,23,08/15/2024,YYYY-00-DD 00:00:SS,Unknown,
layoff_05648,PEEK,Salt Lake City,U.S.A.,Travel,Series B,173,0,45,23,39,20-Mar-2020,YYYY-00-DD 00:00:SS,Unknown,
layoff_04975,AppGate,miami,United States,Security,  Post-IPO ,591,5700,130,22,49,2022-07-21,YYYY-00-DD 00:00:SS,,
layoff_03858,TADA  ,Seoul,South Korea,Transportation,Subsidiary,75,4794,45,60,601,06/15/2023,17-Jun-2023,Unknown,
layoff_00751, Cybereason  ,,United States,Security,Series F,1176,976,200,17,750,"October 26, 2022",YYYY-00-DD 00:00:SS,Unknown,
layoff_03156,Microsoft, Seattle  ,U.S.A.,Other,Post-IPO,200000,65,6000,3,1,2025-05-13,YYYY-00-DD 00:00:SS,Unknown,
layoff_01912,Localize,New York City,United States,Real Estate,  SERIES A,2600,,119,29,,19-Aug-2024,YYYY-00-DD 00:00:SS,,
layoff_04211,Gusto,,United States,HR,series e,2520,29,126,5,,02-08-23,YYYY-00-DD 00:00:SS,Unknown,
layoff_00131,Domo,Salt Lake City,United States,,,900,810,90,10,689,04-09-20,YYYY-00-DD 00:00:SS,Unknown,
layoff_01484, Sirplus,Berlin,Germany,,Seed,3571,0,60,15,274,01/17/2024,YYYY-00-DD 00:00:SS,Unknown,
layoff_03403,ebay  ,SF Bay Area,United States,  retail ,Post-IPO ,11111,495,1000,9,1200,"January 23, 2024",YYYY-00-DD 00:00:SS,Unknown,
layoff_02557,Bitfront,"Palo Alto, CA",Unknown,Cryptocurrency,Unknown,42,3600,20,100%,1400,11/29/2022,YYYY-00-DD 00:00:SS,Private,
layoff_03067,Personio,Munich,Germany, HR  ,Series E,1650,308,165,10%,724,"October 29, 2025",31-Oct-2025,Unknown,
layoff_03901,SentinelOne,SF Bay Area,United States,Security,Post-IPO,250,0,34,5,696,2023-06-01,YYYY-00-DD 00:00:SS,Unknown,
layoff_00066,Incredible Health,San Francisco,United States,,Series A,23,,9,,15,"April 01, 2020",YYYY-00-DD 00:00:SS,Unknown,
layoff_02532,Hydrow,Boston,Unknown,Fitness,Unknown,200,538,70,35,298,2022-07-21,YYYY-00-DD 00:00:SS,Private,
layoff_01816,PayPal,Dublin,Ireland,Finance,Post-IPO,300,62,85,40,302,2024-06-18,YYYY-00-DD 00:00:SS,Unknown,
layoff_00423,2TM,Sao Paulo,Brazil,Crypto,Unknown,750,660,90,12,250,06-01-22,YYYY-00-DD 00:00:SS,Unknown,
layoff_01536,thinx ,new york city  ,U.S.A.,Retail, Acquired ,72,200,95,3,26,01/31/2024,2024-01-31,Unknown,
layoff_03057,Pipe,SF Bay Area,United States,Finance,,400,266,200,50%,453,2025-11-16,YYYY-00-DD 00:00:SS,Unknown,
layoff_01965,Zapata Computing, Boston,United States,Other,Post-IPO,0,776,500,100,82,2024-10-07,"October 15, 2024",Unknown,
layoff_01646,Verily,San Francisco,United States of America,Healthcare,,4000,420,23,,4,"March 22, 2024",YYYY-00-DD 00:00:SS,Unknown,
layoff_00222,Oriente,Hong Kong,Hong Kong,Finance, Series B ,2000,1600,400,20,175,2020-05-04,YYYY-00-DD 00:00:SS,Unknown,
layoff_04325,Camp K12,Gurugram,India,Education,Series A,100,1600,38,70,16,01-23-23,01-23-23,Unknown,
layoff_01370,TripAdvisor,Boston,United States,Travel,Post-IPO,3125,3000,125,,3,11-12-23,YYYY-00-DD 00:00:SS,Unknown,
layoff_03423,humane  ,SF Bay Area,United States,hardware  ,series c ,250,520,10,4,,09-Jan-2024,YYYY-00-DD 00:00:SS,Unknown,
layoff_00214,Sandbox VR,San Francisco,United States,Consumer,Series A,100,20,80,80,82,05-01-20,YYYY-00-DD 00:00:SS,Unknown,
layoff_03300,Planet,SF Bay Area,United States,Aerospace,Post-IPO,1059,879,180,17,574,2024-06-26,06/29/2024,Unknown,
layoff_05365,Dotscience,London,United Kingdom, PRODUCT ,Unknown,10,233,10,100,175,2020-05-19,YYYY-00-DD 00:00:SS,Unknown,
layoff_00558,ARRIVAL  ,  London,United Kingdom,Transportation,Post-IPO,2080,,480,30,629,2022-07-13,14-Jul-2022,,
layoff_02769,Papaya Gaming,Tel Aviv,Israel,Consumer,Unknown,429,933,30,7,21,2026-07-26,YYYY-00-DD 00:00:SS,Unknown,
layoff_00539,eToro, TEL AVIV,Israel,Finance, Unknown  ,1667,1567,100,6,322,05-Jul-2022,YYYY-00-DD 00:00:SS,Unknown,
layoff_03040,EyeEm,Berlin,Germany,Other,Acquired,714,,43,100,24,"December 11, 2025",YYYY-00-DD 00:00:SS,Unknown,
layoff_02007,Akamai,Boston,United States,Security,Post-IPO,12500,12250,250,2,35,11/07/2024,YYYY-00-DD 00:00:SS,Unknown,
layoff_02195,Luminar,Orlando,U.S.A.,  transportation  ,Post-IPO,900,18333,172,3,780,20-May-2025,YYYY-00-DD 00:00:SS,Unknown,
layoff_03779,NETLIFY ,SF Bay Area,United States of America, other  ,Series D,834,264,83,82%,,"July 13, 2023",YYYY-00-DD 00:00:SS,Unknown,
layoff_04311,Prosus,Amsterdam,Netherlands,Other,Unknown,822,7324,,30,234,25-Jan-2023,YYYY-00-DD 00:00:SS,Unknown,
layoff_04058,Veeam,Columbus,United States,Data,Acquired,4017,49,200,27%,500,03-23-23,24-Mar-2023,Unknown,
layoff_00643,ContraFect,New York City,United States,Healthcare,Post-IPO  ,43,27,16,,380,15-Aug-2022,YYYY-00-DD 00:00:SS,Unknown,
layoff_04152,TaskUs,San Antonio,United States,Support,,2222,805,186,15,279,02-22-23,"February 23, 2023",Unknown,
layoff_03036,The Trade Desk,Los Angeles,United States,Marketing,Post-IPO,1267,720,200,30,257,12/17/2025,YYYY-00-DD 00:00:SS,Unknown,
layoff_00314, BUY.COM,San Mateo,United States,  Retail,Acquired,87,0,87,100,,07/30/2020,YYYY-00-DD 00:00:SS,Unknown,
layoff_03052,Monarch Tractor,sf bay area ,United States,Other,Unknown,5571,254,102,25,214,"November 19, 2025",YYYY-00-DD 00:00:SS,,
layoff_02171,Sonder, SAN FRANCISCO  ,U.S.,Travel,Post-IPO,1190,3000,300,21%,839,04-24-25,YYYY-00-DD 00:00:SS,Unknown,
layoff_03190,  google  ,SF Bay Area,United States,Consumer,Post-IPO,294,,95,12%,26,2025-02-27,YYYY-00-DD 00:00:SS,Unknown,
layoff_05657,Tuft & Needle,Phoenix,United States,Retail,Acquired,600,165,13,5,999999,19-Mar-2020,YYYY-00-DD 00:00:SS,Unknown,
layoff_00187,Oscar Health,New York City,United States of America,Healthcare,Unknown,1400,1330,70,5,,04/23/2020,YYYY-00-DD 00:00:SS,Unknown,
layoff_02440,Klarna,Stockholm,Sweden,Fintech,UNKNOWN ,6250,1416,750,,,22-Sep-2022,22-Sep-2022,Private,
layoff_03712,Discord,SF Bay Area,us,Consumer,Series H,925,1710,37,4%,995,08-03-23,YYYY-00-DD 00:00:SS,Unknown,
layoff_02745,Beyond Meat,"  manhattan beach, ca ",,Foodtech,Unknown,1833,146,240,4,375,14-Oct-2022,"October 14, 2022",Public,
layoff_05246,Indigo,Boston,us,,Series F,120,317,80,23,1200,09-Feb-2021,YYYY-00-DD 00:00:SS,Unknown,
layoff_03380,Cisco  , SF Bay Area ,USA,infrastructure,Post-IPO,85000,268,4250,5,2,14-Feb-2024,YYYY-00-DD 00:00:SS,Unknown,
layoff_01435,Ledger Investing,New York City,United States,Finance,Series B,1000,450,37,25,,01-08-24,YYYY-00-DD 00:00:SS,Unknown,
layoff_01999, Incredibuild  ,Tel Aviv,Israel,product ,Acquired,164,146,18,11,35,2024-11-04,"November 06, 2024",Unknown,
layoff_01801,Medtronic,Santa Clara,U.S.,  healthcare,Post-IPO,10000,0,77,13,5900,"June 13, 2024",YYYY-00-DD 00:00:SS,Unknown,
layoff_03515,f5,Seattle,United States,Security,Post-IPO,6000,147,120,2,106,11-03-23,2023-11-06,Unknown,
layoff_04076,Freshworks,SF Bay Area,United States,Support,Post-IPO,5700,4410,114,2%,484,"March 16, 2023",03/16/2023,Unknown,
layoff_04614,The Zebra,Austin ,United States,Finance,,1500,1993,50,5%,256,"November 15, 2022",YYYY-00-DD 00:00:SS,Unknown,
layoff_01186,Bishop Fox,Phoenix,United States,Security,Series B,385,335,50,,146,"May 02, 2023",YYYY-00-DD 00:00:SS,Unknown,
layoff_03257,Eaze,SF Bay Area,United States,Consumer,Series D,500,551,500,100%,202,10-07-24,10/07/2024,,
layoff_05067,Ethos Life,SF Bay Area,U.S.A.,Finance,Series D,333,1382,40,,406,"June 24, 2022",YYYY-00-DD 00:00:SS,Unknown,
layoff_03725,Silofit,Montreal,Canada,Fitness,  SERIES A,4167,5247,225,100%,19,"August 02, 2023",YYYY-00-DD 00:00:SS,Unknown,
layoff_04221,Dell,Austin,United States,Hardware,Post-IPO,133000,41,6650,5,12,"February 06, 2023",YYYY-00-DD 00:00:SS,Unknown,
layoff_05039,Remesh,New York City,USA,Support,Series A,2222,2952,30,4,38,01-Jul-2022,2022-07-06,Unknown,
layoff_01322,Zeplin,San Francisco,United States,Product,Seed,106,69,37,35,1,30-Aug-2023,YYYY-00-DD 00:00:SS,Unknown,
layoff_05308,Sorabel,Jakarta,Indonesia,Retail,Series B,625,9200,60,100,27,07/23/2020,YYYY-00-DD 00:00:SS,Unknown,
layoff_04482,freshworks  ,SF Bay Area,United States,Support,Post-IPO,4500,147,90,2,484,"December 15, 2022",15-Dec-2022,Unknown,
layoff_01763,TikTok,LOS ANGELES ,United States,Entertainment Providers,Acquired,567,11400,1000,30,4100,"May 21, 2024",YYYY-00-DD 00:00:SS,Unknown,
layoff_05305,  Pared ,SF Bay Area,United States,Food,Unknown,1111,0,367,3,13,29-Jul-2020,"July 31, 2020",Unknown,
layoff_04741,Salesforce,SF Bay Area,United States,  sales ,  post-ipo ,900,930,90,10,65,10-13-22,YYYY-00-DD 00:00:SS,Unknown,
layoff_01018,HubSpot, BOSTON,United States,Marketing, post-ipo ,7143,6643,500,7,100,31-Jan-2023,YYYY-00-DD 00:00:SS,Unknown,
layoff_02462,Flowhub,Dever,Unknown,Cannabis,Unknown,700,,25,15,974,09-Sep-2022,09-09-22,Private,
layoff_05555,The Muse,New York City,United States,Recruiting,Series B,13,1133,,10,28,03-Apr-2020,07-Apr-2020,Unknown,
layoff_00242,Top Hat,Toronto,Canada, education,Series D,533,517,16,3,104,"May 12, 2020",YYYY-00-DD 00:00:SS,Unknown,
layoff_01073,Pico Interactive,  san francisco ,United States,Other,  Acquired  ,2000,1600,400,20,62,02/16/2023,YYYY-00-DD 00:00:SS,Unknown,
layoff_04082,Nubank,Sao Paulo,Brazil, finance  ,Post-IPO,1667,60,30,4,4100,2023-03-15,06-08-23,,
layoff_02166,Marin Software,,United States,  Marketing  , POST-IPO ,36,400,90,100,99,04-20-25,YYYY-00-DD 00:00:SS,Unknown,
layoff_02102,NanoLock,Tel Aviv,Israel,Security,Series B,45,5314,24,100,18,2025-02-06,YYYY-00-DD 00:00:SS,Unknown,
layoff_00136,OneTrust,Atlanta,United States,Legal,Series B,1500,1350,150,,410,04-09-20,YYYY-00-DD 00:00:SS,,
layoff_01046,Affirm, San Francisco,United States,Finance,Post-IPO,2632,2132,500,19%,1500,02/08/2023,YYYY-00-DD 00:00:SS,Unknown,
layoff_01355,C2FO,Kansas City  ,U.S.,Finance,Series H,2667,2587,80,3,537,10-16-23,"October 20, 2023",Unknown,
layoff_01770,Ualá,Buenos Aires,Argentina,FINTECH  ,Unknown,1556,1416,140,9,2,"May 28, 2024",YYYY-00-DD 00:00:SS,Unknown,
layoff_00652,Amperity,Seattle,USA,Marketing,Series D,433,420,13,3,187,"August 20, 2022",YYYY-00-DD 00:00:SS,,
layoff_04660,Faze Medicines,,United States,Healthcare,Series B,131,93,15,100,81,2022-11-09,YYYY-00-DD 00:00:SS,Unknown,
layoff_02974,Zap Africa,Lagos,Nigeria,Finance,Seed,131,301,700,,159,02/28/2026,03/03/2026,Unknown,
layoff_00172,Klook,Hong Kong,Hong Kong,travel,Series D,2000,1700,300,15,521,"April 20, 2020",YYYY-00-DD 00:00:SS,Unknown,
layoff_02345,  synopsys ,Sunnyvale,United States,Software Development,Unknown,20000,,2000,,234,13-Nov-2025,YYYY-00-DD 00:00:SS,Unknown,
layoff_01988,ConsenSys,,United States,Crypto,Series D,815,652,163,20,,10/29/2024,YYYY-00-DD 00:00:SS,Unknown,
layoff_01422,Orca Security,  Tel Aviv  ,Israel,Security,Series C,400,340,60,15,632,"January 03, 2024",YYYY-00-DD 00:00:SS,Unknown,
layoff_02856,Interview Kickstart,SF Bay Area,United States,  EDUCATION  ,,82,2813,50,100,10,2026-05-29,YYYY-00-DD 00:00:SS,Unknown,
layoff_03849,AvantStay,Los Angeles,United States,Travel,Private Equity,1500,2700,37,,686,06-20-23,YYYY-00-DD 00:00:SS,Unknown,
layoff_04901,Absci,Vancouver,Canada, healthcare ,Post-IPO,80000,1727,40,25,237,2022-08-09,YYYY-00-DD 00:00:SS,Unknown,
layoff_01913,Skip the Dishes,Winnipeg,Canada,Food,Acquired,150,525,800,15,,08-20-24,YYYY-00-DD 00:00:SS,Unknown,
layoff_01961,  ALMA  ,New York City,United States,Healthcare,  SERIES D  ,43,15,3000,,220,"October 02, 2024",YYYY-00-DD 00:00:SS,Unknown,
layoff_00396,Picsart,Miami,United States,Consumer,Series C,1125,1035,90,8,195,17-May-2022,YYYY-00-DD 00:00:SS,Private,
layoff_05522,RedDoorz,Singapore,Singapore,Travel,Series C,694,439,37,10%,134,2020-04-08,YYYY-00-DD 00:00:SS,Unknown,
layoff_01432,Flexe,Seattle,U.S.A.,Logistics,  series d,260,161,99,38,263,01/08/2024,"January 08, 2024",,
layoff_00683,Compete,Tel Aviv,Israel, hr,Series A,39,,11,28,17,12-Sep-2022,YYYY-00-DD 00:00:SS,Unknown,
layoff_03586,Dare,London,United Kingdom,Energy,unknown  ,5625,3150,10,,,10/03/2023,YYYY-00-DD 00:00:SS,,
layoff_04160,CRITEO,Paris,France,Marketing,Post-IPO,600,455,8,20,61,2023-02-21,21-Feb-2023,Unknown,
layoff_03368,Meta,SF Bay Area,U.S.A., consumer  ,Post-IPO,4375,,75,,26000,06-Mar-2024,YYYY-00-DD 00:00:SS,Unknown,
layoff_02880,MRI Software,Cleveland,United States,Real Estate,Acquired,139,228,200,4%,16,2026-05-11,YYYY-00-DD 00:00:SS,Unknown,
layoff_02076, CHRONO24  ,Karlsruhe,Germany,Retail,Series C,458,348,110,24%,205,01/16/2025,17-Jan-2025,Unknown,
layoff_02577,Curative,Los Angeles,United States,health diagnostics,Seed,1500,1600,109,33,8,09-20-22,YYYY-00-DD 00:00:SS,Private,
layoff_00784,Unacademy,Bengaluru,India,Education,Series H,3500,3150,350,,838,11-07-22,YYYY-00-DD 00:00:SS,Unknown,
layoff_01621,Melio,New York City,United States,Finance,  SERIES D ,571,531,40,7,504,2024-03-04,YYYY-00-DD 00:00:SS,Unknown,
layoff_03252,Meta,  sf bay area,USA,Consumer,,242,10350,500,100,26000,"October 16, 2024",YYYY-00-DD 00:00:SS,Unknown,
layoff_02429,impact.com,"Santa Barbara, CA",Unknown,digital marketing  ,,185,1500,20,10,95,2022-08-25,YYYY-00-DD 00:00:SS,Private,
layoff_02751,Warby Parker,New York City,United States,"Ecommerce, Fashion",Post-IPO,782,0,63,,535,2022-08-08,YYYY-00-DD 00:00:SS,Public,
layoff_05591,Adara,SF Bay Area,us,Travel,,3600,0,226,100%,67,03/31/2020,YYYY-00-DD 00:00:SS,Unknown,
layoff_00781,Varonis,  new york city,United States,Security,Post-IPO,2200,2090,110,5%,30,"November 06, 2022",YYYY-00-DD 00:00:SS,Unknown,
layoff_01343,Chainalysis,New York City,United States,Crypto,Series F,1000,850,150,15,536,02-Oct-2023,YYYY-00-DD 00:00:SS,Unknown,
layoff_04618,Nirvana Money,Miami,United States,Finance,Unknown,129,29,100,100,14,11-15-22,11/16/2022,,
layoff_01372,Our Next Energy,Detroit,United States,Transportation,,512,384,,,390,11-27-23,28-Nov-2023,Unknown,
layoff_00449,Preply,Boston,United States,Education,Series C,520,494,26,,100,09-Jun-2022,YYYY-00-DD 00:00:SS,Unknown,
layoff_03582,  ledger  ,Paris,France,Crypto,Series C,168,,90,12,577,10/05/2023,YYYY-00-DD 00:00:SS,Unknown,
layoff_01397,Curbio,Washington DC,United States,Real Estate,Series B,2545,480,113,100,,2023-12-14,"December 14, 2023",Unknown,
layoff_02182,Electronic Arts,Redwood City,United States,consumer,Post-IPO,1143,817,300,,2,2025-04-29,YYYY-00-DD 00:00:SS,Unknown,
layoff_01244,Olo,New York City,USA,Food,Post-IPO,736,655,81,11,184,2023-06-14,YYYY-00-DD 00:00:SS,Unknown,
layoff_00437,Superhuman,San Francisco,United States,Consumer,Series C,105,,23,,108,03-Jun-2022,YYYY-00-DD 00:00:SS,Private,
layoff_04532,Elemy,SF Bay Area,United States,Healthcare,Series B,36,,800,15,323,2022-12-05,"December 06, 2022",Unknown,
layoff_05475,Purse,SF Bay Area,United States,Crypto,Seed,178,0,,100,,16-Apr-2020,04/16/2020,Unknown,
layoff_02101,Sprinklr,New York City,United States,Support,Post-IPO,3333,2833,500,15,429,06-Feb-2025,YYYY-00-DD 00:00:SS,Unknown,
layoff_02366,Haomo.AI,Beijing,China,Autonomous Driving Company,Unknown,0,170,43,100%,,28-Nov-2025,YYYY-00-DD 00:00:SS,Unknown,
layoff_00165,QuintoAndar,Sao Paulo,Brazil,Real Estate,,1100,1012,88,8,335,"April 17, 2020",YYYY-00-DD 00:00:SS,Unknown,
layoff_01593,KnownOrigin,,United Kingdom,,Acquired,3667,,90,30,3,02/20/2024,YYYY-00-DD 00:00:SS,Unknown,
layoff_03628,Divvy Homes,SF Bay Area,United States,Real Estate,,139,800,94,10,180,09-11-23,09/09/2023,Unknown,
layoff_04893,Guidewire, SF BAY AREA,United States,Finance,Post-IPO,436,9499,60,2,24,08/11/2022,YYYY-00-DD 00:00:SS,Unknown,
layoff_03673,Recur,Miami,United States,Crypto,Series A,815,,80,13,55,21-Aug-2023,YYYY-00-DD 00:00:SS,Unknown,
layoff_03946,CS Disco, austin,U.S.A.,,Post-IPO,1500,737,45,8,233,"May 11, 2023",YYYY-00-DD 00:00:SS,Unknown,
layoff_00430, GATHER ,Palo Alto,United States,Consumer,Series B,91,61,30,33,76,06-02-22,YYYY-00-DD 00:00:SS,Unknown,
layoff_02209,Blink Charging,Baltimore,United States,Other,Post-IPO,600,150,180,20,110,29-May-2025,"May 29, 2025",Unknown,
layoff_00628,GoHealth,Chicago,United States,Healthcare,Post-IPO,4000,3200,800,20,75,08/09/2022,YYYY-00-DD 00:00:SS,Unknown,
layoff_03137,King.com,Stockholm,Sweden,Consumer,,1129,1074,200,100,84,14-Jul-2025,YYYY-00-DD 00:00:SS,,
layoff_05399,Validity,Boston,United States,Data,Private Equity,394,3675,130,33%,1100,"May 06, 2020",YYYY-00-DD 00:00:SS,Unknown,
layoff_01200,LINKEDIN  ,Sunnyvale,United States,HR,Acquired,17900,17184,716,4,154,05-08-23,YYYY-00-DD 00:00:SS,Unknown,
layoff_03485,Sonos,New York City,us, CONSUMER ,Post-IPO,429,4568,300,30,455.2,11/16/2023,"December 14, 2023",Unknown,
layoff_01639,Chipper Cash,San Francisco,United States,Finance,Series C,129,800,20,7,302,03-15-24,15-Mar-2024,Unknown,
layoff_03905,Mux,SF Bay Area,U.S.A.,Infrastructure,Series D,133,,,30,173,05/31/2023,06/02/2023,Unknown,
layoff_02807,SAS,Raleigh,United States,Data,,1429,54,300,25,344,"June 26, 2026",YYYY-00-DD 00:00:SS,Unknown,
layoff_04615,Viber,Luxembourg,Luxembourg,  CONSUMER,Acquired,562,630,45,,288,11/15/2022,YYYY-00-DD 00:00:SS,Unknown,
layoff_01359,Bullhorn,Boston,United States of America,Sales,Acquired,1556,,140,9%,32,"October 19, 2023",2023-10-20,Unknown,
layoff_02247,  1047 games  ,Zephyr Cove,us,Game studio,Unknown,230,8091,93,10%,485,22-Jul-2025,YYYY-00-DD 00:00:SS,Unknown,
layoff_03467,VMware,SF Bay Area,USA,Infrastructure,Acquired,100,80750,2837,8,393,2023-11-27,YYYY-00-DD 00:00:SS,Unknown,
layoff_02038,Booking Holdings,Norwalk,United States,Travel,,714,700,60,20%,3,12-04-24,YYYY-00-DD 00:00:SS,Unknown,
layoff_00435,Yojak,Gurugram,India,Construction,Seed,280,140,140,50,3,02-Jun-2022,06-05-22,Unknown,
layoff_02596,Community,Los Angeles,Unknown,social media  ,Unknown,5343,1700,40,,33,06/22/2022,06-22-22,Private,
layoff_02793,Darrow,Tel Aviv,Israel,  legal ,Series B,182,776,60,33,63,07-Jul-2026,YYYY-00-DD 00:00:SS,Unknown,
layoff_05574,Flymya,Yangon,Myanmar,Travel,,606,0,200,33,3,"April 01, 2020",YYYY-00-DD 00:00:SS,Unknown,
layoff_03694,Blend,SF Bay Area,United States,Finance,Post-IPO,789,,150,19,665,08-09-23,YYYY-00-DD 00:00:SS,Unknown,
layoff_00181,Patreon,San Francisco,U.S.,MEDIA,Series D,231,201,30,13,165,21-Apr-2020,"April 21, 2020",Unknown,
layoff_05384,Intersect,,Canada,Product,Acquired,173,733,19,11,802,2020-05-13,YYYY-00-DD 00:00:SS,Unknown,
layoff_01160,Clearcover,Chicago,United States,Finance,Series D,540,459,81,15,,2023-04-17,YYYY-00-DD 00:00:SS,Unknown,
layoff_03076,Meta,SF Bay Area,U.S.,Consumer,Post-IPO,3333,1820,600,8,26000,10/22/2025,YYYY-00-DD 00:00:SS,Unknown,
layoff_01074,Smartsheet,Seattle,United States,,Post-IPO,2833,2748,85,3,152,2023-02-16,YYYY-00-DD 00:00:SS,Unknown,
layoff_03536,Slync,Dallas,USA,  Logistics,Series B,738,,150,100,76,25-Oct-2023,2023-10-26,Unknown,
layoff_05083,Mindgeek, Luxembourg,Luxembourg,Media,Unknown,300,493,150,5%,1700,"June 22, 2022",YYYY-00-DD 00:00:SS,Unknown,
layoff_02000,Mozilla,San Francisco,USA,Consumer,Subsidiary,0,0,,,2,11/05/2024,YYYY-00-DD 00:00:SS,Unknown,
layoff_02485,HomeLight,San Francisco,Unknown,,Unknown,223,976,90,19,,"June 29, 2022",YYYY-00-DD 00:00:SS,Private,
layoff_04060,TAKEOFF ,Kyiv,Ukraine,Retail,Unknown,1500,300,50,8,146,23-Mar-2023,2023-03-26,Unknown,
layoff_02187,Deep Instinct,Tel Aviv  ,Israel,Security,Unknown,200,180,,10,322,"May 04, 2025",YYYY-00-DD 00:00:SS,Unknown,
layoff_03392,Trove Recommerce,SF Bay Area,United States,Retail,Series E,85,1221,,6,152,31-Jan-2024,YYYY-00-DD 00:00:SS,Unknown,
layoff_04410,Verily,SF Bay Area,United States,Healthcare,Subsidiary,1667,540,,15,3500,01/11/2023,11-Jan-2023,Unknown,
layoff_01528,Procore,  santa barbara  ,United States of America, construction  ,Post-IPO,8000,0,2434,4,654,30-Jan-2024,YYYY-00-DD 00:00:SS,Unknown,
layoff_04017,Reforge,SF Bay Area,us,Education, series b,172,1100,120,33,81,2023-04-11,YYYY-00-DD 00:00:SS,Unknown,
layoff_05554,PeopleGrove,SF Bay Area,us,HR,Series A,34,793,100,40,7,04/03/2020,YYYY-00-DD 00:00:SS,Unknown,
layoff_00328,Worksmith,  austin,United States of America,Retail,Unknown,60,30,30,50,4,11/09/2020,11-12-20,Unknown,
layoff_03360,Singular Genomics,San Diego,United States,Healthcare,Post-IPO,268,743,26,20%,176,03-19-24,YYYY-00-DD 00:00:SS,Unknown,
layoff_01918,Kenko Health,Mumbai,,Healthcare,Series A,300,20,70,100,14,08-23-24,YYYY-00-DD 00:00:SS,Unknown,
layoff_03243,Dropbox,SF Bay Area,us,Other,,2635,776,527,20,1700,"October 30, 2024",30-Oct-2024,Unknown,
layoff_00296,Navi,Bengaluru,India,Finance,Private Equity,160,120,40,25,582,2020-06-17,YYYY-00-DD 00:00:SS,Unknown,
layoff_04027,Hyland Software,Cleveland,United States,Other,,5000,120,1000,,91,2023-04-03,YYYY-00-DD 00:00:SS,Unknown,
layoff_01714,HealthifyMe,Bengaluru,India,Healthcare,Series D,556,406,150,27%,130,2024-04-27,YYYY-00-DD 00:00:SS,Unknown,
layoff_00840,Quidax,Lagos,Nigeria,Crypto,Unknown,100,80,20,20,3,11-24-22,YYYY-00-DD 00:00:SS,Unknown,
layoff_02190,OPENTEXT,Waterloo,Canada,  Data,Post-IPO,5450,1000,1600,,,05-06-25,05-16-25,Unknown,
layoff_03837,Payoneer,New York City,USA,  finance,Post-IPO,2000,3233,200,10,,"June 26, 2023",YYYY-00-DD 00:00:SS,Unknown,
layoff_03405,Jellysmack,Paris,France,  media  ,Series C,500,276,30,32%,22,2024-01-23,10/23/2024,Unknown,
layoff_00141,Rhumbix,  San Francisco ,United States,Construction,Series B,59,43,16,27,35,04-10-20,10-Apr-2020,Unknown,
layoff_01183,Vroom,New York City,U.S.A.,,Post-IPO,1091,971,120,11%,1300,2023-04-27,04-28-23,Unknown,
layoff_03807,Crunchbase, SF Bay Area  ,United States,Sales,Series D,1000,1293,15,,106,07/06/2023,YYYY-00-DD 00:00:SS,Unknown,
layoff_02165,NETAPP ,,U.S.,Data,Post-IPO,11667,10967,700,6,23,04-20-25,YYYY-00-DD 00:00:SS,Unknown,
layoff_02801,CorroHealth,Kochi,India,Healthcare,Private Equity,525,38,800,20%,376,"July 03, 2026",YYYY-00-DD 00:00:SS,Unknown,
layoff_00159,CleverTap,Mumbai,India,Marketing,  series c ,300,240,60,20,76,16-Apr-2020,YYYY-00-DD 00:00:SS,Unknown,
layoff_04638,Juniper, atlanta  ,United States,Marketing,Acquired,375,31,300,14%,607,"November 11, 2022",2022-11-17,Unknown,
layoff_02682,Latch,New York,Unknown,"Smart Home, Security",Unknown,500,0,30,6,620,05/13/2022,05/13/2022,Public,
layoff_05259,OYO,Gurugram,India,  Travel,Series F,1190,5700,600,50,3200,08-Dec-2020,YYYY-00-DD 00:00:SS,Unknown,
layoff_01368,Beyond Meat,Los Angeles,USA,Food,Post-IPO,813,748,65,8,122,"November 02, 2023",11-07-23,Unknown,
layoff_01686,Tesla,austin ,United States,Motor Vehicle Manufacturing,Unknown,140000,126000,14000,10%,20200,"April 15, 2024",YYYY-00-DD 00:00:SS,Unknown,
layoff_04964,Dover,SF Bay Area,U.S.,Recruiting,Series A,77,19998,23,30,22,"July 26, 2022",YYYY-00-DD 00:00:SS,Unknown,
layoff_02172,SambaNova,Palo Alto,United States,AI,series d  ,513,436,77,15,1100,04-25-25,YYYY-00-DD 00:00:SS,Unknown,
layoff_02075,Textio,Seattle,United States,Recruiting,Unknown,1000,19998,15,30,42,"January 15, 2025",YYYY-00-DD 00:00:SS,Unknown,
layoff_05412, livetiles ,New York City,U.S.A.,Other,Post-IPO,1700,,50,35,46,05-03-20,"May 09, 2020",Unknown,
layoff_03174,Google,SF Bay Area,us,,POST-IPO ,4818,1200,200,35,26,"April 11, 2025",YYYY-00-DD 00:00:SS,Unknown,
layoff_01358,WeTranSan Francisco Bay Areaer,Amsterdam,Netherlands,Other,Series A,350,315,35,10%,64,10-18-23,YYYY-00-DD 00:00:SS,Unknown,
layoff_01396,Curalie,Berlin,Germany,Healthcare,Unknown,3850,405,,100,216,"December 14, 2023",YYYY-00-DD 00:00:SS,Unknown,
layoff_01709,Grin,Sacramento,United States,  MARKETING ,  SERIES B  ,500,360,40,7,145,25-Apr-2024,YYYY-00-DD 00:00:SS,Unknown,
layoff_03008,Pinterest,SF Bay Area,United States,Consumer  ,  Post-IPO ,4667,2100,700,15,1500,2026-01-27,01/27/2026,Unknown,
layoff_01333,Paper,Montreal,Canada,Education,Series D,2900,2813,87,3,389,12-Sep-2023,YYYY-00-DD 00:00:SS,Unknown,
layoff_04111,Indigo,Boston,United States,Other, SERIES F,150,7350,60,25,1200,03/03/2023,04-Mar-2023,Unknown,
layoff_05649,Yonder,Austin,United States of America,  MEDIA,Series A,120,607,,3,,20-Mar-2020,YYYY-00-DD 00:00:SS,Unknown,
layoff_04577,Utopia Music,Zug,Switzerland,Media,Series B,700,38,60,5,509,2022-11-24,11/25/2022,Unknown,
layoff_05248,Bytedance,Mumbai,India,Consumer,Unknown,700,0,,7,7400,01-27-21,01/28/2021,Unknown,
layoff_04103,HomeLane,Bengaluru,India,Retail,Series E,500,20900,30,9,116,03-06-23,04/08/2023,Unknown,
layoff_00831,  carvana,Phoenix,United States,Transportation,Post-IPO,18750,17250,1500,8,1600,18-Nov-2022,"November 18, 2022",Unknown,
layoff_01785,MoonPay,Dover,United States,Crypto ,Unknown,300,270,30,,651,06-05-24,YYYY-00-DD 00:00:SS,Unknown,
layoff_03453,Pivo,Abuja,Nigeria, Finance ,seed,10000,,2500,100%,3,12-05-23,YYYY-00-DD 00:00:SS,Unknown,
layoff_00312,Zeitgold,Berlin,Germany,Finance,Series B,104,29,75,72,60,07-27-20,YYYY-00-DD 00:00:SS,Unknown,
layoff_04968,Clarify Health,SF Bay Area,United States,Healthcare,,300,736,15,5,328,22-Jul-2022,07/22/2022,Unknown,
layoff_00418,Mobile Premier League,Bengaluru,,Consumer,Series E,1000,900,100,10,375,05-30-22,YYYY-00-DD 00:00:SS,Unknown,
layoff_02002,  Outreach,,USA, Sales , SERIES G  ,744,1140,67,9,,11/06/2024,2024-11-07,,
layoff_03238,23andMe,SF Bay Area,U.S.A.,Healthcare,Post-IPO,500,1150,200,,1100,11-Nov-2024,12-Nov-2024,Unknown,
layoff_05329,Byton,SF Bay Area,USA,Transportation,Series C,882,9533,400,1%,1200,2020-06-27,YYYY-00-DD 00:00:SS,Unknown,
layoff_01167,BuzzFeed,New York City,USA,Media,Post-IPO,1200,1020,180,15%,696,"April 20, 2023","April 20, 2023",Unknown,
layoff_04840, koo ,Bengaluru,India,Consumer,Series B,5000,1000,40,30%,44,2022-08-31,YYYY-00-DD 00:00:SS,Unknown,
layoff_02124,HerMD,Cincinnati,United States,Healthcare,Series A,300,239,135,100,28,2025-02-24,YYYY-00-DD 00:00:SS,Unknown,
layoff_02078,Aurora Solar,San Francisco,U.S.,  Energy ,Series D,555,4725,58,17,523,01-16-25,"January 16, 2025",Unknown,
layoff_03366,Turnitin,SF Bay Area,United States,Education, Acquired ,750,2813,15,2,5500,03-07-24,YYYY-00-DD 00:00:SS,Unknown,
layoff_05238,New Relic,SF Bay Area,United States,Infrastructure,post-ipo  ,2286,983,160,7,,2021-04-06,04-07-21,Unknown,
layoff_00082,Ritual,Toronto,Canada,  Food,Series C,363,167,196,54,112,02-Apr-2020,04-02-20,Unknown,
layoff_00916,Back Market,Paris,France,Retail  ,Series E,715,,93,13,1000,"December 23, 2022","December 27, 2022",Unknown,
layoff_00600,Career Karma,San Francisco,United States,Education,Series B,182,,60,33%,51,07-28-22,"July 28, 2022",Unknown,
layoff_00523,Abra,Mountain View,United States of America,Crypto,Series C,240,228,12,5%,106,"June 30, 2022",YYYY-00-DD 00:00:SS,Private,
layoff_00786,Repertoire Immunity,Boston,United States,Healthcare,Series B,130,65,65,50%,257,2022-11-08,2022-11-08,Unknown,
layoff_01531,Wattpad,,Canada,Media,,200,180,20,10,117,01/30/2024,YYYY-00-DD 00:00:SS,Unknown,
layoff_03530,Graphy,Bengaluru,India,Education, subsidiary  ,250,216,50,20,61,2023-10-26,YYYY-00-DD 00:00:SS,Unknown,
layoff_04400,Skit.ai,Bengaluru,India,Support,Series B,7000,147,115,5,28,2023-01-12,01/14/2023,Unknown,
layoff_01558,Amazon, Seattle  ,United States,Retail,Post-IPO,3286,25,400,15%,108,2024-02-06,YYYY-00-DD 00:00:SS,,
layoff_00821,Similarweb,New York City,United States,other  ,Post-IPO,1200,1080,120,10%,235,2022-11-16,2022-11-17,Unknown,
layoff_04854,Okta,SF Bay Area,United States,Security,Post-IPO,300,359,24,10,,08/26/2022,YYYY-00-DD 00:00:SS,Unknown,
layoff_00204,OpenX,Los Angeles,United States, MARKETING,Unknown,233,198,35,15,70,28-Apr-2020,"April 29, 2020",Unknown,
layoff_02037,Stash,New York City,United States,Finance,Unknown,220,132,88,40,480,04-Dec-2024,12-07-24,Unknown,
layoff_01059,Yahoo,Sunnyvale,United States,Consumer,Acquired,8000,6400,1600,,6,02/09/2023,02/09/2023,Unknown,
layoff_03482,Sierra Space,Boulder,U.S.,Aerospace,Series B,100,0,115,,1700,16-Nov-2023,YYYY-00-DD 00:00:SS,Unknown,
layoff_04914,Article,Vancouver,Canada,,Series B,1271,728,216,17%,79,04-Aug-2022,YYYY-00-DD 00:00:SS,Unknown,
layoff_04000,FamPay,Bengaluru,India,Finance ,Series A,882,1700,296,12,42,2023-04-17,YYYY-00-DD 00:00:SS,Unknown,
layoff_00028,GoSpotCheck,Denver,United States,Retail,Series B,115,92,23,20,47,03/26/2020,03/28/2020,Unknown,
layoff_01623,Form Energy,Boston,United States,Energy, Unknown,248,368,58,16,966,03/05/2024,YYYY-00-DD 00:00:SS,Unknown,
layoff_00837,SIRCLO,jakarta,Indonesia,Retail,Series B,2000,1840,160,8%,92,2022-11-22,YYYY-00-DD 00:00:SS,Unknown,
layoff_04853,Zymergen,,United States,  OTHER, ACQUIRED ,564,0,80,33,974,08-26-22,YYYY-00-DD 00:00:SS,Unknown,
layoff_00342,Zillow,seattle,United States,Real Estate,Post-IPO,8000,6000,2000,25,97,02-Nov-2021,2021-11-02,Unknown,
layoff_05260,Zinier,  SF BAY AREA ,United States of America,HR,Series C,778,140,100,18,120,11/25/2020,YYYY-00-DD 00:00:SS,Unknown,
layoff_01670,Bolt.Earth,Bengaluru,India,SOFTWARE DEVELOPMENT  ,Unknown,175,105,,,24,06-Apr-2024,YYYY-00-DD 00:00:SS,Unknown,
layoff_03871,Tiki,  SINGAPORE  ,Singapore,Consumer,  unknown ,927,1727,600,100,1,11-Jun-2023,YYYY-00-DD 00:00:SS,Unknown,
layoff_05389,Stone,Sao Paulo,Brazil,Finance,Post-IPO,6500,560,1300,20,,05-12-20,YYYY-00-DD 00:00:SS,Unknown,
layoff_00049,  Loftsmart , NEW YORK CITY  ,U.S.A.,Real Estate,  series a  ,33,8,25,75,18,2020-03-30,2020-04-06,Unknown,
layoff_05589,Siteimprove, Minneapolis ,United States,Marketing,Unknown,167,134,40,10,55,2020-03-31,YYYY-00-DD 00:00:SS,Unknown,
layoff_02905,SuperOps,Chennai,India,Other,Series C,200,797,60,30%,54,2026-04-24,YYYY-00-DD 00:00:SS,Unknown,
layoff_02163,Coho AI,Tel Aviv,Israel,Sales,Seed,4000,49000,15,,,06-Apr-2025,YYYY-00-DD 00:00:SS,Unknown,
layoff_00852,DoorDash,San Francisco,United States,Food,post-ipo  ,20833,19583,1250,6%,2500,"November 30, 2022",YYYY-00-DD 00:00:SS,Public,
layoff_05485,Trove Recommerce,SF BAY AREA  ,U.S.,Retail,Series C,714,,13,,34,04-15-20,YYYY-00-DD 00:00:SS,Unknown,
layoff_02473,OwnBackup,"Englewood Cliffs, NJ",,"SaaS, enterprise software",Unknown,1000,879,170,17,54,15-Nov-2022,YYYY-00-DD 00:00:SS,Private,
layoff_02806, Equip Health ,San Diego,United States,Healthcare,Unknown,723,200,200,4,164,"June 29, 2026",30-Jun-2026,Unknown,
layoff_04644,  SOUNDHOUND,SF Bay Area,U.S.A.,  OTHER,Post-IPO,450,2340,45,10%,326,11-10-22,11/10/2022,Unknown,
layoff_03884,Ursa Major,  DENVER,United States of America,  aerospace ,,160,225,34,30%,233,06-07-23,06-09-23,Unknown,
layoff_03670,Datagen,Tel Aviv,Israel,AI,Series B,250,240,250,100,72,08-22-23,"August 23, 2023",Unknown,
layoff_00256,Livspace,Bengaluru,India,,Series D,3000,,450,15%,157,05-19-20,YYYY-00-DD 00:00:SS,Unknown,
layoff_01077,Micron,  Boise  ,us,  Hardware  ,Post-IPO,48000,45600,2400,5,50,17-Feb-2023,YYYY-00-DD 00:00:SS,Unknown,
layoff_02634,Domino Data Lab,San Francisco,Unknown,"AI, big data",Unknown,1400,145,500,3,69,11/07/2022,YYYY-00-DD 00:00:SS,Private,
layoff_03308, Running Tide ,Portland,United States,Energy,Series B,2941,3150,185,,54,06/15/2024,YYYY-00-DD 00:00:SS,,
layoff_04738,Clear Capital,Reno,United States,Real Estate,Unknown,1400,5700,378,27,128,10-14-22,YYYY-00-DD 00:00:SS,Unknown,
layoff_01149,Simpl,Bengaluru,India,Finance,Series B,600,450,150,25,71,2023-04-09,YYYY-00-DD 00:00:SS,Unknown,
layoff_01883,Infineon,Munich,Germany,Manufacturing,Post-IPO,80,1417,1400,12%,2,"August 05, 2024",YYYY-00-DD 00:00:SS,Unknown,
layoff_03562,Lending Club,SF Bay Area,United States,,Post-IPO,1229,94,172,14,392,"October 12, 2023",YYYY-00-DD 00:00:SS,Unknown,
layoff_01669,Ghost Autonomy,Mountain View,U.S.A., TRANSPORTATION  ,Series E,100,0,100,100%,247,"April 05, 2024",YYYY-00-DD 00:00:SS,Unknown,
layoff_00675,Kuda,Lagos,Nigeria,Finance,Series B,460,437,23,5,91,09-02-22,09/05/2022,,
layoff_02330,Applied Materials,Santa Clara,United States,Semiconductor Manufacturing, unknown  ,35000,33600,1400,4%,70,10-29-25,YYYY-00-DD 00:00:SS,Unknown,
layoff_02505,Karbon, SAN FRANCISCO ,-,"Productivity, task management",Unknown,200,560,9090,23,151,12-Sep-2022,YYYY-00-DD 00:00:SS,Private,
layoff_01925,Brave,San Francisco,United States,Consumer,Series B,193,9650,27,14%,42,2024-08-28,08/28/2024,Unknown,
layoff_00363,Thinkific,Vancouver,Canada,Education,Post-IPO,500,400,100,20,22,"March 29, 2022",YYYY-00-DD 00:00:SS,Unknown,
layoff_00582,Rad Power Bikes,Seattle,United States,Transportation,Series D,630,567,63,10,,07-21-22,YYYY-00-DD 00:00:SS,Private,
layoff_03644,Xolo, TALLINN  ,Estonia,Finance,Series A,3778,760,24,28%,11,04-Sep-2023,YYYY-00-DD 00:00:SS,,
layoff_03753, Viaplay  ,Stockholm,Sweden,,Unknown,1800,0,450,25,2100,2023-07-20,YYYY-00-DD 00:00:SS,Unknown,
layoff_00521,Substack  ,San Francisco,United States,  MEDIA ,Series B,93,80,13,14%,82,2022-06-29,YYYY-00-DD 00:00:SS,Private,
layoff_04258,  Frequency Therapeutics,boston  ,USA,Healthcare,Post-IPO,100,238,47,50,76,01-Feb-2023,YYYY-00-DD 00:00:SS,Unknown,
layoff_05426,wework  ,SF Bay Area,United States,Real Estate,,138,,300,22,2250,2020-04-29,YYYY-00-DD 00:00:SS,Unknown,
layoff_04064,  Rewind,Ottawa,Canada,Data,series b,500,,99,1%,80,03-22-23,YYYY-00-DD 00:00:SS,Unknown,
layoff_01494,TikTok,Los Angeles,USA,Entertainment Providers,Acquired,567,397,60,30%,,2024-01-22,YYYY-00-DD 00:00:SS,Unknown,
layoff_02501,Advata,,,"health care, analytics",Unknown,152,213,32,,181,10/28/2022,YYYY-00-DD 00:00:SS,Private,
layoff_03724,HackerOne, SF BAY AREA  ,United States,Security,Series E,1176,614,100,,159,08-02-23,YYYY-00-DD 00:00:SS,Unknown,
layoff_01671,EXL,New York City,United States, it services,UNKNOWN  ,40000,39200,800,,400,2024-04-06,YYYY-00-DD 00:00:SS,Unknown,
layoff_01872,WayCool,Chennai,India,Food,Unknown,350,7857,200,,363,07-26-24,YYYY-00-DD 00:00:SS,Unknown,
layoff_01299,Spinny,Gurugram,India,Transportation,Series E,6000,5700,300,5%,513,08-02-23,YYYY-00-DD 00:00:SS,Unknown,
layoff_02936,Vimeo,  new york city,United States,,Post-IPO,5882,1129,200,6,450,"April 03, 2026",YYYY-00-DD 00:00:SS,Unknown,
layoff_04216,  Medly,New York City,United States,Healthcare,Series C,150,326,,100,100,2023-02-08,YYYY-00-DD 00:00:SS,Unknown,
layoff_05641,SpotHero,Chicago,United States,Transportation,Series D,72,760,3000,13%,117,"March 24, 2020",YYYY-00-DD 00:00:SS,Unknown,
layoff_04214,Baraja,Sydney,Australia,Transportation,Unknown,1000,1725,1000,75,63,2023-02-08,YYYY-00-DD 00:00:SS,Unknown,
layoff_02105,Justworks,New York City,United States,,Unknown ,100,73,200,9%,160,2025-02-10,"February 11, 2025",Unknown,
layoff_03678,Embrace,SF Bay Area,USA,Product,Unknown,167,54,6,7,77,2023-08-18,YYYY-00-DD 00:00:SS,Unknown,
layoff_04395,Carvana,,United States,Transportation,  Post-IPO ,462,850,2500,3,1600,2023-01-13,YYYY-00-DD 00:00:SS,Unknown,
layoff_05566,Sauce Labs,SF Bay Area,United States,Infrastructure,Unknown,200,1618,30,15,151,"April 02, 2020",YYYY-00-DD 00:00:SS,Unknown,
layoff_01466,Cloudflare,San Francisco,U.S.A.,Security,  Post-IPO ,500,830,40,20,332,01/11/2024,YYYY-00-DD 00:00:SS,Unknown,
layoff_00976,Pagaya, New York City ,United States of America,Finance,Post-IPO,700,560,140,,571,01/18/2023,01/18/2023,Unknown,
layoff_03738,Wish,SF Bay Area,United States,Retail,Post-IPO,750,622,255,34,,07/27/2023,YYYY-00-DD 00:00:SS,Unknown,
layoff_03264,Shein,Singapore,Singapore,Retail,  Private Equity,580,112,17,,4100,09-30-24,YYYY-00-DD 00:00:SS,Unknown,
layoff_02680,Taboola,New York,Unknown,  content marketing  ,,1667,575,100,6,119,09/13/2022,2022-09-13,Public,
layoff_01899,Quizac,Lagos,Nigeria,Education,Acquired,16667,1350,100,100%,,"August 13, 2024",YYYY-00-DD 00:00:SS,Unknown,
layoff_02587,Aspire,San Francisco,Unknown,Marketing tech,Unknown,139,124,23,20%,39,"July 15, 2022",YYYY-00-DD 00:00:SS,Private,
layoff_00671,  TCR2  ,Boston,United States,Healthcare,Post-IPO,150,120,,20,173,"August 31, 2022",YYYY-00-DD 00:00:SS,Unknown,
layoff_04441, SUPERRARE,Wilmington,United States,Crypto, SERIES A  ,393,450,1100,30%,9,"January 06, 2023",YYYY-00-DD 00:00:SS,Unknown,
layoff_03806,  ConnectRN,Boston,United States,HEALTHCARE  ,UNKNOWN  ,213,572,70,13%,160,"July 06, 2023","July 06, 2023",Unknown,
layoff_02707,Meta,"Menlo Park, CA",N/A,  Social media ,Unknown,84615,902,11000,,108,2022-11-09,"November 09, 2022",,
layoff_00138,Atsu,Seattle,United States,  infrastructure ,,6,0,6,100,1,"April 10, 2020",YYYY-00-DD 00:00:SS,Unknown,
layoff_01897,Grail,Menlo Park,United States of America,Healthcare,Post-IPO,1700,0,350,4,16,08-13-24,YYYY-00-DD 00:00:SS,Unknown,
layoff_00883,Voi,Stockholm,Sweden,Transportation,Series D,1000,870,130,13%,515,12-07-22,YYYY-00-DD 00:00:SS,Unknown,
layoff_02993,Dayforce,Toronto,Canada,HR,Post-IPO,2520,17,45,5,40,11-Feb-2026,02/18/2026,Unknown,
layoff_03750,Onfido,London,United Kingdom,Finance,  SERIES D ,782,190,15,17,182,"July 24, 2023",YYYY-00-DD 00:00:SS,Unknown,
layoff_05031,Airtasker,Sydney,Australia, Consumer  ,Series C,1857,12730,,7,26,07-04-22,07/04/2022,Unknown,
layoff_03827,Zapier,SF Bay Area,United States,Other,Seed,2000,6473,161,10%,1,"June 28, 2023",YYYY-00-DD 00:00:SS,Unknown,
layoff_05097,Weee!,SF Bay Area,United States,Food,Series E,1500,0,150,10%,863,2022-06-15,2022-06-19,Unknown,
layoff_01470,New Work SE,Hamburg,Germany,Consumer,,1000,788,400,,26,01-11-24,YYYY-00-DD 00:00:SS,Unknown,
layoff_03532,F-Secure,Helsinki,Finland,Security,  Post-IPO  ,6000,0,70,7,148,10-25-23,YYYY-00-DD 00:00:SS,Unknown,
layoff_00660,Tier Mobility,BERLIN,Germany,transportation  ,Series D,1125,945,180,16,646,08/23/2022,08-23-22,Unknown,
layoff_04849,54gene,Washington D.C.,us,Healthcare,Series B,317,238,,30,,08/29/2022,08/30/2022,Unknown,
layoff_03620,Project44,Chicago,United States,,Unknown,397,111,116,,817,09/14/2023,YYYY-00-DD 00:00:SS,Unknown,
layoff_01364, Hippo Insurance  ,Palo Alto,United States,Finance,Post-IPO,600,480,120,20%,1300,"October 26, 2023","October 26, 2023",Unknown,
layoff_05607,Restaurant365,Los Angeles,us,Food,Series C,271,,175,75,127,03/27/2020,YYYY-00-DD 00:00:SS,Unknown,
layoff_01691,Data.ai,  San Francisco ,United States,Software Development,Unknown,400,356,44,11,245,2024-04-17,17-Apr-2024,Unknown,
layoff_04516, Motive  ,SF Bay Area,United States,Transportation,Series F  ,3950,2404,237,6,567,2022-12-07,YYYY-00-DD 00:00:SS,Unknown,
layoff_02235,King,London,United Kingdom,Gaming,Unknown,140,360,200,33,39,07/14/2025,"July 14, 2025",Unknown,
layoff_02750,Cue,San Diego,United States,Health Care,  post-ipo ,1452,0,558,18,999,05-Jan-2023,YYYY-00-DD 00:00:SS,Public,
layoff_04171,Pico Interactive,SF Bay Area,United States,Other,,2000,145,400,20%,62,16-Feb-2023,YYYY-00-DD 00:00:SS,Unknown,
layoff_04253,workato ,SF Bay Area,United States,Other,Series E,900,1475,90,10,415,02/01/2023,YYYY-00-DD 00:00:SS,Unknown,
layoff_00316,Glossier , NEW YORK CITY,United States,Retail,Series D,395,245,150,38%,186,08/07/2020,08-19-20,Unknown,
layoff_00443,Sonder,San Francisco,U.S.,  Travel ,Post-IPO,1190,940,250,21%,839,08-Jun-2022,YYYY-00-DD 00:00:SS,Unknown,
layoff_01974,Toplyne,Bengaluru,India,Sales,Series A,1500,873,221,,17,11-Oct-2024,YYYY-00-DD 00:00:SS,Unknown,
layoff_02090,Okta,San Francisco,USA,Security,Post-IPO,6000,5820,180,3%,1200,02-04-25,YYYY-00-DD 00:00:SS,Unknown,
layoff_03969,Vah Vah!,Bengaluru,India,Education,  Seed  ,74,141,150,100,2,2023-04-30,YYYY-00-DD 00:00:SS,Unknown,
layoff_04466,PayU, Amsterdam,Netherlands,Finance,Acquired,2500,71,150,6,120,"December 26, 2022",YYYY-00-DD 00:00:SS,,
layoff_01356,LinkedIn,sunnyvale ,United States,HR,Acquired,22000,21340,660,,,2023-10-16,"October 16, 2023",Unknown,
layoff_00800,Ocavu,Lehi,United States,Crypto,Series A,42,22,20,,11,"November 10, 2022",YYYY-00-DD 00:00:SS,Unknown,
layoff_04872,Thirty Madison,New York City,USA,Healthcare,,67,20,97,10,209,"August 18, 2022",YYYY-00-DD 00:00:SS,Unknown,
layoff_01748, rivian, palo alto  ,U.S.A.,Transportation,Post-IPO,615,850,120,14%,10700,10-May-2024,2024-05-10,Unknown,
layoff_04139,Eat Just,SF Bay Area,,Food,  unknown ,85,319,40,10%,465,02-24-23,YYYY-00-DD 00:00:SS,Unknown,
layoff_04344,Riot Games,Los Angeles,United States,Consumer,Acquired,500,1035,46,,21,19-Jan-2023,YYYY-00-DD 00:00:SS,Unknown,
layoff_03124,Ohm Mobility,Bengaluru,India,Transportation,  SEED,1143,101,300,100%,56,2025-07-24,YYYY-00-DD 00:00:SS,Unknown,
layoff_05137,Carbon Health,SF Bay Area,United States,Healthcare,,3125,1150,250,8,522,02-Jun-2022,YYYY-00-DD 00:00:SS,Unknown,
layoff_02382,Lusha,Boston,United States,Software Development,Series B,300,276,24,8,,12/10/2025,YYYY-00-DD 00:00:SS,Unknown,
layoff_05057,VOLT BANK,Sydney,Australia,Finance,SERIES E,1825,450,,,90,06/29/2022,YYYY-00-DD 00:00:SS,Unknown,
layoff_02600,  IMPERFECT FOODS ,San Francisco,-,"Grocery, e-commerce, delivery service",  Unknown ,423,3360,50,10%,304,01-Aug-2022,YYYY-00-DD 00:00:SS,Private,
layoff_02546,Bizzabo, new york ,n/a,  virtual event,Unknown,367,200,220,60,219,12-01-22,YYYY-00-DD 00:00:SS,Private,
layoff_00959,ClearCo,Toronto,Canada,Finance,Series C,167,117,50,,698,2023-01-16,YYYY-00-DD 00:00:SS,Unknown,
layoff_01644,ShopBack,Singapore,Singapore, Retail  ,Series F,813,618,195,24,355,19-Mar-2024,"March 20, 2024",Unknown,
layoff_02929, Pepper Pay,Miami,United States,Finance,Unknown,284,400,150,,485,2026-04-09,YYYY-00-DD 00:00:SS,Unknown,
layoff_04586,Reynen Court,Amsterdam,Netherlands,Legal,Unknown,689,,24,15,23,2022-11-22,2023-07-26,Unknown,
layoff_04184,CommerceHub,Albany,U.S.,Retail, acquired ,1197,9200,371,,66,02/14/2023,15-Feb-2023,Unknown,
layoff_02579,Homepoint,"Greenville, SC",n/a,Proptech,Unknown,221,160,113,25,11,11/17/2022,YYYY-00-DD 00:00:SS,Private,
layoff_00778,KoinWorks,Jakarta,Indonesia,Finance,Unknown,875,805,,8%,,11-04-22,YYYY-00-DD 00:00:SS,Unknown,
layoff_04731,Faire,SF Bay Area,U.S.,Retail,,1200,0,84,7,1700,"October 18, 2022",YYYY-00-DD 00:00:SS,Unknown,
layoff_00658,Q4,Toronto,Canada,Other,Series C,625,575,,8,91,08-23-22,YYYY-00-DD 00:00:SS,Unknown,
layoff_03583,Bird,Los Angeles,us,Transportation,Post-IPO  ,1133,2677,100,7,,04-Oct-2023,YYYY-00-DD 00:00:SS,Unknown,
layoff_03472,McMakler,Berlin,Germany,  Real Estate ,Unknown,1656,2125,60,20,214,21-Nov-2023,YYYY-00-DD 00:00:SS,Unknown,
layoff_01966,BeepKart,Bengaluru,India,Retail,Series A,325,195,,40%,1,2024-10-08,YYYY-00-DD 00:00:SS,Unknown,
layoff_00168,Zilingo,Singapore,Singapore,Retail,Series D,880,836,44,5,307,"April 17, 2020",04/19/2020,Unknown,
layoff_04404,Definitive Healthcare,Boston,United States,Healthcare,  post-ipo,917,355,55,6%,42,01/12/2023,YYYY-00-DD 00:00:SS,Unknown,
layoff_01584,Gro Intelligence,New York City,us,Food,,200,180,20,10,118,15-Feb-2024,YYYY-00-DD 00:00:SS,Unknown,
layoff_02572,100 Thieves,Los Angeles,United States,"ESPORTS, MEDIA  ",Series C,250,72000,12,100,120,"January 10, 2023",YYYY-00-DD 00:00:SS,Private,
layoff_01098,cnet  , San Francisco,USA,Media,,120,108,12,10%,20,02-Mar-2023,YYYY-00-DD 00:00:SS,Unknown,
layoff_02574,Progrexion,  Salt Lake City ,N/A,FinTech,Unknown,1118,102,,18,283,07-Jun-2022,YYYY-00-DD 00:00:SS,Private,
layoff_03939,Nuro,SF Bay Area,United States of America,Transportation,Series D,1133,614,340,30,,05/12/2023,YYYY-00-DD 00:00:SS,Unknown,
layoff_03236,NEW RELIC,SF Bay Area,United States,Infrastructure,Acquired,6,6480,34,13,214,11/12/2024,"November 13, 2024",Unknown,
layoff_02714,ThredUp,"Oakland, CA",,"E-commerce, fashion",  UNKNOWN  ,182,141,24,15,351,"August 15, 2022",YYYY-00-DD 00:00:SS,Public,
layoff_04503,Airtable,SF Bay Area,United States,Product,Series F,1270,69,254,20%,1400,12-08-22,YYYY-00-DD 00:00:SS,Unknown,
layoff_01779,Jasper Health ,Boise,United States,Healthcare,  Series A  ,143,,600,100,32,05/31/2024,YYYY-00-DD 00:00:SS,Unknown,
layoff_03791,Dukaan,Bengaluru,India,Retail,Series A,217,0,300,13,17,11-Jul-2023,YYYY-00-DD 00:00:SS,Unknown,
layoff_05267,LivePerson,New York City,United States,Support,Post-IPO ,4000,6650,30,5,42,"November 01, 2020",01/21/2023,,
layoff_03466,Tier Mobility,Berlin,Germany,Transportation,Series D,500,,3000,22%,646,11-28-23,2023-11-29,,
layoff_00889,Glints,  singapore ,Singapore,HR,Series D,1100,902,198,,82,"December 08, 2022",YYYY-00-DD 00:00:SS,Unknown,
layoff_02210,Microsoft,Seattle,United States,Other,Post-IPO,10167,9862,305,,1,06-02-25,YYYY-00-DD 00:00:SS,Unknown,
layoff_04515,Plaid,SF Bay Area,U.S.A.,Finance,,1300,173,260,20,734,12/07/2022,YYYY-00-DD 00:00:SS,Unknown,
layoff_00474,Weee!,Fremont,United States of America,Food,series e,1500,1350,150,,863,06/15/2022,YYYY-00-DD 00:00:SS,Unknown,
layoff_01109,Xero,Wellington,New Zealand,Finance,Post-IPO,5333,4533,800,,681,09-Mar-2023,YYYY-00-DD 00:00:SS,Unknown,
layoff_02176,AppLovin,Palo Alto,United States,Marketing,Post-IPO,63,665,97,18%,1600,"April 26, 2025",YYYY-00-DD 00:00:SS,Unknown,
layoff_05529,Payfactors,  boston  ,United States, HR,Unknown,100,28,46,16,33,2020-04-07,YYYY-00-DD 00:00:SS,,
layoff_01276,PayScale,Seattle,United States,HR,Acquired,700,686,14,2,33,07/14/2023,YYYY-00-DD 00:00:SS,Unknown,
layoff_04936,  FUBOTV ,New York City,United States,,Post-IPO,240,153,1000,3,151,08/02/2022,04-Aug-2022,,
layoff_03085,Google, SF BAY AREA ,United States,Consumer,Post-IPO,1400,279,,30%,,10/02/2025,YYYY-00-DD 00:00:SS,Unknown,
layoff_05302,Booking.com,Amsterdam,Netherlands,Travel,Acquired,17500,439,4375,,,"July 30, 2020",YYYY-00-DD 00:00:SS,Unknown,
layoff_01095, Sonder  ,San Francisco,United States,Travel,Post-IPO,714,614,100,14,839,"March 01, 2023",YYYY-00-DD 00:00:SS,Unknown,
layoff_00598,  SKAI,Tel Aviv,Israel,Marketing,Series E,750,720,30,4,60,07/27/2022,YYYY-00-DD 00:00:SS,Unknown,
layoff_01100,Zscaler,San Jose,United States,Security,Post-IPO,5900,5723,177,3,148,"March 02, 2023",YYYY-00-DD 00:00:SS,Unknown,
layoff_03326,SeekOut,Seattle,United States,  Recruiting  ,,13,1133,70,30%,,2024-05-16,05/20/2024,Unknown,
layoff_01889,Eventbrite, san francisco  ,U.S.A.,Consumer,Post-IPO,909,809,100,11,557,2024-08-07,YYYY-00-DD 00:00:SS,Unknown,
layoff_00043,  TravelTriangle,Gurugram,India,Travel, SERIES D  ,500,250,250,50%,47,03-28-20,YYYY-00-DD 00:00:SS,Unknown,
layoff_02554,Wyre,San Francisco,Unknown,"Cryptocurrency, blockchain",Unknown,200,120,59,100,29.7,"January 04, 2023",YYYY-00-DD 00:00:SS,Private,
layoff_04612,Properly,Toronto,Canada,Real Estate,Series B,333,4824,71,50,154,15-Nov-2022,YYYY-00-DD 00:00:SS,Unknown,
layoff_00250,  LATTICE,San Francisco,U.S.A.,HR,Series C,160,144,16,10,,"May 15, 2020",2020-05-15,Unknown,
layoff_03883,HashiCorp,SF Bay Area,United States,Infrastructure,Post-IPO,6,,5600,8%,349,"June 07, 2023",YYYY-00-DD 00:00:SS,Unknown,
layoff_05051,Baton,,U.S.,Transportation,Series A,64,198,16,25%,13,29-Jun-2022,YYYY-00-DD 00:00:SS,Unknown,
layoff_02695,iRobot,"Bedford, MA",-,"  artificial intelligence, robotics ",Unknown,1400,0,140,10,788,2022-08-05,YYYY-00-DD 00:00:SS,Public,
layoff_02701,Core Scientific,Austin,U.S.A.,"Blockchain, cryptocurrency",Post-IPO,1667,163,100,10,169,"August 12, 2022",YYYY-00-DD 00:00:SS,Public,
layoff_00696,Vesalius Therapeutics,Boston,United States,Healthcare,Series B,67,38,29,43,75,09/19/2022,YYYY-00-DD 00:00:SS,Unknown,
layoff_01481,Google,Mountain View,United States,Consumer,Post-IPO,2000,166,350,30,26,"January 16, 2024",YYYY-00-DD 00:00:SS,Unknown,
layoff_00983,Saks.com,New York City,United States,  RETAIL, Unknown,2000,1900,100,5,965,"January 19, 2023",YYYY-00-DD 00:00:SS,Unknown,
layoff_02255,Eyeo,Berlin,Germany,Technology. Information and Internet,,1667,43,150,40,,"July 28, 2025",YYYY-00-DD 00:00:SS,Unknown,
layoff_05541,Minted,SF Bay Area,United States,,Series E,397,449,147,37,,2020-04-03,YYYY-00-DD 00:00:SS,Unknown,
layoff_05005,100 Thieves,Los Angeles,United States,Consumer,Series C,13000,0,12,,120,"July 13, 2022",18-Jul-2022,Unknown,
layoff_03661,HackerRank,SF Bay Area,United States,Recruiting,Series D,215,19998,53,6%,103,08/27/2023,YYYY-00-DD 00:00:SS,Unknown,
layoff_02708,Integral Ad Science,New York,Unknown,"Data science, enterprise",Unknown,923,43200,120,13,138,12/07/2022,YYYY-00-DD 00:00:SS,Public,
layoff_01293,Paper,  Montreal,Canada,Education,Series D,2650,2544,106,4,389,08-01-23,YYYY-00-DD 00:00:SS,Unknown,
layoff_00451,  stitch fix  ,,United States,Retail,Post-IPO,2200,1870,330,,79,06-09-22,YYYY-00-DD 00:00:SS,Unknown,
layoff_05640,Peerfit,Tampa Bay,United States,HR,Unknown,700,800,135,40,47,"March 24, 2020",YYYY-00-DD 00:00:SS,Unknown,
layoff_03291,NerdWallet, SF Bay Area  ,us,Finance,Post-IPO,685,462,8,15,105,07-30-24,YYYY-00-DD 00:00:SS,Unknown,
layoff_05193,Blend,SF Bay Area,us,Finance,Post-IPO,2000,,,10%,665,"April 19, 2022",YYYY-00-DD 00:00:SS,Unknown,
layoff_00000,Tamara Mellon,Los Angeles,United States,  retail,  series c  ,50,30,20,40,90,03/12/2020,03/31/2020,Unknown,
layoff_03785,  DUCK CREEK TECHNOLOGIES ,Boston,United States,FINANCE,Acquired,800,805,500,9,,07-12-23,YYYY-00-DD 00:00:SS,Unknown,
layoff_04190,PetLove ,  sao paulo  ,Brazil, retail  ,Series C,2200,150,94,17,225,13-Feb-2023,YYYY-00-DD 00:00:SS,Unknown,
layoff_02604,Career Karma,San Francisco,Unknown,"Career planning, social network",Unknown,789,5586,82,33,386,"January 12, 2023",YYYY-00-DD 00:00:SS,Private,
layoff_03422,Treasure Financial,sf bay area,United States,Finance,Series A,23,480,14,60,14,01-09-24,YYYY-00-DD 00:00:SS,Unknown,
layoff_03798,Medsaf,Lagos,Nigeria,Healthcare, unknown,30,,30,100,657,2023-07-07,YYYY-00-DD 00:00:SS,Unknown,
layoff_02699,SoundHound,"Santa Clara, CA",-,conversational ai  ,Unknown,160,733,50,10,,2023-01-05,YYYY-00-DD 00:00:SS,Public,
layoff_02379,Tenstorrent,Toronto,Canada,AI chip startup,Series D,1000,925,75,7.5%,1000,12-09-25,YYYY-00-DD 00:00:SS,Unknown,
layoff_04189,EMX Digital,New York City,United States,Marketing,Unknown,100,,100,100%,172,02/13/2023,YYYY-00-DD 00:00:SS,Unknown,
layoff_02844,Quizlet,SF Bay Area ,United States,Education,Series C,4,879,79,,62,05-Jun-2026,YYYY-00-DD 00:00:SS,Unknown,
layoff_00729,Beyond Meat,,United States of America,Food,Post-IPO,1053,853,200,19,122,"October 14, 2022",YYYY-00-DD 00:00:SS,Unknown,
layoff_02896,ApnaMart, Bengaluru  ,India,Food,Series B,350,180,35,10,40,"May 06, 2026",YYYY-00-DD 00:00:SS,Unknown,
layoff_00147,Envoy,San Francisco,United States,HR,Series B,193,135,58,30,59,14-Apr-2020,YYYY-00-DD 00:00:SS,Unknown,
layoff_00151,Carta,San Francisco,United States, finance,Series E,1006,845,161,16,447,04-15-20,YYYY-00-DD 00:00:SS,Unknown,
layoff_03507,Oportun,SF Bay Area,United States, FINANCE,Post-IPO,2643,3233,185,7,766,2023-11-07,YYYY-00-DD 00:00:SS,Unknown,
layoff_02975,Block,SF Bay Area,United States,Finance,Post-IPO,10000,388,4000,40,150,02-26-26,YYYY-00-DD 00:00:SS,Unknown,
layoff_03600,Fit Analytics,Berlin,Unknown,Retail,Acquired,2200,900,40,100%,481,2023-09-28,09/29/2023,Unknown,
layoff_02432,Gemini,,Unknown,"  fintech, crypto  ",Unknown,1556,0,125,10,250,2022-06-02,2022-06-02,Private,
layoff_02782,Samsung,Dallas,United States,Hardware,,0,88000,100,2,61,07-19-26,07/22/2026,Unknown,
layoff_04213,Equitybee, sf bay area,United States,Finance,Series B,96,2587,24,25,,02-08-23,YYYY-00-DD 00:00:SS,Unknown,
layoff_00642,Blend,San Francisco,United States,Finance,Post-IPO,1833,,220,12,,15-Aug-2022,08/15/2022,Unknown,
layoff_03442,D2iQ,SF Bay Area,United States,Infrastructure,Series D,200,2090,4250,100,247,12-08-23,YYYY-00-DD 00:00:SS,Unknown,
layoff_03601, snap ,Los Angeles,United States,Consumer,Post-IPO,1350,535,170,45,4900,09-27-23,YYYY-00-DD 00:00:SS,,
layoff_05244,Ninjacart,Bengaluru,India,Food,Unknown,700,121,200,5,194,"February 23, 2021",YYYY-00-DD 00:00:SS,Unknown,
layoff_00842,Vendease,Lagos,Nigeria,Food,Series A,300,273,27,9,43,2022-11-25,2022-11-30,Unknown,
layoff_01025,Chainalysis ,New York City,United States,Crypto,  series f  ,880,836,44,5,536,02/01/2023,YYYY-00-DD 00:00:SS,Unknown,
layoff_03220,RealSelf,Seattle,United States,Healthcare,  series b ,152,93,74,30,42,12/19/2024,2025-01-15,Unknown,
layoff_02812,Bungie ,Seattle,USA, consumer  ,Acquired,1450,560,292,20%,100,06-25-26,YYYY-00-DD 00:00:SS,Unknown,
layoff_02200,Microsoft,Seattle,United States of America,Other,Post-IPO,200000,194000,6000,3%,1,05-23-25,YYYY-00-DD 00:00:SS,Unknown,
layoff_02902,Careem,Dubai,United Arab Emirates,Transportation,Acquired,350,192,40,90,771,"May 05, 2026",YYYY-00-DD 00:00:SS,Unknown,
layoff_01229,Dragos,Baltimore,United States,Security,Series D,556,506,50,9,364,"June 06, 2023",YYYY-00-DD 00:00:SS,Unknown,
layoff_00577,Introhive,Ferdericton,Canada,Sales,Series C,356,299,57,16,125,"July 20, 2022",YYYY-00-DD 00:00:SS,Unknown,
layoff_01043,Salesloft,Atlanta,United States,Sales,Acquired,1000,900,100,10,245,2023-02-07,YYYY-00-DD 00:00:SS,Unknown,
layoff_01441,Branch,Columbus,United States,Finance,,300,415,85,100%,229,01-09-24,YYYY-00-DD 00:00:SS,Unknown,
layoff_00722,Noom,New York City,USA,Healthcare,Series F,5000,4500,500,10,657,11-Oct-2022,YYYY-00-DD 00:00:SS,Unknown,
layoff_05510,Elliptic,London,United Kingdom,Crypto,,333,163,74,30,40,"April 09, 2020",YYYY-00-DD 00:00:SS,Unknown,
layoff_03228,Apple,SF Bay Area,United States,Hardware,Post-IPO,48000,88000,5000,15,1200,11/24/2024,"November 27, 2025",Unknown,
layoff_05028,Motif Foodworks,  BOSTON,United States,Food,series b  ,3571,51,5,100,344,"July 06, 2022",YYYY-00-DD 00:00:SS,Unknown,
layoff_05134,5B Solar,  sydney,Australia,Energy,Series A,550,1716,65,25%,12,06/03/2022,06-03-22,Unknown,
layoff_02120,electriq global  ,Tel Aviv,Israel,Energy,Unknown,351,0,30,100,8,02/21/2025,YYYY-00-DD 00:00:SS,Unknown,
layoff_01901,AppLovin,Palo Alto,United States,Marketing,Post-IPO,462,151,61,,2,08/15/2024,YYYY-00-DD 00:00:SS,Unknown,
layoff_01242,  pendo,Raleigh,United States of America,Product,Series F,833,733,100,12,469,06-12-23,YYYY-00-DD 00:00:SS,Unknown,
layoff_00897,Outschool,San Francisco,United States,Education,  Series D  ,172,129,43,25%,240,12/10/2022,YYYY-00-DD 00:00:SS,Private,
layoff_04691,Digital Currency Gruop,stamford  ,United States,Crypto,Unknown,77,475,10,13,487,02-Nov-2022,YYYY-00-DD 00:00:SS,Unknown,
layoff_04436,Carbon Health,SF Bay Area,United States,Healthcare,Series D,1080,850,200,9,522,"January 06, 2023",YYYY-00-DD 00:00:SS,Unknown,
layoff_00629,  hootsuite,Vancouver,Canada,Marketing,Series C,1333,933,400,30,,09-Aug-2022,09-Aug-2022,Unknown,
layoff_01555,Nomad Health,New York City,United States,Healthcare,,308,758,44,15%,218,02-05-24,YYYY-00-DD 00:00:SS,Unknown,
layoff_00677,Lawgeex,Tel Aviv,Israel,Legal,Series C,91,,30,33,41,"September 06, 2022",YYYY-00-DD 00:00:SS,Unknown,
layoff_03436,Analog Devices,SF Bay Area,United States,Manufacturing,Post-IPO,333,319,111,4,305,12/13/2023,YYYY-00-DD 00:00:SS,Unknown,
layoff_04155,Jounce Therapeutics,Boston,USA,Healthcare,Acquired,361,253,340,57%,,"February 22, 2023",2023-02-26,Unknown,
layoff_05373,Magicbricks,Noida,India,Real Estate,Unknown,200,30,250,15,300,2020-05-17,YYYY-00-DD 00:00:SS,Unknown,
layoff_03612,  OUTREACH , SEATTLE  ,United States,Sales,Series G,744,1140,55,12,489,09/20/2023,YYYY-00-DD 00:00:SS,Unknown,
layoff_03715,Ayoconnect,Jakarta,Indonesia,Finance,Series B,680,60,1000,10,43,03-Aug-2023,YYYY-00-DD 00:00:SS,Unknown,
layoff_04418,Carta,SF Bay Area,United States,HR,  SERIES G ,33,525,58,10%,1100,11-Jan-2023,YYYY-00-DD 00:00:SS,Unknown,
layoff_01348,Arrival,London,United Kingdom,Transportation,Post-IPO,800,600,200,,629,10/05/2023,YYYY-00-DD 00:00:SS,Unknown,
layoff_04259,MariaDB,Helsinki,Finland,Data,Post-IPO,800,,500,8,,"February 01, 2023",YYYY-00-DD 00:00:SS,Unknown,
layoff_00790,Liftoff,redwood city,United States,Marketing,Acquired,867,737,130,15,6,09-Nov-2022,YYYY-00-DD 00:00:SS,Unknown,
layoff_02493,Intrinsic,"Mountain View, CA",Unknown," robotics, ai  ",Unknown,200,,40,20,186,2023-01-11,01-11-23,Private,
layoff_01603,Daraz,Singapore,Singapore,  retail  ,Unknown,920,111,50,15,34,26-Feb-2024,YYYY-00-DD 00:00:SS,Unknown,
layoff_03401, Productboard  ,SF Bay Area,United States of America,Product,,333,855,254,20,356,01-26-24,YYYY-00-DD 00:00:SS,Unknown,
layoff_01054,MiSan Francisco Bay Areaits Market,Philadelphia,United States,Food,,1967,1318,649,33%,526,02/09/2023,2023-02-09,Unknown,
layoff_03097,Salesforce,Seattle,United States,Sales,,70,1063,93,9,65,09-03-25,"September 08, 2025",Unknown,
layoff_00038,Knotel,New York City,U.S.,  real estate  , series c  ,423,296,127,30,560,27-Mar-2020,YYYY-00-DD 00:00:SS,Unknown,
layoff_02257,AstrumU,Bellevue,United States,Worker skills intelligence startup,Unknown,0,2375,500,,,2025-07-31,YYYY-00-DD 00:00:SS,Unknown,
layoff_01817,Rapyd,Tel Aviv,Israel,Finance,Unknown,750,720,30,4%,770,2024-06-18,YYYY-00-DD 00:00:SS,Unknown,
layoff_04600,Morning Brew,New York City,United States,Media,,682,238,40,14,,17-Nov-2022,YYYY-00-DD 00:00:SS,Unknown,
layoff_04099,Zulily,Seattle,United States,Retail,Acquired,7778,198,9000,,194,07-Mar-2023,10-Mar-2023,Unknown,
layoff_05423,Fandom,SF Bay Area,United States,Media,Series E  ,500,0,50,14,,30-Apr-2020,YYYY-00-DD 00:00:SS,Unknown,
layoff_05629,Wonderschool,  sf bay area  ,United States,Education,,67,109,50,75,24,25-Mar-2020,YYYY-00-DD 00:00:SS,Unknown,
layoff_02568,Kitty Hawk,Mountain View,,aerospace,Unknown,1538,,40,100,11,"September 21, 2022",YYYY-00-DD 00:00:SS,Private,
layoff_03374, Sony Interactive  ,SF Bay Area,United States, consumer  ,Subsidiary,11250,1200,900,8,719,02-27-24,02-27-24,Unknown,
layoff_05178,  MURAL,SF Bay Area,U.S.,Product,  series c  ,900,1016,90,10,192,05/05/2022,YYYY-00-DD 00:00:SS,Unknown,
layoff_05287,Big Fish Games,Seattle,United States,Media,Acquired,1500,202,250,8%,95.2,2020-09-01,2020-09-02,Unknown,
layoff_01681,Zoe,London,United Kingdom,Healthcare,Series B,100,0,285,20,89,"April 11, 2024",12-Apr-2024,Unknown,
layoff_01449,Trend Micro,Tokyo,Japan,Security,Unknown,80,495,30,,19,2024-01-09,YYYY-00-DD 00:00:SS,Unknown,
layoff_05129,Deep Instinct,New York City,USA,Security,Series D,6000,147,130,10,259,06/06/2022,YYYY-00-DD 00:00:SS,Unknown,
layoff_05392,Datto,  norwalk  ,United States,Infrastructure,Acquired,2550,77900,30,100,100,"May 12, 2020",05-13-20,Unknown,
layoff_05432,App Annie,SF Bay Area,United States, Data ,Unknown,444,1000,80,18,156,28-Apr-2020,YYYY-00-DD 00:00:SS,Unknown,
layoff_05340,SynapseFI,SF Bay Area,U.S.A.,Finance,Series B,131,35,63,48,50,06-12-20,YYYY-00-DD 00:00:SS,Unknown,
layoff_04003,Quadream,  Tel Aviv,Israel,  SECURITY ,Unknown,311,167,40,100%,849,04/16/2023,YYYY-00-DD 00:00:SS,Unknown,
layoff_03377,Sonder, SF Bay Area ,U.S.,Travel,Post-IPO,624,,106,17,839,02-15-24,YYYY-00-DD 00:00:SS,Unknown,
layoff_00524,Crejo.Fun,Bengaluru,India,Education,  seed,170,,170,100,3,30-Jun-2022,YYYY-00-DD 00:00:SS,Unknown,
layoff_05297,InVision,New York City,United States,Product,SERIES F ,3150,228,,10%,350.2,08-14-20,YYYY-00-DD 00:00:SS,Unknown,
layoff_03429,Ocado,London,United Kingdom,Food,  POST-IPO  ,120,350,1000,3,2000,31-Dec-2023,YYYY-00-DD 00:00:SS,Unknown,
layoff_00906,  bigcommerce  ,Austin,United States,Retail,Post-IPO,1385,1205,180,13,224,"December 15, 2022",YYYY-00-DD 00:00:SS,Unknown,
layoff_00293,PAISABAZAAR ,GURUGRAM,India,  FINANCE,series g,3000,1500,1500,50,496,06-16-20,2020-06-16,Unknown,
layoff_00868,Bridgit,Waterloo,Canada,Construction,Series B,100,,13,13,36,06-Dec-2022,12/19/2022,Unknown,
layoff_01297,BetterUp, SAN FRANCISCO,United States,HR,Series E,625,525,100,16,567,08-02-23,"August 02, 2023",Unknown,
layoff_01408,  Enphase Energy ,Fremont,USA,,Post-IPO,3500,3150,350,10,116,12-18-23,YYYY-00-DD 00:00:SS,Unknown,
layoff_04274,  OPENTEXT ,Waterloo,Canada,Data,post-ipo,69,6930,120,8%,1100,01/31/2023,YYYY-00-DD 00:00:SS,,
layoff_04043,CoverMyMeds,Columbus,us,Healthcare,Acquired,500,200,800,,5,2023-03-29,YYYY-00-DD 00:00:SS,Unknown,
layoff_04511,Lenovo,Raleigh,United States,Hardware,Post-IPO,50000,43200,30,5,,2022-12-08,30-Dec-2022,Unknown,
layoff_05033, LETSGETCHECKED  ,New York City,United States, Healthcare , series d  ,180,593,20,4,263,02-Jul-2022,YYYY-00-DD 00:00:SS,Unknown,
layoff_01739,Brilliant,San Francisco,United States, HARDWARE  ,Unknown,250,85000,900,100%,683,05-08-24,YYYY-00-DD 00:00:SS,Unknown,
layoff_03242,Mozilla Foundation,SF Bay Area,United States,  consumer ,Subsidiary,833,928,500,30,2.3,11-05-24,YYYY-00-DD 00:00:SS,Unknown,
layoff_00111,ibotta,Denver,us,Retail,Series D,580,493,87,15,85,04-07-20,YYYY-00-DD 00:00:SS,,
layoff_02499,Buzzer,New York,Unknown,,Unknown,700,0,180,20%,2100,06/20/2022,YYYY-00-DD 00:00:SS,Private,
layoff_05408,Handshake,SF Bay Area,United States of America,Recruiting,  series c ,530,1133,100,30,74,"May 05, 2020",YYYY-00-DD 00:00:SS,Unknown,
layoff_04278,Intel,SF Bay Area,United States,Hardware,Post-IPO,400,41,,5,12,"January 30, 2023",31-Jan-2023,Unknown,
layoff_03954,Everledger,Brisbane,Australia,Crypto,Unknown,600,,110,,27,05/08/2023,YYYY-00-DD 00:00:SS,,
layoff_02704,BuzzFeed,New York,Unknown," MEDIA, NEWS ",Unknown,1500,1388,180,12,45,06-Dec-2022,YYYY-00-DD 00:00:SS,Public,
layoff_00872,Perimeter 81,Tel Aviv,Israel,Security,,250,230,20,8,165,2022-12-06,"December 07, 2022",Unknown,
layoff_04405,Career Karma,SF Bay Area,U.S.A.,Education,Series B,483,3150,22,,51,01-12-23,YYYY-00-DD 00:00:SS,Unknown,
layoff_03868,Chegg,SF Bay Area,United States,Education,Post-IPO,2000,260,80,4,,"June 12, 2023",YYYY-00-DD 00:00:SS,Unknown,
layoff_05309,LinkedIn,SF Bay Area,USA,Recruiting,Acquired,16000,19998,960,6%,154,21-Jul-2020,07/21/2020,Unknown,
layoff_04230,Eightfold AI, sf bay area ,United States,HR,Series E,600,686,,15,396,2023-02-03,2023-03-24,Unknown,
layoff_05100, AIRTAME  ,Copenhagen,Denmark,Consumer,Unknown,1167,1074,15,12,7,06-15-22,YYYY-00-DD 00:00:SS,Unknown,
layoff_03230, BETTER COLLECTIVE,Copenhagen,Denmark,Other,Unknown,2833,77,300,10,1300,2024-11-14,YYYY-00-DD 00:00:SS,Unknown,
layoff_02001,iRobot,Boston,United States,,,656,551,105,16,30,2024-11-06,YYYY-00-DD 00:00:SS,Unknown,
layoff_02658,Keepe,Seattle,U.S.,PropTech,Unknown,333,667,115,27,6,"June 10, 2022",11-Jun-2022,Private,
layoff_02804,PlaxidityX  ,Tel Aviv,Israel,SECURITY ,Acquired,833,2141,80,,25,06/30/2026,07/01/2026,Unknown,
layoff_00734, GOPUFF ,Philadelphia,United States,Food,Series H,13500,13250,250,1.9%,,"October 19, 2022",YYYY-00-DD 00:00:SS,Unknown,
layoff_00521,Substack  ,San Francisco,United States,  MEDIA ,Series B,93,80,13,14%,82,2022-06-29,YYYY-00-DD 00:00:SS,Private,
layoff_01604,Expedia,Seattle,United States,Travel,Post-IPO,18750,,1500,8,3,02-26-24,YYYY-00-DD 00:00:SS,,
layoff_03045,Discourse,Dover,us,Consumer,Series A,5438,513,50,100,20,12/04/2025,YYYY-00-DD 00:00:SS,Unknown,
layoff_01786, PAGAYA ,,Israel,Finance,Post-IPO,714,614,100,,571,"June 05, 2024",YYYY-00-DD 00:00:SS,Unknown,
layoff_03335,Google  ,SF Bay Area,United States,Consumer,,105,1727,200,100,26,"May 01, 2024",2024-05-02,,
layoff_05277,HumanForest,London,United Kingdom,Transportation,,400,675,237,,1.5,"September 25, 2020",YYYY-00-DD 00:00:SS,Unknown,
layoff_04118,Kandela,Los Angeles,us,,Acquired,656,0,21,,7400,2023-03-02,05-Mar-2023,Unknown,
layoff_03767,Lamudi Indonesia,Jakarta,Indonesia,Real Estate,Acquired,1000,360,115,12,56,17-Jul-2023,YYYY-00-DD 00:00:SS,Unknown,
layoff_01549, ASTRATE MEDICAL, Philadelphia  ,United States,Healthcare,Series A,333,69,160,100,13,2024-02-05,2024-02-06,Unknown,
layoff_03529,Hippo Insurance,SF Bay Area,United States,,Post-IPO,600,119,120,20%,1300,"October 26, 2023",YYYY-00-DD 00:00:SS,Unknown,
layoff_01509,Amperity,Seattle,United States,Marketing, SERIES D  ,235,0,20,15%,187,01-25-24,YYYY-00-DD 00:00:SS,Unknown,
layoff_00356,Hyperscience,New York City,U.S.A.,Data,Series E,400,300,100,25,289,"March 03, 2022",YYYY-00-DD 00:00:SS,Unknown,
layoff_03831,ClearPay  ,Manchester,United Kingdom,Finance,,1500,,25,16,85,06-27-23,YYYY-00-DD 00:00:SS,Unknown,
layoff_05494,Xerpa,Sao Paulo,Brazil, HR  ,,1026,306,10,,5,04/14/2020,14-Apr-2020,Unknown,
layoff_03972,Poparazzi,Los Angeles,United States,Consumer,Series A,100,611,3700,100,15,28-Apr-2023,YYYY-00-DD 00:00:SS,Unknown,
layoff_03878,Byju's,Bengaluru,India,,Private Equity,4,0,1000,4,5500,06-07-23,YYYY-00-DD 00:00:SS,Unknown,
layoff_04825,Rupeek,Bengaluru,India,Finance,Unknown,150,1073,50,,172,"September 07, 2022",YYYY-00-DD 00:00:SS,Unknown,
layoff_02971,At-Bay,Tel Aviv,United States,SECURITY ,Unknown,5900,900,25,15,296,2026-03-04,"March 07, 2026",Unknown,
layoff_01880,Intel, SANTA CLARA  ,USA,Hardware,Post-IPO,100000,85000,15000,15%,12,08/01/2024,YYYY-00-DD 00:00:SS,Unknown,
layoff_03589,Synapse,SF Bay Area,United States,,Series B,215,252,86,40,50,02-Oct-2023,YYYY-00-DD 00:00:SS,Unknown,
layoff_04136,SAP Labs,  BENGALURU  ,India,Other,,900,1253,300,,1300,02/24/2023,YYYY-00-DD 00:00:SS,Unknown,
layoff_02027,Headspace,Los Angeles,United States,Healthcare,,0,0,0,13,216,2024-11-20,11-28-24,Unknown,
layoff_04077,Coherent,SF Bay Area,United States,MANUFACTURING  ,Post-IPO,220,380,108,50%,41,2023-03-16,"March 17, 2023",Unknown,
layoff_02265,TikTok,BERLIN,Germany,Video-sharing social network,Unknown,689,1150,150,37,5400,08/10/2025,YYYY-00-DD 00:00:SS,Unknown,
layoff_04051,Blue Nile,Seattle,United States,Retail,Acquired,1471,15750,119,7,62,28-Mar-2023,YYYY-00-DD 00:00:SS,Unknown,
layoff_03888,Mara,Nairobi,Kenya,Crypto,,1000,162,,,23,06/06/2023,YYYY-00-DD 00:00:SS,Unknown,
layoff_04847,Nate,New York City,United States,Retail,Series A,40,60,30,20%,47,30-Aug-2022,2022-08-30,Unknown,
layoff_03099,The Gist,Tel Aviv,Israel,Other,  SEED,564,810,50,100,7,03-Sep-2025,08-Sep-2025,Unknown,
layoff_04773,WazirX,Mumbai,India,Crypto,Acquired,150,228,60,40,134,10-02-22,02-Oct-2022,Unknown,
layoff_01091,Stytch,San Francisco,us, SECURITY  ,Series B,76,57,19,25%,126,27-Feb-2023,YYYY-00-DD 00:00:SS,Unknown,
layoff_04174,Jellysmack,,France,Media,Series C,1500,1900,208,,22,15-Feb-2023,YYYY-00-DD 00:00:SS,Unknown,
layoff_05588,SkySlope,Sacramento,U.S.A.,Real Estate,Acquired,200,1012,50,,,03-31-20,YYYY-00-DD 00:00:SS,Unknown,
layoff_01440,Unity,San Francisco,us,Other,Post-IPO,7200,5400,1800,25,1,08-Jan-2024,01-08-24,,
layoff_04130,MeridianLink,Los Angeles,United States,Finance,Post-IPO,875,114,31,9,485,02-28-23,YYYY-00-DD 00:00:SS,Unknown,
layoff_03395,  PayPal,SF Bay Area,United States,Finance,Post-IPO,27778,,2500,9,,"January 30, 2024",30-Jan-2024,Unknown,
layoff_03988,Pluralsight,Salt Lake City,United States,Education,,74,17,35,4,192,"April 21, 2023",23-Apr-2023,Unknown,
layoff_05445,Convoy,Seattle,United States,,,750,170,59,1,665,"April 23, 2020",04-30-20,Unknown,
layoff_03709,CodeClan,Edinburgh,United Kingdom,Education,  Seed,57,400,57,,838,04-Aug-2023,08/08/2023,Unknown,
layoff_05165,Zenius, JAKARTA,Indonesia,Education,Series B,83,0,,100%,20,24-May-2022,YYYY-00-DD 00:00:SS,Unknown,
layoff_03510,Zeus Living,SF Bay Area,United States, Real Estate ,Series C,146,800,,100,,"November 07, 2023",YYYY-00-DD 00:00:SS,Unknown,
layoff_05300,The Appraisal Lane,Montevideo,Uruguay,transportation ,,444,89,45,,,2020-08-07,YYYY-00-DD 00:00:SS,Unknown,
layoff_02721,GoHealth,Chicago,Unknown,"health care, health insurance",Unknown,4000,1200,,20,188,11-Aug-2022,YYYY-00-DD 00:00:SS,Public,
layoff_03500,Commure,SF Bay Area,us,Healthcare,,917,93,100,100%,1900,11/09/2023,"December 20, 2023",Unknown,
layoff_01114,Meta,Menlo Park,United States,Consumer,Post-IPO,73615,63615,10000,13.6,26000,03-14-23,YYYY-00-DD 00:00:SS,Unknown,
layoff_04350,Magnite,Los Angeles,U.S.,Marketing,Post-IPO,112,91,19,,400,19-Jan-2023,YYYY-00-DD 00:00:SS,Unknown,
layoff_03209,Stripe,SF Bay Area,United States,Finance,Series I,10000,335,300,,,01-21-25,YYYY-00-DD 00:00:SS,Unknown,
layoff_02869,AI21 Labs,Tel Aviv,Israel, AI ,Series D,180,68,110,61%,626,"May 18, 2026",YYYY-00-DD 00:00:SS,Unknown,
layoff_05467,BitGo,SF Bay Area,U.S.,Crypto,Series B,6667,700,100,12,69,17-Apr-2020,YYYY-00-DD 00:00:SS,Unknown,
layoff_03075,Altruist,SF Bay Area,United States,Finance,Series E,333,,50,15,449,10/23/2025,YYYY-00-DD 00:00:SS,,
layoff_04293,Decent,SF Bay Area,United States of America,Healthcare,Series A,121,1330,30,,,01/27/2023,YYYY-00-DD 00:00:SS,Unknown,
layoff_05599,Catalant ,Boston,United States,Other ,  SERIES E ,1120,776,30,,110,30-Mar-2020,YYYY-00-DD 00:00:SS,Unknown,
layoff_04295,Nate,New York City,United States of America,Retail,Series A,275,20,100,5,47,01/27/2023,YYYY-00-DD 00:00:SS,Unknown,
layoff_03941,Slickdeals,,United States,Retail,Unknown,239,1010,79,33%,365,05/12/2023,2023-05-15,Unknown,
layoff_05549,Tripbam,Dallas,United States,Travel,Unknown,40,900,10,25,134,"April 03, 2020",04-04-20,Unknown,
layoff_02181,Tomorrow,Seattle,U.S.A.,Hardware,Unknown,11000,307,247,,1400,2025-04-28,YYYY-00-DD 00:00:SS,Unknown,
layoff_01412,ShareChat,Bengaluru,India,,Series H,1333,1133,200,,1700,20-Dec-2023,YYYY-00-DD 00:00:SS,Unknown,
layoff_01485, YOUTUBE,San Bruno ,United States,Media,Acquired,3600,148,100,10%,11,17-Jan-2024,01/17/2024,Unknown,
layoff_04372,Tul,Bogota,Colombia,CONSTRUCTION ,Series B,5714,513,,3,218,2023-01-17,YYYY-00-DD 00:00:SS,Unknown,
layoff_00819, PEAR THERAPEUTICS  ,Boston,USA,Healthcare,Post-IPO,268,209,59,22,409,"November 16, 2022",YYYY-00-DD 00:00:SS,Unknown,
layoff_00306,Skyscanner,Edinburgh,United Kingdom,Travel,Acquired,1500,1200,300,20,197,07/14/2020,YYYY-00-DD 00:00:SS,Unknown,
layoff_03953,Glean AI,  NEW YORK CITY  ,U.S.A.,Finance,Seed,233,297,5,,11,08-May-2023,YYYY-00-DD 00:00:SS,Unknown,
layoff_03931,L1ght,Tel Aviv,Israel,Other,,2000,990,60,100,,18-May-2023,2023-05-19,Unknown,
layoff_05081,  sprinklr,New York City,United States, Support  ,Post-IPO,2714,3680,50,7,429,06-22-22,06/26/2022,Unknown,
layoff_03451,Contentful,Berlin,Germany,Marketing ,Series F,700,570,2,20%,,12-05-23,YYYY-00-DD 00:00:SS,Unknown,
layoff_04987,M1  ,Chicago,United States,Finance,Series E  ,1000,60,38,60,323,07-19-22,YYYY-00-DD 00:00:SS,Unknown,
layoff_03276,Velo3D,SF Bay Area,United States,manufacturing ,Post-IPO,150,380,42,12,305,08-26-24,YYYY-00-DD 00:00:SS,,
layoff_04489,viant,Los Angeles,U.S.A.,Marketing,post-ipo  ,354,234,46,13%,,12/13/2022,YYYY-00-DD 00:00:SS,Unknown,
layoff_03745,Kleos Space,"Luxembourg, Raleigh",Luxembourg,Aerospace,Post-IPO,120,0,,100%,17,07/26/2023,2023-07-27,Unknown,
layoff_04113,MasterClass,SF Bay Area,United States,Education,Series E,400,273,79,30,461,2023-03-02,YYYY-00-DD 00:00:SS,Unknown,
layoff_04789,Pesto,SF Bay Area,USA,other  ,Seed,1756,131,120,100,,09-23-22,YYYY-00-DD 00:00:SS,Unknown,
layoff_05508,Lighthouse Labs, toronto  ,Canada,Education,Unknown,200,,14,7,180,04-09-20,YYYY-00-DD 00:00:SS,Unknown,
layoff_00894,C2FO,Kansas City,United States,Finance,Series H,1000,980,20,,537,12-09-22,YYYY-00-DD 00:00:SS,,
layoff_02301,ZipRecruiter  ,Tel Aviv,Israel,Employment Marketplace,Post-IPO,54054,,80,25,769,09-16-25,YYYY-00-DD 00:00:SS,Unknown,
layoff_01753,Gopuff,Philadelphia,United States,Food, series h ,150,70,355,6,,05-16-24,"May 16, 2024",Unknown,
layoff_00667,GoodRx,Los Angeles,United States,Healthcare,Post-IPO,875,735,140,16%,910,08/31/2022,2022-09-01,Public,
layoff_05470,Influitive,Toronto,, MARKETING  ,,700,93,61,,59,04/17/2020,04-27-20,Unknown,
layoff_01447,Rent the Runway,New York City,U.S.,Retail,Post-IPO,370,333,,10,526,09-Jan-2024,YYYY-00-DD 00:00:SS,Unknown,
layoff_00537,Bizzabo,New York City,United States,Marketing,Series E,400,280,120,30%,194,"July 05, 2022",YYYY-00-DD 00:00:SS,Unknown,
layoff_03505,CloudKitchens,Los Angeles,United States,Real Estate,Unknown,133,80,90,22,,08-Nov-2023,"November 09, 2023",Unknown,
layoff_04624,Typeform,Barcelona,Spain,Marketing,Series C,400,,5,,187,2022-11-15,YYYY-00-DD 00:00:SS,Unknown,
layoff_00120,Kenoby,Sao Paulo,Brazil,HR,Unknown,113,95,18,16,23,04-08-20,YYYY-00-DD 00:00:SS,Unknown,
layoff_02923,Eventbrite, SF Bay Area ,United States,Consumer,Acquired,1062,23,75,20,290,04/13/2026,YYYY-00-DD 00:00:SS,Unknown,
layoff_05278,WeWork,Shenzen,China,Real Estate,,133,93,550,22,19500,23-Sep-2020,YYYY-00-DD 00:00:SS,Unknown,
layoff_04484,GoStudent,Vienna,Austria,EDUCATION,Series D,1917,1410,100,22,,"December 14, 2022",YYYY-00-DD 00:00:SS,Unknown,
layoff_05021,NextRoll,SF Bay Area,United States,Marketing,Unknown,200,340,15,3,108,08-Jul-2022,YYYY-00-DD 00:00:SS,Unknown,
layoff_00947, jumio ,Sunnyvale,United States,Security,Private Equity  ,1667,1567,100,6,205,2023-01-11,2023-01-11,Unknown,
layoff_01015,Glovo,Barcelona,Spain,Food,Acquired,4167,3917,250,,1200,30-Jan-2023,YYYY-00-DD 00:00:SS,,
layoff_05072,Esper,Seattle,us,  other ,  Series A  ,400,,35,12,10,06-23-22,YYYY-00-DD 00:00:SS,Unknown,
layoff_00386,Vroom,New York City,United States,Transportation,,1929,,270,,1300,2022-05-09,YYYY-00-DD 00:00:SS,Unknown,
layoff_02011,BigCommerce,Austin,United States,Retail,Post-IPO,1673,150,216,20,224,"November 08, 2024",YYYY-00-DD 00:00:SS,Unknown,
layoff_01121, Livspace,Bengaluru,India,  retail ,Series F,5000,4900,100,2,431,03/17/2023,03/20/2023,Unknown,
layoff_01625,Verbit,New York City,United States,Data,Series E,2762,58800,,6,569,"March 05, 2024",YYYY-00-DD 00:00:SS,Unknown,
layoff_03978,Oddle,Singapore,Singapore,Food,,500,3321,27,25%,9,"April 27, 2023",04-29-23,Unknown,
layoff_05092,Buzzer,New York City,United States,Media,Unknown,9400,,12,20,,20-Jun-2022,YYYY-00-DD 00:00:SS,Unknown,
layoff_03934,Formstack,Indianapolis,United States,Other,Private Equity,538,351,60,40,425,"May 17, 2023",YYYY-00-DD 00:00:SS,Unknown,
layoff_01794,Agilent Technologies,Santa Clara,United States,Biotechnology Research,Unknown,156,106,184,32%,700,"June 11, 2024",YYYY-00-DD 00:00:SS,Unknown,
layoff_03820,Qyuki,Bengaluru,India,Other,Seed,400,569,265,,19,06/29/2023,07-05-23,Unknown,
layoff_00237,N26,New York City,United States,Finance,Series D ,900,891,9,1%,782,05/08/2020,YYYY-00-DD 00:00:SS,Unknown,
layoff_03993, F5 ,Seattle,United States, Security,Post-IPO,6922,708,623,9,342,2023-04-19,YYYY-00-DD 00:00:SS,Unknown,
layoff_00361,Storytel,Stockholm,Sweden, MEDIA,Post-IPO,1000,900,100,10%,275,03-17-22,YYYY-00-DD 00:00:SS,Unknown,
layoff_01133,Electronic Arts,Redwood City ,United States,Consumer,Post-IPO,13000,12220,780,6,2,03-29-23,YYYY-00-DD 00:00:SS,Unknown,
layoff_02072,TechCrunch,San Francisco,United States,,Acquired,60,2657,22,15,208,"January 14, 2025",YYYY-00-DD 00:00:SS,Unknown,
layoff_01123,Amazon,Seattle,,Retail,,392000,383000,9000,2.3,108,20-Mar-2023,YYYY-00-DD 00:00:SS,Unknown,
layoff_00494,Voi,Stockholm,Sweden,Transportation,Series D,350,315,35,10,515,2022-06-22,YYYY-00-DD 00:00:SS,Unknown,
layoff_01020,Software AG,Frankfurt am Main,Germany,Data,Post-IPO,5000,4800,200,4,344,31-Jan-2023,"January 31, 2023",Unknown,
layoff_05127,Clearco,Toronto,Canada,Finance,  SERIES C,789,240,60,15,681,06-Jun-2022,YYYY-00-DD 00:00:SS,Unknown,
layoff_01760,Joonko,New York City,USA,HR,Series B,388,225,11,100,38,05/19/2024,YYYY-00-DD 00:00:SS,Unknown,
layoff_04585,Rapyd,Tel Aviv,Israel,Finance,Unknown,10000,845,123,33,770,11/22/2022,YYYY-00-DD 00:00:SS,Unknown,
layoff_03751,PathAI,Boston,United States,HEALTHCARE ,Series C,303,27,87,30%,255,"July 21, 2023",YYYY-00-DD 00:00:SS,Unknown,
layoff_00771,Smava,Berlin,Germany,finance  ,Unknown,667,,100,15,188,"November 02, 2022",YYYY-00-DD 00:00:SS,Unknown,
layoff_02729,PayPal, San Jose  ,N/A,Fintech,unknown  ,307,,83,27,3700,05-23-22,YYYY-00-DD 00:00:SS,Public,
layoff_02573,ORBIT ,San Francisco,-,Productivity software,Unknown,300,1632,14,100,225,12-Aug-2022,2022-08-12,,
layoff_00454,BERLIN BRANDS GROUP ,berlin  ,Germany,Retail,Unknown,1000,900,100,10,1000,"June 10, 2022",06-21-22,Unknown,
layoff_03651,Malwarebytes ,SF Bay Area,United States,Security,Series B,12500,467,100,20,80,08-31-23,YYYY-00-DD 00:00:SS,,
layoff_02438, MOMENTIVE  ,"Waterford, MI",Unknown,, unknown  ,6250,7800,1700,,26,10-14-22,YYYY-00-DD 00:00:SS,Private,
layoff_01261,Headspace,Los Angeles,United States,Healthcare,Unknown,1207,1026,181,15,216,06-29-23,YYYY-00-DD 00:00:SS,Unknown,
layoff_01980,Venminder,Louisville,United States,Security,,314,167,100,5%,4,10-21-24,23-Oct-2024,Unknown,
layoff_02278,Games 24x7,Mumbai,India,,unknown ,758,360,400,35%,75,09-01-25,YYYY-00-DD 00:00:SS,Unknown,
layoff_00207,TripAdvisor,Boston,United States,Travel, Post-IPO  ,3600,2700,,25,3,2020-04-28,YYYY-00-DD 00:00:SS,Unknown,
layoff_03458,Twilio,SF Bay Area,U.S.A.,Other,Post-IPO,1875,0,34,5%,614,12-04-23,YYYY-00-DD 00:00:SS,Unknown,
layoff_03481,Zazuu,London,United Kingdom, FINANCE,Unknown,133,630,,32,28,"November 17, 2023",11/18/2023,Unknown,
layoff_04619,Oatly,Malmö,Sweden,Food,Post-IPO,2667,197,5,17%,441,11/15/2022,YYYY-00-DD 00:00:SS,Unknown,
layoff_00626,Loggi,Sao Paulo,Brazil,Logistics,Series F,3333,2833,500,15,507,2022-08-08,YYYY-00-DD 00:00:SS,Unknown,
layoff_01241,Grubhub,San Francisco,United States,Food,,2667,2267,400,15,284,2023-06-12,"June 12, 2023",Unknown,
layoff_05551,alegion  ,Austin,United States,Data,Series A,80,89,20,1,16,04-03-20,YYYY-00-DD 00:00:SS,Unknown,
layoff_03197,Workday,SF Bay Area,USA,HR,Post-IPO,21875,73,1750,8,230,02/05/2025,2025-02-05,Unknown,
layoff_00662,Reali,San Mateo,United States of America,Real Estate,Series B,140,0,140,100%,117,08/24/2022,YYYY-00-DD 00:00:SS,Unknown,
layoff_02073,HeyJobs,Berlin,Germany,Recruiting,Series B,20200,1133,90,,62,01/15/2025,YYYY-00-DD 00:00:SS,Unknown,
layoff_00773,Lyft,San Francisco,USA,Transportation, post-ipo  ,5385,4685,700,,4900,11/03/2022,YYYY-00-DD 00:00:SS,Public,
layoff_03560,Uno Health,New York City,United States,Healthcare,Unknown  ,317,203,16,65,324,13-Oct-2023,YYYY-00-DD 00:00:SS,Unknown,
layoff_01585,May Mobility,Ann Arbor,United States,Transportation, Series D ,64,72,130,,303,15-Feb-2024,"February 15, 2024",Unknown,
layoff_00400,Outside,Boulder,United States,Media,Series B,580,,87,15,174,20-May-2022,YYYY-00-DD 00:00:SS,Unknown,
layoff_05507,Matterport,SF Bay Area,USA,Data,Series D,265,58800,90,34%,114,04/09/2020,04-14-20,Unknown,
layoff_01245,Sonos,New York City,United States,Consumer,,1857,1727,130,7,455,14-Jun-2023,YYYY-00-DD 00:00:SS,Unknown,
layoff_03256,Grabango,sf bay area  ,United States,Food,Unknown,5500,120,2500,100%,,"October 09, 2024",YYYY-00-DD 00:00:SS,Unknown,
layoff_03632,Oyster,Charlotte,United States,HR,Series C,20000,144,80,20,224,2023-09-11,YYYY-00-DD 00:00:SS,Unknown,
layoff_05126,Propzy,Ho Chi Minh City,Vietnam,Real Estate, series a,53,,45,50,33,07-Jun-2022,YYYY-00-DD 00:00:SS,Unknown,
layoff_03363,Ancestry,Lehi,United States,Consumer,Post-IPO,1350,1710,81,6%,33,"March 14, 2024",YYYY-00-DD 00:00:SS,Unknown,
layoff_01878,Delivery Hero,Berlin,Germany,Food,Post-IPO,1967,13500,200,20%,10,31-Jul-2024,YYYY-00-DD 00:00:SS,Unknown,
layoff_00024,wonderschool  ,San Francisco,United States of America, Education ,Series A,67,17,50,75,24,03/25/2020,YYYY-00-DD 00:00:SS,,
layoff_00706,DocuSign,San Francisco,United States,Sales,POST-IPO,7456,6785,,9,536,09-28-22,YYYY-00-DD 00:00:SS,Public,
layoff_01198,Meesho,Bengaluru,India,Retail,Series F,1673,1422,,15,1100,2023-05-05,05-05-23,Unknown,
layoff_03127,WiseTech,Sydney,Australia,Logistics,Post-IPO,600,679,200,31,3000,07-23-25,YYYY-00-DD 00:00:SS,Unknown,
layoff_05476,SquadVoice,Columbus,United States,Real Estate,Series A,100,,312,,2,"April 16, 2020",YYYY-00-DD 00:00:SS,Unknown,
layoff_00404,BeyondMinds,Tel Aviv,Israel,,Series A,65,0,65,100,16,23-May-2022,YYYY-00-DD 00:00:SS,Unknown,
layoff_05189,Robinhood,sf bay area,United States,finance ,  post-ipo ,3778,567,340,,,04-26-22,YYYY-00-DD 00:00:SS,Unknown,
layoff_01038,  loggi,Sao Paulo,Brazil,Logistics,Series F,4286,,300,7,507,2023-02-06,YYYY-00-DD 00:00:SS,Unknown,
layoff_00618,Jam City,Los Angeles,United States,Consumer,Unknown,1176,,200,17,652,"August 04, 2022",YYYY-00-DD 00:00:SS,Unknown,
layoff_05639,Flowr,Toronto,Canada,Retail ,Unknown,3333,733,50,25%,40,03-24-20,YYYY-00-DD 00:00:SS,Unknown,
layoff_01790,Copia,Nairobi,Kenya,Retail,Unknown,40,1330,1060,12,2300,"June 07, 2024",06/07/2024,Unknown,
layoff_05518,BVAccel,San Diego,United States,Marketing,Unknown,100,330,25,25,187,08-Apr-2020,YYYY-00-DD 00:00:SS,Unknown,
layoff_02497, Scale,San Francisco,Unknown,"AI, image recognition",Unknown,75,3675,3,20,313,01/09/2023,09-Jan-2023,Private,
layoff_01488,Stitch Fix,Dallas,United States,Retail,Post-IPO,2000,1380,1750,19%,79,18-Jan-2024,YYYY-00-DD 00:00:SS,Unknown,
layoff_04645,Wistia,Boston ,United States,Marketing,Unknown,400,3360,40,37%,18,2022-11-10,YYYY-00-DD 00:00:SS,Unknown,
layoff_04519,CircleCI,SF Bay Area,us,Product,,243,1727,80,17,315,"December 07, 2022",YYYY-00-DD 00:00:SS,Unknown,
layoff_01266,Perfect Day,Berkeley,United States,Food,Series D,893,759,134,15,711,07-06-23,YYYY-00-DD 00:00:SS,Unknown,
layoff_04922,Weedmaps,Los Angeles,United States,Other,Acquired,450,,579,10%,1,"August 04, 2022",YYYY-00-DD 00:00:SS,Unknown,
layoff_02400,  FORWARD  ,San Francisco,Unknown,Health Care,Unknown,1452,0,450,5,856,2022-07-11,YYYY-00-DD 00:00:SS,Private,
layoff_03512,Homie,Salt Lake City,United States,Real Estate,Series B,1000,5405,127,100,35,11/06/2023,YYYY-00-DD 00:00:SS,Unknown,
layoff_01319,Huma,London,United Kingdom,Healthcare,UNKNOWN,450,405,45,,217,30-Aug-2023,YYYY-00-DD 00:00:SS,Unknown,
layoff_04342,WeWork,New York City,United States,Real Estate,,218,2125,300,30,22200,2023-01-19,YYYY-00-DD 00:00:SS,Unknown,
layoff_01249,Pilot,San Francisco,United States,Finance,Unknown,346,301,45,13,116,06/16/2023,YYYY-00-DD 00:00:SS,Unknown,
layoff_05611,Loft,Sao Paulo,Brazil,Real Estate,,218,293,47,46,263,"March 27, 2020",YYYY-00-DD 00:00:SS,Unknown,
layoff_01235,23andMe,  SAN FRANCISCO ,USA,Healthcare,Post-IPO,833,758,75,,1100,2023-06-09,YYYY-00-DD 00:00:SS,,
layoff_01243, bitwise  ,Fresno,United States,Crypto,Series B,900,,900,100,84,06/14/2023,YYYY-00-DD 00:00:SS,Unknown,
layoff_01602,Redesign Health,New York City,United States,Healthcare,,361,70,77,10,315,02-23-24,2024-02-24,Unknown,
layoff_05201,Goodfood,Calgary,Canada,Food,Post-IPO,7857,,70,5,16,07-Apr-2022,2022-08-11,,
layoff_00364,Rasa,Berlin,Germany,Data,Series B,148,89,59,40,40,30-Mar-2022,YYYY-00-DD 00:00:SS,Unknown,
layoff_00748,Fundbox,San Francisco,United States,Finance,Series D,357,207,150,42,553,25-Oct-2022,YYYY-00-DD 00:00:SS,Private,
layoff_00990,Wayfair,Boston,United States,Retail ,Post-IPO,17500,15750,1750,10,1700,"January 20, 2023",YYYY-00-DD 00:00:SS,Unknown,
layoff_02091,AppsFlyer,San Francisco ,United States, DATA  ,Unknown,1429,,100,7%,,2025-02-04,YYYY-00-DD 00:00:SS,Unknown,
layoff_03470,Anar,Mumbai,India,Marketing,seed  ,104,28,35,100,6,"November 25, 2023",YYYY-00-DD 00:00:SS,Unknown,
layoff_01373,Dataminr,New York City,United States,AI,Series F,750,600,150,20%,1100,11-28-23,YYYY-00-DD 00:00:SS,Unknown,
layoff_04697,Upstart,SF Bay Area,United States of America,Finance,Post-IPO,2000,182,140,7,144,11-01-22,YYYY-00-DD 00:00:SS,Unknown,
layoff_02392,Addepar,"Mountain View, CA",Unknown,"fintech, data analytics",  UNKNOWN ,667,,20,3%,117,2023-01-18,01-18-23,Private,
layoff_04107,LENDI  ,Sydney,Australia,Real Estate,,1714,157,100,20,59,2023-03-03,YYYY-00-DD 00:00:SS,Unknown,
layoff_02368,TCS,Mumbai,India,IT Services and IT Consulting,Unknown,600000,588000,365,3%,1,01-Dec-2025,YYYY-00-DD 00:00:SS,Unknown,
layoff_02483,OfferUp,"Bellevue, WA",Unknown,"E-commerce, marketplace",Unknown,300,,31,19%,1500,"November 15, 2022",YYYY-00-DD 00:00:SS,Private,
layoff_03716,Finastra,Tel Aviv,Israel,Finance,Unknown,133,368,260,17%,110,03-Aug-2023,YYYY-00-DD 00:00:SS,Unknown,
layoff_00848,ResearchGate,Berlin,Germany,Other,Series D,250,225,25,10%,87,"November 28, 2022",YYYY-00-DD 00:00:SS,Unknown,
layoff_01905,PacketFabric,Los Angeles,United States,infrastructure,Unknown,60,30,57,10,110,08-15-24,16-Aug-2024,Unknown,
layoff_02415,Stord,Atlanta,unknown,Logistics,Unknown,738,4850,59,8%,1100,"June 03, 2022",YYYY-00-DD 00:00:SS,Private,
layoff_00340,Flockjay  ,SAN FRANCISCO  ,us,Education,Series A,74,37,37,50,14,08-24-21,2021-08-24,Unknown,
layoff_01638,blueboard, san diego  ,United States,HR,,1350,,270,100,16,2024-03-15,03/15/2024,Unknown,
layoff_01904,Mister Spex,Berlin,Germany,Retail,Post-IPO,11,600,40,,158,"August 15, 2024",YYYY-00-DD 00:00:SS,Unknown,
layoff_05250,Shutterfly,SF Bay Area,U.S.A.,Retail,Acquired,833,91,800,8,50,2021-01-25,YYYY-00-DD 00:00:SS,Unknown,
layoff_02667,Workrise,"Austin, TX",Unknown,  marketplace , UNKNOWN,3100,384,150,,102,2022-04-05,YYYY-00-DD 00:00:SS,Private,
layoff_04751,  gsr  , hong kong  ,, Crypto,Unknown,393,475,90,100%,70,"October 11, 2022",YYYY-00-DD 00:00:SS,Unknown,
layoff_02191,CrowdStrike,San Francisco,us,Security,,10000,9500,500,5,1200,"May 07, 2025",YYYY-00-DD 00:00:SS,Unknown,
layoff_00349,Peloton,,United States,Fitness,POST-IPO  ,14000,11200,2800,20,1900,"February 08, 2022",YYYY-00-DD 00:00:SS,Unknown,
layoff_00714, impossible foods,Redwood City,United States,Food,Series H ,833,783,50,6,1900,10/06/2022,YYYY-00-DD 00:00:SS,,
layoff_04272,Nubank,Sao Paulo,Brazil,Finance,Post-IPO,1600,105,40,12,4100,"January 31, 2023",YYYY-00-DD 00:00:SS,Unknown,
layoff_02819,  oracle  ,SF Bay Area,U.S.,Other,,161538,664,21000,13,,06-23-26,YYYY-00-DD 00:00:SS,Unknown,
layoff_02316,Heart Machine,Los Angeles,United States,,Unknown,758,360,200,35,261,09-Oct-2025,YYYY-00-DD 00:00:SS,Unknown,
layoff_03815,Niantic,SF Bay Area,United States,Other,SERIES D ,2600,996,230,3,770,29-Jun-2023,YYYY-00-DD 00:00:SS,Unknown,
layoff_03770,Skill Lync,Chennai,India,Education,,74,6467,200,,17,2023-07-13,YYYY-00-DD 00:00:SS,Unknown,
layoff_00090,D2iQ,San Francisco,United States,Infrastructure,Series D,262,228,34,13,,04-03-20,YYYY-00-DD 00:00:SS,Unknown,
layoff_02738,RingCentral,"Belmont, CA",Unknown,"  SaaS, meeting software ", unknown,625,810,80,8,149,01-17-23,YYYY-00-DD 00:00:SS,Public,
layoff_01654,Bell,Montreal,Canada,Telecommunications,Unknown,3600,3480,400,23%,168,04/02/2024,YYYY-00-DD 00:00:SS,Unknown,
layoff_02030,Adjust,Berlin,Germany,Marketing,Acquired,1000,1140,304,50,256,2024-11-22,24-Nov-2024,Unknown,
layoff_03645,Khatabook,Bengaluru,India,Finance,Series C,2643,58,42,23,,09/01/2023,YYYY-00-DD 00:00:SS,Unknown,
layoff_00347,Gopuff,Philadelphia,us,Food,Series H,15100,15000,100,0.7,3400,01-26-22,YYYY-00-DD 00:00:SS,Unknown,
layoff_00570,Heroes, LONDON ,,Retail, unknown ,120,96,24,20,265,15-Jul-2022,YYYY-00-DD 00:00:SS,Unknown,
layoff_02320,Tia,San Francisco,United States,Healthcare,Unknown,313,241,72,,657,10-18-25,YYYY-00-DD 00:00:SS,Unknown,
layoff_05112,Daniel Wellington,Stockholm,Sweden,Retail,,1333,198,200,15,4,"June 09, 2022","July 25, 2022",Unknown,
layoff_05484,Tulip Retail,Toronto,Canada,Retail, series b ,24333,,14,20,51,15-Apr-2020,04/16/2020,Unknown,
layoff_05206,Sea,Bengaluru,India,Retail,Post-IPO,7778,233,350,15%,8600,2022-03-30,YYYY-00-DD 00:00:SS,Unknown,
layoff_00720,Brex,  San Francisco  ,United States of America,finance ,Series D,1236,,136,11,1500,10-11-22,YYYY-00-DD 00:00:SS,Private,
layoff_00104,PerkSpot,  chicago ,U.S.A.,HR,Private Equity,100,90,10,10%,50,04-06-20,2020-04-10,Unknown,
layoff_03387, DOCUSIGN  ,SF Bay Area,United States,Sales,Post-IPO,7333,49000,440,,536,"February 06, 2024",YYYY-00-DD 00:00:SS,Unknown,
layoff_00704,truiloo ,Vancouver,Canada,Security,Series D,480,456,24,,474,2022-09-23,19-Sep-2022,Unknown,
layoff_03068,Amazon, Seattle  ,United States,Retail,Post-IPO,1400000,9000,14000,1,8100,10-27-25,YYYY-00-DD 00:00:SS,Unknown,
layoff_00409,Bolt,San Francisco,,FINANCE ,Series E  ,889,649,240,27,1300,"May 25, 2022",2022-05-25,Private,
layoff_03323,Cue Health,San Diego,United States,Healthcare,Post-IPO,180,450,180,100%,899,"May 22, 2024",YYYY-00-DD 00:00:SS,Unknown,
layoff_02147,HelloFresh,Pleasanton,United States,Food,Post-IPO,700,273,273,,367,"March 17, 2025",YYYY-00-DD 00:00:SS,Unknown,
layoff_02116,Vendease,Lagos,Nigeria,Food,Series A,273,153,120,44%,43,02-19-25,YYYY-00-DD 00:00:SS,Unknown,
layoff_03936,DroneUp,Norfolk,United States,Logistics,Unknown,5000,266,10,1%,7,16-May-2023,YYYY-00-DD 00:00:SS,Unknown,
layoff_00869,BuzzFeed,New York City,U.S.A.,Media,POST-IPO,1500,,180,,696,2022-12-06,"December 06, 2022",Unknown,
layoff_02895,  lsports,Tel Aviv,Israel,Data,Unknown,200,,40,20,188,06-May-2026,YYYY-00-DD 00:00:SS,Unknown,
layoff_00177,Casper,new york city ,USA,Retail,,371,293,78,21,339,21-Apr-2020,YYYY-00-DD 00:00:SS,Unknown,
layoff_01111,Avidbots,Kitchener,Canada,Hardware,Series C,357,307,50,14,106,14-Mar-2023,17-Mar-2023,Unknown,
layoff_03869,dot.LA,Los Angeles,United States,Media,Seed,169,5173,48,100%,4,"June 12, 2023",YYYY-00-DD 00:00:SS,Unknown,
layoff_02417,  VOX MEDIA  ,"Washington, DC",,,  Unknown  ,1878,300,169,9,177,20-Jan-2023,YYYY-00-DD 00:00:SS,Private,
layoff_00302,Bounce,Bengaluru,India,Transportation,Series D,591,461,,22,214,"June 29, 2020",YYYY-00-DD 00:00:SS,Unknown,
layoff_05312,OPTIMIZELY ,SF Bay Area,United States,Marketing,Series D,400,400,60,15%,,2020-07-15,07-16-20,Unknown,
layoff_02910,Zondacrypto,Tallinn,Estonia,CRYPTO ,Unknown,650,567,30,40,18,"April 21, 2026",YYYY-00-DD 00:00:SS,Unknown,
layoff_03684,Xendit,Jakarta,Indonesia,Finance,series d,157,713,60,25,534,16-Aug-2023,YYYY-00-DD 00:00:SS,Unknown,
layoff_02644,  DREAMBOX LEARNING  ,Seattle,United States,EdTech,Acquired,100,6347,40,,175,09-09-22,YYYY-00-DD 00:00:SS,Private,
layoff_02794,Billion Hearts,Bengaluru,India,Consumer, SEED ,2000,535,350,100,,"July 07, 2026",YYYY-00-DD 00:00:SS,Unknown,
layoff_05054,Degreed,SF Bay Area,us,Education,Series D,4,178,81,15,411,29-Jun-2022,YYYY-00-DD 00:00:SS,Unknown,
layoff_00465,Redfin,  Seattle,,Real Estate,Post-IPO,5875,5405,470,8,319,2022-06-14,YYYY-00-DD 00:00:SS,Unknown,
layoff_03578,Enovix,SF Bay Area,United States,Energy,post-ipo  ,351,376,185,57,,"October 05, 2023",YYYY-00-DD 00:00:SS,Unknown,
layoff_00294,Redox,Madison,United States of America,Healthcare,Series C,176,132,44,25,50,16-Jun-2020,YYYY-00-DD 00:00:SS,Unknown,
layoff_02263,Peloton,New York City,United States,Wellness and Fitness Services ,post-ipo  ,4500,188000,55,6%,1900,"August 07, 2025",YYYY-00-DD 00:00:SS,Unknown,
layoff_02406,Upstart,"San Carlos, CA",-,  Fintech  ,Unknown,857,1416,60,7%,30,11-01-22,YYYY-00-DD 00:00:SS,Private,
layoff_01257,New Relic,San Francisco,United States,Infrastructure,Post-IPO,2550,2295,255,10,214,27-Jun-2023,YYYY-00-DD 00:00:SS,Unknown,
layoff_05323,Hired,SF Bay Area,USA,Recruiting,Series D,77,,100,,132,30-Jun-2020,YYYY-00-DD 00:00:SS,Unknown,
layoff_02771,Patreon,SF Bay Area,United States,  Media ,Series F,465,150,93,20,413,07/23/2026,"July 24, 2026",Unknown,
layoff_03613,Truss Works,SF Bay Area,United States,Real Estate,Unknown,2267,85,115,75,355,20-Sep-2023,YYYY-00-DD 00:00:SS,Unknown,
layoff_05027,  SHOPIFY,Ottawa,Canada,Retail,Post-IPO,50,165,50,15,122,07/06/2022,YYYY-00-DD 00:00:SS,Unknown,
layoff_01809,Chegg,Santa Clara,United States,education  ,Post-IPO,1917,,441,,227,2024-06-17,YYYY-00-DD 00:00:SS,Unknown,
layoff_03943,  Everlaw  ,SF Bay Area,us,Legal,Series D,91,737,60,10%,298,05-12-23,YYYY-00-DD 00:00:SS,Unknown,
layoff_02360,Amazon,Seattle,USA,Software Development,unknown ,150,105,14000,25%,210,"November 22, 2025",YYYY-00-DD 00:00:SS,Unknown,
layoff_03217,GupShup,  SF Bay Area  ,India,Other,Series F,144,1012,300,11%,484,12/31/2024,2025-04-16,Unknown,
layoff_03215, Altruist  ,SF Bay Area,United States,Finance,Series E,370,1567,37,10,449,01/07/2025,YYYY-00-DD 00:00:SS,Unknown,
layoff_03777,Bark,New York City,United States,  RETAIL , POST-IPO ,120,1080,70,8,282,2023-07-13,YYYY-00-DD 00:00:SS,Unknown,
layoff_04666,Beat,Athens,Greece,Transportation,Series B,4123,600,200,14,6,11/08/2022,11-11-22,Unknown,
layoff_02113,Sophos,Oxford,United States,Security,  acquired  ,3800,342,19,6,125,02-13-25,YYYY-00-DD 00:00:SS,Unknown,
layoff_00532,WanderJaunt,  san francisco ,United States,Travel,Series B,85,0,85,100,,2022-07-01,YYYY-00-DD 00:00:SS,Private,
layoff_05242, CLUMIO  ,SF Bay Area,United States,Data,series c ,1429,397,221,8,186,"March 01, 2021",03/04/2021,Unknown,
layoff_02595,Adwerx,"Durham, North Carolina",-,Digital Marketing,Unknown,1267,238,40,3,1200,2022-07-12,YYYY-00-DD 00:00:SS,Private,
layoff_01316,Veriff,Tallinn,,  Security  ,Series C,481,380,101,21,192,23-Aug-2023,08-23-23,Unknown,
layoff_01766,Cue Health,San Diego,U.S.,Healthcare,Post-IPO,180,0,180,100,899,"May 23, 2024",YYYY-00-DD 00:00:SS,,
, ZEUS LIVING ,San Francisco,United States,Real Estate,,267,187,80,30,79,2020-03-24,YYYY-00-DD 00:00:SS,Unknown,
layoff_02123,Skybox Security,San Jose,U.S.,Security,Private Equity,300,0,300,100,335,"February 24, 2025",02/24/2025,Unknown,
layoff_03484,Beamery,London,United Kingdom,HR,Series D,1194,20125,110,25,223,16-Nov-2023,YYYY-00-DD 00:00:SS,Unknown,
layoff_04220,Sana Benefits,Austin,USA,HR,Series B,50,,100,19,106,02-07-23,YYYY-00-DD 00:00:SS,Unknown,
layoff_03322,Foursquare,New York City,U.S.,,Series G,420,137,105,,390,2024-05-23,24-May-2024,Unknown,
layoff_03596,VENDASTA,Saskatoon,Canada,Marketing, Series D,167,113,26,12%,178,09-29-23,2023-09-29,Unknown,
layoff_03266,Greenikk,Trivandrum,India,Food,Seed,300,3744,400,100,1,09-30-24,YYYY-00-DD 00:00:SS,Unknown,
layoff_00275, BREX  , San Francisco,U.S.A.,Finance,Series C,413,351,62,15,732,29-May-2020,YYYY-00-DD 00:00:SS,Unknown,
layoff_01215,Guild,Denver,United States,Education,Series F,1433,1261,172,12,643,2023-05-24,05-26-23,Unknown,
layoff_00699,Compass,New York City,United States,Real Estate,Post-IPO,4050,3779,271,,1600,"September 20, 2022",YYYY-00-DD 00:00:SS,Unknown,
layoff_01347,  QUALTRICS ,Salt Lake City,United States,Other,Post-IPO,5571,4791,780,14,,2023-10-04,YYYY-00-DD 00:00:SS,Unknown,
layoff_02306,SoftBank,Minato,Japan,Venture capital fund,Unknown,882,1567,42,20,203,2025-09-19,"September 19, 2025",Unknown,
layoff_02663,Zwift,Long Beach,Unknown,,Unknown,200,538,100,11,120,2022-05-12,YYYY-00-DD 00:00:SS,Private,
layoff_01984,Airthings,Oslo,Norway,Hardware,unknown,48000,797,130,20,230,24-Oct-2024,YYYY-00-DD 00:00:SS,Unknown,
layoff_01507,Personio,Munich ,Germany,HR,Series E,212,469,100,10,724,"January 24, 2024",YYYY-00-DD 00:00:SS,Unknown,
layoff_00903,ChowNow,Los Angeles,United States,Food,,400,360,40,10,64,2022-12-14,YYYY-00-DD 00:00:SS,Unknown,
layoff_01971,Toptal, Palo Alto ,United States,RECRUITING,Unknown,1333,1133,300,3,26,10/10/2024,YYYY-00-DD 00:00:SS,Unknown,
layoff_02585,Clyde,New York,,E-commerce,Unknown,121,161,19,20,8100,04-25-22,04/25/2022,Private,
layoff_03015,Vimeo,New York City,United States,  CONSUMER ,post-ipo,1333,1260,57,70,450,01/21/2026,YYYY-00-DD 00:00:SS,Unknown,
layoff_00818,Lokalise,Dover,United States,  other,Series B  ,330,,76,23,,"November 16, 2022",YYYY-00-DD 00:00:SS,Unknown,
layoff_00010,Convene,New York City,United States of America,Real Estate,  Series D,833,683,150,18,280,"March 23, 2020","March 28, 2020",Unknown,
layoff_03133,CodeParrot,Bengaluru,India, product  ,Seed,279,240,34,100,413,07-17-25,YYYY-00-DD 00:00:SS,Unknown,
layoff_01870,Cohere,Toronto,Canada,AI,Series D,400,380,20,5%,935,23-Jul-2024,YYYY-00-DD 00:00:SS,Unknown,
layoff_00614,Beyond Meat,Los Angeles,United States,Food,Post-IPO,1000,960,40,4,,"August 03, 2022",2022-08-04,Unknown,
layoff_03050,Shopify,Ottawa,Canada,RETAIL  ,Post-IPO,190,219,21,7,122,11/26/2025,YYYY-00-DD 00:00:SS,Unknown,
layoff_01735,  enovix  ,Fremont,USA,Energy,Post-IPO,515,345,170,33,516,"May 06, 2024",YYYY-00-DD 00:00:SS,Unknown,
layoff_01027,Exterro,Portland,U.S.,Legal,Private Equity,800,,24,,100,01-Feb-2023,2023-02-02,Unknown,
layoff_04117,Flipkart,Bengaluru,India,Retail,Acquired,625,,500,17%,12900,"March 02, 2023",YYYY-00-DD 00:00:SS,Unknown,
layoff_02481, POSTSCRIPT ,San Francisco,Unknown,"Marketing Tech, SMS Marketing",Unknown,226,104,43,19%,50,06-26-22,YYYY-00-DD 00:00:SS,Private,
layoff_03426,LiveVox,SF Bay Area,United States,,Acquired,23333,4417,,25%,12,01/07/2024,YYYY-00-DD 00:00:SS,Unknown,
layoff_00768,Dapper Labs,Vancouver,Canada,Crypto, series d  ,609,475,134,22,607,11-02-22,2022-11-03,Unknown,
layoff_04276,OLX Group,Amsterdam  ,Netherlands,Marketing,Acquired,10000,490,1500,,6,01-30-23,YYYY-00-DD 00:00:SS,Unknown,
layoff_01529,TechCrunch,San Francisco,United States,Media,Acquired,5938,0,7,,22,2024-01-30,"January 30, 2024",Unknown,
layoff_03903,Zendesk,SF Bay Area,United States,Support, Acquired  ,4000,,,8%,85,05-31-23,YYYY-00-DD 00:00:SS,Unknown,
layoff_03970,Cogito,New Delhi,India,Data,Unknown,11667,176,177,30,114,29-Apr-2023,YYYY-00-DD 00:00:SS,Unknown,
layoff_03319,Fisker,Los Angeles,United States,Transportation,Post-IPO,10833,6267,92,30,1700,05-29-24,YYYY-00-DD 00:00:SS,Unknown,
layoff_04451,Salesforce,SF Bay Area,United States,Sales,Post-IPO,80000,1140,8000,10%,65,"January 04, 2023",YYYY-00-DD 00:00:SS,Unknown,
layoff_04266, workday  , sf bay area,United States,HR,,17500,29,525,3,230,01/31/2023,2023-01-31,Unknown,
layoff_03130,TytoCare,New York City,United States,Healthcare,Series E,159,743,35,22,206,07-17-25,YYYY-00-DD 00:00:SS,Unknown,
layoff_05375,Masse,New York City,United States,Retail,Seed,333,96,243,100%,3,05-15-20,2020-05-20,Unknown,
layoff_01821,Intel,Santa Clara,,Semiconductors,Post-IPO,220,198,22,10,12,06-19-24,2024-06-19,,
layoff_04830,Xsight Labs,Tel Aviv,Israel,Other,Series D,450,1725,80,2,,09/07/2022,YYYY-00-DD 00:00:SS,Unknown,
layoff_02639,Instacart,San Francisco,Unknown,"delivery, e-commerce",,746,176,40,15,614,24-Sep-2022,"September 24, 2022",Private,
layoff_02312,  GOOGLE , mountain view  ,United States,,Unknown,238,190000,100,100%,547,01-Oct-2025,10-01-25,Unknown,
layoff_00510,HealthMatch,Sydney,Australia,Healthcare,Series B,36,18,18,50%,20,"June 28, 2022",YYYY-00-DD 00:00:SS,Unknown,
layoff_00392,AliExpress Russia, moscow  ,Russia,Retail,Acquired,1000,600,400,40%,60,05/14/2022,14-May-2022,Unknown,
layoff_05048,Niantic,SF Bay Area,us,Consumer,Series D,1062,535,85,,770,06-29-22,YYYY-00-DD 00:00:SS,Unknown,
layoff_01680,Hinge Health,San Francisco,United States,Healthcare,Series E,1080,20,,10%,826,"April 11, 2024",YYYY-00-DD 00:00:SS,Unknown,
layoff_00692,LivePerson,New York City,us,Support,,1755,1562,193,11,42,15-Sep-2022,YYYY-00-DD 00:00:SS,Unknown,
layoff_03840,IRL,SF BAY AREA,United States,Consumer,Series C,429,4568,1280,100,197,06/23/2023,YYYY-00-DD 00:00:SS,Unknown,
layoff_03435,Invitae,SF Bay Area,United States,Healthcare,Post-IPO,1567,2300,235,15,2500,13-Dec-2023,YYYY-00-DD 00:00:SS,Unknown,
layoff_01982,Catena Media,Sliema,Malta,Marketing,Unknown,700,1229,2,14%,18,10/23/2024,YYYY-00-DD 00:00:SS,Unknown,
layoff_01633,Deadspin,New York City,USA,media  ,Acquired,11,0,11,,,03-11-24,YYYY-00-DD 00:00:SS,Unknown,
layoff_02523,Almanac,San Francisco,,"Collaboration, productivity",,100,708,50,30%,,08-13-22,YYYY-00-DD 00:00:SS,Private,
layoff_04061,Logitech,Geneva,Switzerland,Hardware,,20000,,300,4%,230,22-Mar-2023,YYYY-00-DD 00:00:SS,Unknown,
layoff_05183,Bizpay,  Sydney  ,Australia,Finance  ,,470,240,100,30,45,05-04-22,YYYY-00-DD 00:00:SS,Unknown,
layoff_02250,Tipalti,,Israel,Financial Services,Unknown,141,0,100,2,15,07/24/2025,YYYY-00-DD 00:00:SS,Unknown,
layoff_00339,Katerra,menlo park ,United States of America,Construction,Unknown,2434,0,2434,100,1600,01-Jun-2021,YYYY-00-DD 00:00:SS,Unknown,
layoff_02892,Truecaller,Stockholm,Sweden,Consumer, Post-IPO,1200,73615,70,30,101,"May 07, 2026",YYYY-00-DD 00:00:SS,,
layoff_01395,Cruise,San Francisco,United States,Transportation, acquired,3750,2850,900,24%,15000,14-Dec-2023,YYYY-00-DD 00:00:SS,Unknown,
layoff_03400,Flexport,SF Bay Area,United States,Logistics,Series E,200,4850,24,20,2400,"January 26, 2024",YYYY-00-DD 00:00:SS,Unknown,
layoff_04707,  Springlane  ,Düsseldorf,,Food,Series C,597,70,1700,35,,10/28/2022,28-Oct-2022,Unknown,
layoff_02882,MessageBird,,Netherlands,Other,Series C,307,1820,200,20,1100,11-May-2026,13-May-2026,Unknown,
layoff_02186,Log 9 Materials,Bengaluru,,Manufacturing,Series B,10000,1417,,100,32,05-02-25,"May 03, 2025",Unknown,
layoff_04477,E Inc.,Toronto,Canada,  Transportation,Post-IPO,1000,614,130,10,117,12-16-22,YYYY-00-DD 00:00:SS,Unknown,
layoff_04212,Gong,sf bay area,United States,Sales,Series E,1143,6785,80,7%,,2023-02-08,02-08-23,Unknown,
layoff_04108,UserTesting,  SF BAY AREA,us,Marketing,Acquired,375,80,63,10,152,03/03/2023,2023-03-04,Unknown,
layoff_02297,xAI,Palo Alto,United States of America,Technology. Information and Internet,,625,1010,500,1,106,2025-09-13,YYYY-00-DD 00:00:SS,Unknown,
layoff_03534,Exabeam,,United States of America,Security,Series F,3800,456,19,20%,391,10/25/2023,10/26/2023,Unknown,
layoff_02551,Reali,"San Mateo, CA",Unknown,PropTech,Unknown,140,254,140,,,08/24/2022,YYYY-00-DD 00:00:SS,Private,
layoff_02014, enphase energy  ,Fremont,United States,Energy,Post-IPO,2941,2441,500,17,,"November 11, 2024",YYYY-00-DD 00:00:SS,Unknown,
layoff_03140,TripleLift,New York City,United States,Marketing,  acquired  ,5000,1567,43,,,07/11/2025,YYYY-00-DD 00:00:SS,Unknown,
layoff_01537, trove recommerce,Brisbane,Australia,Retail,Series E,3333,1050,130,100,152,2024-01-31,01/31/2024,Unknown,
layoff_03989,Open,,India,Finance,Series D,1900,293,47,6%,190,"April 20, 2023",20-Apr-2023,Unknown,
layoff_01935,Motif Foodworks,Boston,United States of America,Food,Unknown,299,,150,100%,343,2024-09-06,2024-09-09,Unknown,
layoff_03135,Lenovo,Raleigh,United States, HARDWARE  ,Post-IPO,3333,85000,100,3,850,07/16/2025,YYYY-00-DD 00:00:SS,Unknown,
layoff_05215,OKCredit,New Delhi,India,Finance,Series B,96,16200,,25,85,"February 24, 2022",YYYY-00-DD 00:00:SS,Unknown,
layoff_02363,HP,Palo Alto,United States,IT Services and IT Consulting,Unknown,600000,588000,,,105,2025-11-26,YYYY-00-DD 00:00:SS,,
layoff_05428,Lime,SF Bay Area,United States,Transportation,Series D,615,,80,13,765,"April 29, 2020",YYYY-00-DD 00:00:SS,Unknown,
layoff_03565,Acronis,zurich  ,Switzerland,Security,  PRIVATE EQUITY  ,1000,22,20,15,658,10/11/2023,YYYY-00-DD 00:00:SS,,
layoff_01022,Upstart,San Mateo,United States,Finance, Post-IPO ,1825,1460,365,20,144,31-Jan-2023,YYYY-00-DD 00:00:SS,,
layoff_03488,Landing,Birmingham,U.S.A.,Real Estate,Series C,4100,291,0,27,347,11-15-23,YYYY-00-DD 00:00:SS,Unknown,
layoff_01757,Singularity 6,Los Angeles,USA,Gaming,Series B,400,91,36,196,39,05-16-24,YYYY-00-DD 00:00:SS,Unknown,
layoff_03760,Blue Apron,New York City ,United States, FOOD ,Post-IPO,100,853,,20,422,"July 19, 2023",YYYY-00-DD 00:00:SS,Unknown,
layoff_00445,Boozt,Malmö,Sweden,,Post-IPO,1400,1330,70,5%,56,06-09-22,06/09/2022,Unknown,
layoff_02613,TikTok,Los Angeles,United States,Social Media,,100,1261,40,25%,416,"July 18, 2022",2022-07-19,Private,
layoff_02686,Vimeo,New York,Unknown,media/entertainment ,Unknown,7000,280,480,,696,04-Jan-2023,04-Jan-2023,Public,
layoff_04782,DocuSign, sf bay area,U.S.A.,Sales,Post-IPO,7456,69300,671,9,536,09-28-22,YYYY-00-DD 00:00:SS,,
layoff_03064,Hewlett Packard Enterprise,SF Bay Area,us, hardware , Post-IPO,100000,85000,52,12,1400,11-05-25,YYYY-00-DD 00:00:SS,Unknown,
layoff_02470,Outside Inc,Boulder,N/A,Media/entertainment,Unknown,55,70,480,15,204,05-20-22,YYYY-00-DD 00:00:SS,Private,
layoff_00055,DialSource,Sacramento,United States of America,Marketing,Series B,36,,5,14,26,03/31/2020,YYYY-00-DD 00:00:SS,Unknown,
layoff_00152,GoPro,San Mateo,United States,Consumer,  post-ipo  ,1000,800,200,,288,04-15-20,YYYY-00-DD 00:00:SS,,
layoff_00975,nCino,Wilmington,U.S.,,Post-IPO,1429,1329,100,7,1100,"January 18, 2023",YYYY-00-DD 00:00:SS,Unknown,
layoff_04180,SurveyMonkey,SF Bay Area,United States of America,Marketing,Post-IPO,197,380,21,,1100,02-15-23,YYYY-00-DD 00:00:SS,Unknown,
layoff_05223,  INVISION,New York City,us,  product  ,UNKNOWN ,320,855,22,11,356,10-05-21,YYYY-00-DD 00:00:SS,Unknown,
layoff_04401,Lattice,SF Bay Area,United States of America,HR,Series F,700,176,105,15%,328,"January 12, 2023",01/12/2023,Unknown,
layoff_02721,GoHealth,Chicago,Unknown,"health care, health insurance",Unknown,4000,1200,,20,188,11-Aug-2022,YYYY-00-DD 00:00:SS,Public,
layoff_05128,Clearco,  dublin,Ireland,Finance,Series C,556,68,27,20,681,06/06/2022,YYYY-00-DD 00:00:SS,Unknown,
layoff_01504,  Aurora,Pittsburgh,United States,Transportation,Post-IPO,1375,14250,700,3,4,01-24-24,YYYY-00-DD 00:00:SS,Unknown,
layoff_02284,Head Digital Works,Hyderabad,India,Online Gaming,Private Equity,5776,1507,500,2,74,04-Sep-2025,YYYY-00-DD 00:00:SS,Unknown,
layoff_04026,Cin7,Auckland,New Zealand,  RETAIL ,Private Equity,397,1050,20,50%,372,04-Apr-2023,YYYY-00-DD 00:00:SS,Unknown,
layoff_05363,SoFi,SF Bay Area,USA,Finance,Private Equity,1600,335,112,7%,2500,05/20/2020,YYYY-00-DD 00:00:SS,Unknown,
layoff_00915,TuSimple,San Diego,United States,Transportation,Post-IPO,1400,1050,350,,648,21-Dec-2022,YYYY-00-DD 00:00:SS,Public,
layoff_00962,Britishvolt,London,United Kingdom,Transportation ,  Unknown ,206,,206,100%,2400,2023-01-17,YYYY-00-DD 00:00:SS,Unknown,
layoff_05078,MasterClass,SF Bay Area,U.S.,Education,Series E,600,,120,20,461,"June 22, 2022",YYYY-00-DD 00:00:SS,Unknown,
layoff_01227,ZoomInfo,Vancouver,Canada,Sales,Post-IPO,4000,3880,120,3,7,06/02/2023,YYYY-00-DD 00:00:SS,Unknown,
layoff_03879, Nubank  ,Sao Paulo,Brazil, Finance,Post-IPO,1410,94,296,7,4100,06/07/2023,YYYY-00-DD 00:00:SS,Unknown,
layoff_00920,Astronomer,Cincinnati,U.S.,Data,Series C,380,304,76,20,282,2023-01-04,YYYY-00-DD 00:00:SS,Private,
layoff_03440,Chipper Cash,SF Bay Area,United States,Finance,Series C,45,1714,15,33,302,11-Dec-2023,2023-12-11,Unknown,
layoff_03908,Nansen,singapore,,Crypto,Series B,240,171,20,30,,"May 30, 2023",YYYY-00-DD 00:00:SS,Unknown,
layoff_01491,2U,Washington DC,United States,Education,Post-IPO,366,148,106,7,,01/22/2024,YYYY-00-DD 00:00:SS,Unknown,
layoff_01219,Evolve,Denver,USA,Travel,  series f ,1171,1007,164,14,224,29-May-2023,YYYY-00-DD 00:00:SS,Unknown,
layoff_02472,Jam City,Culver City,Unknown,"Mobile Apps, Gaming",Unknown,1176,9400,200,17,310,08/04/2022,08/04/2022,Private,
layoff_02168,Forto,Berlin,United States,Logistics,Series D,100,518,200,30,593,2025-04-22,YYYY-00-DD 00:00:SS,Unknown,
layoff_04935,Butterfly Network,New Haven,United States,Healthcare,Post-IPO,1080,400,215,10,530,"August 02, 2022",YYYY-00-DD 00:00:SS,Unknown,
layoff_01055,Olive AI,Columbus,United States,Healthcare,Series H,614,,215,,,"February 09, 2023",YYYY-00-DD 00:00:SS,Unknown,
layoff_05593,Domio,New York City,United States,Travel,Series B,86,783,300,30%,116,03-31-20,YYYY-00-DD 00:00:SS,Unknown,
layoff_05087,Frubana,Bogota,Colombia,Food,Series C,813,13500,26,3%,202,06-21-22,06-22-22,Unknown,
layoff_04087,GoTo Group,Jakarta,,Transportation,Post-IPO,800,462,600,100%,1300,"March 10, 2023",YYYY-00-DD 00:00:SS,Unknown,
layoff_01583,CodeSee,San Francisco,USA, data ,Seed,1429,401,242,100,10,02/15/2024,YYYY-00-DD 00:00:SS,Unknown,
layoff_03396,Block,SF Bay Area,United States of America,Finance,Post-IPO,10000,7125,1000,10,150,01/30/2024,YYYY-00-DD 00:00:SS,Unknown,
layoff_01483,Thursday,London,United Kingdom,Consumer,Seed,500,,300,70,3,16-Jan-2024,16-Jan-2024,Unknown,
layoff_00802,Forto ,Berlin,Germany,Logistics,Series D,750,690,60,,593,2022-11-11,YYYY-00-DD 00:00:SS,Unknown,
layoff_01761,  SeekOut ,Seattle,U.S.,HR,Series C,146,150,40,30,,2024-05-20,YYYY-00-DD 00:00:SS,Unknown,
layoff_04460,Graphcore,Beijing,China,Hardware,Series E,25000,240,60,75,682,01-01-23,YYYY-00-DD 00:00:SS,Unknown,
layoff_02098,SRTX,Montreal,Canada,Manufacturing,Unknown,389,380,140,20,151,02-05-25,YYYY-00-DD 00:00:SS,Unknown,
layoff_03597,Epic Games,Raleigh,United States,Consumer,  unknown  ,5438,4882,870,16,6400,09/28/2023,09-28-23,Unknown,
layoff_05289,kununu,Boston,U.S.,Recruiting,Acquired,303,1133,202,,,26-Aug-2020,YYYY-00-DD 00:00:SS,Unknown,
layoff_00091,Gympass,Sao Paulo,Brazil,Fitness,Series D,1415,948,467,33%,300,2020-04-03,YYYY-00-DD 00:00:SS,Unknown,
layoff_05616,Make School,SF Bay Area,United States,Education,Unknown,16667,400,60,2,192,03-27-20,YYYY-00-DD 00:00:SS,Unknown,
layoff_00185, Magic Leap ,Miami,United States,Consumer,Series E,2000,1000,1000,50,2600,22-Apr-2020,22-Apr-2020,Unknown,
layoff_01936,WeTransfer,Amsterdam,Netherlands,Other,Acquired,347,87,260,75,64,"September 08, 2024",YYYY-00-DD 00:00:SS,Unknown,
layoff_05210,Talis Biomedical,SF Bay Area,United States,Healthcare,Post-IPO,152,572,130,25,8,"March 15, 2022",17-Jun-2022,Unknown,
layoff_05446,PowerReviews,Chicago,United States,Retail,Acquired,500,293,100,100,78,04/23/2020,YYYY-00-DD 00:00:SS,Unknown,
layoff_00384,Reef,Miami,United States,Transportation,Unknown,15000,14250,750,5,1500,"May 06, 2022",YYYY-00-DD 00:00:SS,Private,
layoff_03861,Bitwise,SF Bay Area,United States,Crypto ,Series B,900,903,900,100,84,2023-06-14,"June 16, 2023",Unknown,
layoff_05659,Panda Squad,SF Bay Area,United States,Consumer,Seed,8,4500,,75,1,2020-03-13,YYYY-00-DD 00:00:SS,Unknown,
layoff_03912,Circus Kitchens,Hamburg,Germany,Food,Seed,400,240,35,100,12,25-May-2023,YYYY-00-DD 00:00:SS,Unknown,
layoff_00178,Freshbooks,Toronto,Canada,Finance,Series B,422,384,,9,75,04/21/2020,YYYY-00-DD 00:00:SS,Unknown,
layoff_01711,Phononic, Durham,United States of America,Semiconductors,Unknown,220,198,50,,12,26-Apr-2024,YYYY-00-DD 00:00:SS,,
layoff_00709,8x8,Campbell,United States,Support,Post-IPO,2222,2022,200,9,253,10-04-22,YYYY-00-DD 00:00:SS,Unknown,
layoff_03397,Aurora Solar,SF Bay Area,,Energy,SERIES D  ,555,1716,111,20,523,30-Jan-2024,2024-01-30,Unknown,
layoff_01185, N26 ,Berlin,Germany,Finance,Series E,1775,1704,71,4,1700,04-28-23,YYYY-00-DD 00:00:SS,Unknown,
layoff_03909,PacketFabric,Los Angeles,United States,,Unknown,500,160,15,8,109,05/30/2023,YYYY-00-DD 00:00:SS,Unknown,
layoff_05318,OnDeck,New York City,United States,  finance ,Post-IPO,11638,15,94,1%,1200,2020-07-08,YYYY-00-DD 00:00:SS,,
layoff_04855,Better.com,New York City,United States,  REAL ESTATE  ,Unknown,290,75,236,,905,"August 26, 2022","August 30, 2022",Unknown,
layoff_00257,Pollen,London,United Kingdom,Travel,Series B,223,154,69,31,88,05/19/2020,YYYY-00-DD 00:00:SS,Unknown,
layoff_01995,Tidal,New York City,United States,Consumer,Acquired,7,82,11,10%,158,2024-10-31,2024-10-31,Unknown,
layoff_00271,BookMyShow,Mumbai,India,Consumer,unknown  ,1500,1230,270,18,224,28-May-2020,05/28/2020,Unknown,
layoff_02009,Personio,Munich,Germany,HR,Series E,1917,1802,115,6,,11/07/2024,YYYY-00-DD 00:00:SS,Unknown,
layoff_04965,Zymergen,SF Bay Area,United States,Other,Acquired,114286,254,80,,974,07-25-22,YYYY-00-DD 00:00:SS,Unknown,
layoff_00503,Sunday,Atlanta,us, Finance  ,Series A,391,301,90,23,124,"June 24, 2022",2022-06-28,Unknown,
layoff_01724,ASSURANCE ,SEATTLE,United States,Insurance,Unknown,112,0,112,,,05-01-24,YYYY-00-DD 00:00:SS,Unknown,
layoff_04241,Getir,New York City,U.S.A.,Food,,350,150,100,100,,2023-02-02,02/05/2023,Unknown,
layoff_02852,Manhattan Associates,Atlanta,United States,Logistics,  post-ipo  ,3333,266,30,6,2700,06-02-26,06-03-26,Unknown,
layoff_00398,  cars24 ,Gurugram,India,Transportation,Series G,10000,9400,600,6,1300,2022-05-19,YYYY-00-DD 00:00:SS,Unknown,
layoff_05144,Kaodim,Selangor,Malaysia,CONSUMER ,Series B,927,,,100%,17,"June 02, 2022",06/11/2022,Unknown,
layoff_01070,Sprinklr,New York City,United States,Software Development,Post-IPO,2500,2400,100,4%,429,2023-02-15,YYYY-00-DD 00:00:SS,Unknown,
layoff_00680, pendo ,Raleigh,U.S.A., product,Series F,900,855,45,5,469,09-07-22,YYYY-00-DD 00:00:SS,Unknown,
layoff_01228,SPOTIFY  ,Stockholm,Sweden,Media,Post-IPO,9400,9200,200,,2100,06/05/2023,YYYY-00-DD 00:00:SS,Unknown,
layoff_03180,Block,SF Bay Area,United States,  Finance,,11638,10707,931,8%,150,03-25-25,2025-03-26,Unknown,
layoff_03055,Veson Nautical,boston,United States,Other,Private Equity,5571,11001,265,20,1,2025-11-18,YYYY-00-DD 00:00:SS,Unknown,
layoff_04799,NextRoll,SF Bay Area,United States, MARKETING ,  Unknown  ,1300,950,65,7,108,2022-09-15,YYYY-00-DD 00:00:SS,Unknown,
layoff_02970,Amazon,Seattle,United States,Retail,post-ipo,182,1567,100,,8100,2026-03-04,YYYY-00-DD 00:00:SS,Unknown,
layoff_04889,TRUEPILL,SF Bay Area,United States,Healthcare,Series D,530,171,175,,255,"August 11, 2022",12-Aug-2022,Unknown,
layoff_04049,Shift,SF Bay Area,United States of America,Transportation,,250,,150,30,504,"March 29, 2023","March 29, 2023",Unknown,
layoff_04989,  stint,London,United Kingdom,  HR  ,Unknown,140,308,28,20%,105,07-19-22,YYYY-00-DD 00:00:SS,Unknown,
layoff_04839, CLARI  ,  sf bay area ,us,Sales,Series F,1000,96,45,20,496,31-Aug-2022,YYYY-00-DD 00:00:SS,Unknown,
layoff_02696,Beachbody,"Santa Monica, CA",Unknown,Fitness,Unknown,700,3667,70,10%,269,27-Jan-2022,01/27/2022,Public,
layoff_04583,Flash Coffee,Singapore,Singapore, FOOD ,Series B,95,167,100,50,57,22-Nov-2022,YYYY-00-DD 00:00:SS,,
layoff_03043,genwise  ,New Delhi,India,Other,Seed,1000,4791,420,100,3,"December 09, 2025",YYYY-00-DD 00:00:SS,Unknown,
layoff_01521,iRobot,Boston,United States,CONSUMER  ,Post-IPO,1129,,350,31,30,2024-01-29,YYYY-00-DD 00:00:SS,Unknown,
layoff_01963,Eaze,San Francisco,United States,Consumer,Series D,500,0,500,100,202,2024-10-07,YYYY-00-DD 00:00:SS,Unknown,
layoff_00650, wheel  ,Austin,United States,Healthcare,Series C,206,,35,17,215,08/18/2022,2022-09-01,Unknown,
layoff_04470,Lendis,Berlin,Germany,,Series A,13,1080,600,50,90,12-21-22,YYYY-00-DD 00:00:SS,Unknown,
layoff_03626,Eurora,Tallinn,Estonia,Other,Series A,5571,6473,111,28,42,09-11-23,YYYY-00-DD 00:00:SS,Unknown,
layoff_01145,Dunzo,Bengaluru,India,Food,,1000,700,300,30,382,"April 05, 2023",04-06-23,,
layoff_02352,Fanatics,New York City,United States,Sports Platform,Unknown,4167,149,280,25,38,"November 17, 2025",YYYY-00-DD 00:00:SS,Unknown,
layoff_04692,BitMEX,Unknown,Seychelles,Crypto,Seed,6111,261,26,30%,10,02-Nov-2022,YYYY-00-DD 00:00:SS,Unknown,
layoff_01019,PayPal,San Jose,United States,Finance,Post-IPO,28571,26571,2000,,216,2023-01-31,YYYY-00-DD 00:00:SS,Unknown,
layoff_05488,View,SF Bay Area,United States,Energy,  SERIES H  ,555,0,47,27,1800,2020-04-15,YYYY-00-DD 00:00:SS,Unknown,
layoff_01101,Embark Trucks,San Francisco,United States,Transportation,  Post-IPO ,329,99,230,70,317,03/03/2023,YYYY-00-DD 00:00:SS,Unknown,
layoff_03691,SHINE Technologies, milwaukee ,United States,Other,Series C,900,6473,59,20,672,2023-08-10,YYYY-00-DD 00:00:SS,Unknown,
layoff_03449,Navan,SF Bay Area,United States,Finance,Unknown,2900,1673,145,5,2200,05-Dec-2023,YYYY-00-DD 00:00:SS,Unknown,
layoff_03542,tropic,New York City,United States,Finance,,150,760,26,,67,10/20/2023,2023-10-20,Unknown,
layoff_04750, emitwise ,London,United Kingdom,,Series A,5625,,400,20,16,10/11/2022,YYYY-00-DD 00:00:SS,,
layoff_05369,Rubrik,SF Bay Area,United States,Infrastructure,Series E,200,720,,7,553,"May 18, 2020",25-Jun-2020,Unknown,
layoff_02988,Huawei,Tel Aviv,Israel,Hardware,Unknown,50000,47500,50,8,,2026-02-15,18-Feb-2026,Unknown,
layoff_01571,Licious,Bengaluru,India,Food,,2667,2587,80,3,490,02-09-24,"February 09, 2024",Unknown,
layoff_04597,Orchard,New York City,United States,Real Estate,Series D,4000,800,180,10,472,11/17/2022,YYYY-00-DD 00:00:SS,Unknown,
layoff_03268,Spendesk,Paris,France,Finance, series c  ,2000,109,151,9,,09-18-24,YYYY-00-DD 00:00:SS,Unknown,
layoff_04232,Protocol Labs,SF Bay Area,United States,Crypto,Unknown,445,120,89,20,,2023-02-03,YYYY-00-DD 00:00:SS,Unknown,
layoff_00942,GoBolt,Toronto,Canada,Logistics,Series C,1100,1045,55,5%,178,2023-01-10,11-Jan-2023,Unknown,
layoff_01997,Bowery Farming,New York City,United States,Food,  UNKNOWN,0,0,0,100,626,11/01/2024,YYYY-00-DD 00:00:SS,Unknown,
layoff_00421,BookClub,Salt Lake City,USA,Education ,Series A,48,36,12,25%,26,"May 31, 2022",YYYY-00-DD 00:00:SS,Unknown,
layoff_05492,Skillz,SF Bay Area,United States,Consumer,Series D,72000,3700,21,100,132,2020-04-14,2020-04-24,Unknown,
layoff_01208,Happay,Bengaluru,,Finance,,457,297,160,35,21,2023-05-12,YYYY-00-DD 00:00:SS,Unknown,
layoff_01737, Motional ,Pittsburgh,us,Transportation,Unknown,3750,8091,100,10,16500,07-May-2024,2024-05-07,Unknown,
layoff_04074,Huuuge Games,Warsaw,Poland,Consumer,,75000,1567,75,10,57,"March 20, 2023",2023-03-21,Unknown,
layoff_05553,Mews,Prague,Czech Republic,Travel,,173,900,250,25,,2020-04-03,YYYY-00-DD 00:00:SS,Unknown,
layoff_04464,Bilibili,Shanghai,China,Media,Post-IPO,1000,,100,30%,3700,27-Dec-2022,YYYY-00-DD 00:00:SS,Unknown,
layoff_03369,  PLANETSCALE ,SF Bay Area,United States of America,,Series C,1429,930,24,8%,105,06-Mar-2024,YYYY-00-DD 00:00:SS,Unknown,
layoff_00718,Pavilion Data,San Jose,U.S.,Infrastructure,Series D,100,4,96,96%,103,10-10-22,YYYY-00-DD 00:00:SS,Unknown,
layoff_02179,Expedia,Seattle,United States,Travel,Post-IPO,200,17250,30,3,3300,04/28/2025,YYYY-00-DD 00:00:SS,Unknown,
layoff_01092,Eventbrite,San Francisco,United States,Consumer,Post-IPO,1000,920,80,8,557,02/28/2023,YYYY-00-DD 00:00:SS,Unknown,
layoff_02389,Sapiens,Holon,Israel,Insurance Software Solutions,Unknown,4667,3967,700,,2,2025-12-28,28-Dec-2025,Unknown,
layoff_04140,Lucira Health,SF Bay Area,United States,healthcare  ,Post-IPO  ,1900,850,26,5,132,02-24-23,YYYY-00-DD 00:00:SS,,
layoff_03653,Productboard,SF Bay Area,United States, Product ,Series D,900,228,22,,192,"August 31, 2023",YYYY-00-DD 00:00:SS,,
layoff_01258,ClickUp,,United States,Other,Series C,900,810,90,10,537,2023-06-28,2023-07-04,Unknown,
layoff_04512,Nerdy,St. Louis  ,United States,  EDUCATION  ,Post-IPO,288,238,,17,,08-Dec-2022,YYYY-00-DD 00:00:SS,Unknown,
layoff_01417,Strake,Boulder,United States,Infrastructure,Unknown,200,268,40,,420,"December 28, 2023",YYYY-00-DD 00:00:SS,Unknown,
layoff_02461,Code42,Minneapolis,United States,"Cybersecurity, enterprise software",Unknown,238,120,25,15,137,11/07/2022,2022-11-08,Private,
layoff_00094,Opencare,Toronto,Canada,Healthcare,,72,54,18,25%,24,04-03-20,YYYY-00-DD 00:00:SS,Unknown,
layoff_05418,Flynote,Bengaluru,India,Travel,Seed,1212,,350,15%,1,05/01/2020,2020-05-07,Unknown,
layoff_03196,Refurbed,  VIENNA,Austria,Retail,Series C,818,25,60,20%,191,06-Feb-2025,YYYY-00-DD 00:00:SS,Unknown,
layoff_05136,Tesla,Austin,United States,Transportation,,700,61,40,10,20200,06-03-22,YYYY-00-DD 00:00:SS,Unknown,
layoff_04148,Dapper Labs,Vancouver,Canada,Crypto,SERIES D ,600,200,90,20,607,23-Feb-2023,YYYY-00-DD 00:00:SS,Unknown,
layoff_02618,embark  ,Boston,N/A,"Pet tech, health care",Unknown,2632,16167,230,30,12,11-Jan-2023,01-11-23,Private,
layoff_01377,Spotify,Stockholm,Sweden,Media,Post-IPO,9200,7700,1500,17,2100,04-Dec-2023,2023-12-04,Unknown,
layoff_01559,DocuSign,  SAN FRANCISCO ,USA,Sales ,  Post-IPO ,7333,6893,440,6,,06-Feb-2024,YYYY-00-DD 00:00:SS,Unknown,
layoff_04657,Amobee,SF Bay Area,U.S.,Marketing,Acquired,700,630,100,20,,11/09/2022,YYYY-00-DD 00:00:SS,Unknown,
layoff_01221, Away,New York City,United States of America,Retail,Series D,275,253,22,,181,"May 31, 2023",YYYY-00-DD 00:00:SS,Unknown,
layoff_01972,  Bytedance  ,Jakarta,Indonesia,,Unknown,1800,,,100,0,10-11-24,YYYY-00-DD 00:00:SS,,
layoff_00377,Avo,Tel Aviv,Israel,  Food,Series B,746,246,500,67%,45,01-May-2022,YYYY-00-DD 00:00:SS,Unknown,
layoff_04684,Rubius,Boston,U.S.A.,Healthcare,Post-IPO,388,736,50,82,445,"November 03, 2022",YYYY-00-DD 00:00:SS,Unknown,
layoff_03182,Prefect,Washington D.C.,United States,Data,Series B,1200,810,20,11,47,03-25-25,03/27/2025,Unknown,
layoff_00020,OutboundEngine,Austin,United States,Marketing,Series C,186,134,52,,48,2020-03-25,"March 28, 2020",Unknown,
layoff_00471,Swyft,Toronto,Canada,Logistics,Series A,33,23,10,30,20,15-Jun-2022,YYYY-00-DD 00:00:SS,Unknown,
layoff_00832,Nuro,Mountain View,United States,Transportation,Series D,1500,1200,300,20,2100,2022-11-18,YYYY-00-DD 00:00:SS,,
layoff_04456, Uniphore,SF Bay Area,United States,Support,Series E,760,4410,76,10%,620,01/03/2023,YYYY-00-DD 00:00:SS,Unknown,
layoff_02931,GoPro,SF Bay Area,United States,  CONSUMER  ,Post-IPO,630,4568,145,23,288,04/07/2026,YYYY-00-DD 00:00:SS,Unknown,
layoff_02526,Candy Digital,New York,,Cryptocurrency,Unknown,100,1618,33,33%,,11/28/2022,"November 28, 2022",Private,
layoff_00162,Greenhouse,New York City,U.S.A.,HR,Series D,429,309,120,28,110,"April 17, 2020",YYYY-00-DD 00:00:SS,Unknown,
layoff_04248,Sharesies,Wellington,New Zealand,FINANCE  ,  SERIES C ,1000,970,60,10%,60,02/02/2023,"March 11, 2023",Unknown,
layoff_02875,LinkedIn,SF Bay Area,U.S.,Recruiting,,17500,1133,875,5,154,05/13/2026,YYYY-00-DD 00:00:SS,,
layoff_03754, STOA ,Phoenix,United States,REAL ESTATE,,100,60,80,80,,20-Jul-2023,2023-07-22,Unknown,
layoff_05362,Samsara,SF Bay Area,U.S.A.,Logistics,Series F,1667,277,300,18,530,2020-05-20,YYYY-00-DD 00:00:SS,Unknown,
layoff_04359,80 Acres Farms,Cincinnati,U.S.A., FOOD ,  unknown ,300,13500,131,10,,01/18/2023,YYYY-00-DD 00:00:SS,Unknown,
layoff_04959,CHANGE.ORG  ,SF Bay Area,us,Other,Series D,5000,30,1500,19,72,2022-07-28,29-Jul-2022,Unknown,
layoff_03918,Reliance JioMart,Mumbai,India,Food,  SUBSIDIARY ,22727,4950,1000,25,2800,"May 23, 2023",YYYY-00-DD 00:00:SS,Unknown,
layoff_05216,Lido, mumbai  ,India,Education,Series A,789,109,150,5%,24,02/21/2022,YYYY-00-DD 00:00:SS,Unknown,
layoff_01354,MariaDB,Redwood City,United States,Data,Post-IPO,300,,84,28,272,12-Oct-2023,12-Oct-2023,Unknown,
layoff_02354,Couchbase,San Jose,United States,Software Development,Unknown,150,3751,50,11%,429,11-18-25,YYYY-00-DD 00:00:SS,Unknown,
layoff_00760,Kry,Stockholm,Sweden,Healthcare,Series D,3000,2700,300,10,568,2022-10-31,YYYY-00-DD 00:00:SS,Unknown,
layoff_00749,Vee,Tel Aviv,Israel,HR,  seed ,34,17,17,50,15,2022-10-25,2022-10-25,Unknown,
layoff_01120,Leafly,Seattle,USA,Retail,Post-IPO,190,150,40,,71,03-16-23,YYYY-00-DD 00:00:SS,Unknown,
layoff_03789,Built Technologies,Nashville,United States,construction,Unknown,5714,140,70,3%,313,2023-07-11,YYYY-00-DD 00:00:SS,Unknown,
layoff_00993,Namogoo,Tel Aviv,Israel,Marketing,Series C,133,113,20,15,69,23-Jan-2023,01-24-23,,
layoff_05186,Domestika,SF Bay Area,United States,Education,Series D,789,517,150,,130,04-28-22,YYYY-00-DD 00:00:SS,Unknown,
layoff_02477,SQream Technologies,New York,unknown,Data Analytics,Unknown,167,4685,30,18,95,"July 06, 2022",06-Jul-2022,Private,
layoff_02703,Zuora,"San Mateo, CA",Unknown,CLOUD INFRASTRUCTURE , Unknown ,583,1063,960,11,,"December 06, 2022",YYYY-00-DD 00:00:SS,Public,
layoff_03892,Meati Foods,Denver,U.S.A.,Food,,1200,759,450,,274,2023-06-03,YYYY-00-DD 00:00:SS,Unknown,
layoff_04116,Comparis,Zurich,Switzerland,Finance,UNKNOWN ,400,585,100,10,,03/02/2023,YYYY-00-DD 00:00:SS,Unknown,
layoff_03025,StoreDot,Tel Aviv,Israel,Other,series d  ,10000,264,119,100,184,13-Jan-2026,YYYY-00-DD 00:00:SS,Unknown,
layoff_01792,Kissflow,Chennai,India,SaaS,Unknown,409,364,45,,1,10-Jun-2024,YYYY-00-DD 00:00:SS,Unknown,
layoff_02982, draftkings,Boston,U.S.A.,Consumer,Post-IPO,1500,750,200,,,"February 24, 2026",02/25/2026,,
layoff_02275,Tokopedia,Jakarta,Indonesia,E-commerce,UNKNOWN ,150,122,420,20,8100,08/25/2025,"August 25, 2025",Unknown,
layoff_03390,Zoom, sf bay area ,United States,Other,Post-IPO,7500,135,150,2,276,02/01/2024,01-Feb-2024,Unknown,
layoff_01930,Matter Labs,Berlin,Germany,  CRYPTO ,Unknown,178,2567,26,16,380,09-03-24,YYYY-00-DD 00:00:SS,Unknown,
layoff_04299,Mode Global,London,United Kingdom,Finance,Post-IPO,2000,,37,,1100,26-Jan-2023,YYYY-00-DD 00:00:SS,Unknown,
layoff_04013,Science 37,Los Angeles,United States,Healthcare,post-ipo ,101,0,140,,347,04-12-23,YYYY-00-DD 00:00:SS,Unknown,
layoff_03783,Circle  ,Boston,United States,  CRYPTO  ,Private Equity,100,450,24,22,1100,"July 12, 2023",YYYY-00-DD 00:00:SS,,
layoff_02079,Unbabel,Lisbon,Portugal,Support, Series C ,264,,66,25%,91,01/20/2025,01-29-25,Unknown,
layoff_04729,Collibra,Brussels,Belgium,Data,Series G,2909,54,,7,596,10/19/2022,YYYY-00-DD 00:00:SS,Unknown,
layoff_00770,Opendoor,San Francisco,United States,Real Estate,Post-IPO,3056,2506,550,18,15,02-Nov-2022,YYYY-00-DD 00:00:SS,Public,
layoff_00890,Otonomo,Tel Aviv,Israel,Transportation,Post-IPO,160,80,80,50,231,12/08/2022,12/11/2022,Unknown,
layoff_05504,FloQast  ,Los Angeles,U.S.A.,Finance,Series C,258,68,300,7,119,"April 10, 2020",YYYY-00-DD 00:00:SS,,
layoff_00869,BuzzFeed,New York City,U.S.A.,Media,POST-IPO,1500,,180,,696,2022-12-06,"December 06, 2022",Unknown,
layoff_01216,Western Digital,Kfar Saba,Israel,Hardware,Post-IPO,857,797,60,7,,"May 24, 2023",YYYY-00-DD 00:00:SS,Unknown,
layoff_00496,Netflix,Los Gatos,United States,Media,Post-IPO,10000,9700,300,,121900,"June 23, 2022",YYYY-00-DD 00:00:SS,Unknown,
layoff_05090,Bybit,Singapore,Singapore,Crypto,Unknown,2000,0,600,30,,06/20/2022,YYYY-00-DD 00:00:SS,Unknown,
layoff_01324,Absci,Portland,United States,Healthcare,post-ipo,200,170,30,15%,238,09/05/2023,YYYY-00-DD 00:00:SS,,
layoff_04407,Life360,SF Bay Area,United States,Consumer,,1400,5120,1000,14,158,12-Jan-2023,YYYY-00-DD 00:00:SS,Unknown,
layoff_01538,Zuora,Redwood City,USA,  Finance ,Post-IPO,1600,391,14,8,647,01-31-24,YYYY-00-DD 00:00:SS,Unknown,
layoff_00918,Uniphore, Palo Alto ,U.S.A.,Support,Series E,760,684,76,10,620,"January 03, 2023",YYYY-00-DD 00:00:SS,Unknown,
layoff_05311,Snaptravel,Toronto,Canada,Travel,Series A,500,50,226,20,22.4,2020-07-16,2020-07-17,Unknown,
layoff_04736,Flipboard,SF Bay Area,United States,Media,Unknown,114,630,24,21%,235,10/16/2022,YYYY-00-DD 00:00:SS,Unknown,
layoff_04298,DriveWealth,Jersey City,United States,Finance,Series D,139,,200,20,550,"January 26, 2023",YYYY-00-DD 00:00:SS,Unknown,
layoff_01848,UKG,Boston,U.S.,HR,Unknown,15714,,2200,14,131,03-Jul-2024,YYYY-00-DD 00:00:SS,Unknown,
layoff_00536,Sendle,Sydney,Australia,Logistics,,225,198,27,12,69,04-Jul-2022,YYYY-00-DD 00:00:SS,Unknown,
layoff_01841,Lightricks,Jerusalem,Israel,Consumer,Series D,583,513,70,12,335,01-Jul-2024,YYYY-00-DD 00:00:SS,,
layoff_04876,Swyftx,Brisbane,Australia,Crypto  ,Unknown,352,2267,74,21%,205,08-17-22,YYYY-00-DD 00:00:SS,Unknown,
layoff_04778,Westwing,Munich,Germany,Retail,Post-IPO,267,1820,125,,237,"September 29, 2022",YYYY-00-DD 00:00:SS,Unknown,
layoff_00467,TIFIN,Boulder,United States,Crypto,Series D,240,216,24,10,204,14-Jun-2022,YYYY-00-DD 00:00:SS,Private,
layoff_00985,Enjoei,Sao Paulo,Brazil,  retail,Unknown,310,279,31,10,,01/20/2023,"January 23, 2023",Unknown,
layoff_04246,Getaround,SF Bay Area,U.S.,Transportation,Post-IPO,64,61,15,10,,02-02-23,YYYY-00-DD 00:00:SS,Unknown,
layoff_00550,Emotive,Los Angeles,United States,Marketing,Series B,167,137,30,18,78,07-Jul-2022,YYYY-00-DD 00:00:SS,Private,
layoff_04435,Integrate,Phoenix,United States,Marketing,Acquired,260,,58,15%,80,2023-01-07,YYYY-00-DD 00:00:SS,Unknown,
layoff_04001,Kumu,Manila,Philippines,Media,Series C,16,180,180,40,94,"April 17, 2023",18-Apr-2023,Unknown,
layoff_02697,Zulily,Seattle,United States,E-commerce,Acquired,990,70,99,10,194,2022-05-16,YYYY-00-DD 00:00:SS,Public,
layoff_01202,AudioCodes,Tel Aviv,Israel, other,,1333,1253,80,,,2023-05-09,YYYY-00-DD 00:00:SS,Unknown,
layoff_00700,Kitty Hawk,Palo Alto,United States,Aerospace,Unknown,100,0,100,100,1,2022-09-21,YYYY-00-DD 00:00:SS,Unknown,
layoff_02215,Salto,Tel Aviv,Israel,Other,Series B,60,,30,50%,69,06-20-25,YYYY-00-DD 00:00:SS,Unknown,
layoff_00379,Mainstreet,San Francisco,United States,Finance,Series A,150,105,45,30,64,05-04-22,YYYY-00-DD 00:00:SS,Unknown,
layoff_01899,Quizac,Lagos,Nigeria,Education,Acquired,16667,1350,100,100%,,"August 13, 2024",YYYY-00-DD 00:00:SS,Unknown,
layoff_01330,  At-Bay, SAN FRANCISCO ,United States,Security,Unknown,300,273,27,9%,296,2023-09-12,12-Sep-2023,Unknown,
layoff_03258,PubMatic,SF Bay Area,us,Marketing,Post-IPO,1200,151,12,1%,63,"October 07, 2024",YYYY-00-DD 00:00:SS,Unknown,
layoff_05638, TravelBank  , SF BAY AREA ,USA,Travel,,7333,406,20,25,,03-24-20,YYYY-00-DD 00:00:SS,Unknown,
layoff_03295,Mercari U.S.,SF Bay Area,United States,Retail,Subsidiary,389,1338,76,50,55,07/19/2024,YYYY-00-DD 00:00:SS,Unknown,
layoff_03142,Augury,New York City,United States,Manufacturing,Series E,333,1417,60,18%,274,07-10-25,YYYY-00-DD 00:00:SS,Unknown,
layoff_01787,Yext,New York City,United States of America,Marketing, post-ipo  ,90,80,40,12,117,05-Jun-2024,YYYY-00-DD 00:00:SS,Unknown,
layoff_04088,Cookpad,Tokyo,Japan,Consumer,Unknown,7,2700,80,36%,425,10-Mar-2023,03-15-23,Unknown,
layoff_04303, LAM RESEARCH  ,SF Bay Area,U.S.,Hardware,Post-IPO,18571,47500,1300,7,,2023-01-25,YYYY-00-DD 00:00:SS,Unknown,
layoff_01960,Tome,San Francisco,United States,Sales,Series B,39,27,12,31,75,02-Oct-2024,YYYY-00-DD 00:00:SS,Unknown,
layoff_00955,Pier,Sao Paulo,Brazil,Finance,,285,174,,39%,42,01/12/2023,YYYY-00-DD 00:00:SS,Unknown,
layoff_04328,BUX,Amsterdam,Netherlands,Finance,Series C,52,,300,8%,115,2023-01-22,YYYY-00-DD 00:00:SS,Unknown,
layoff_03162,  Electronic Arts,SF Bay Area,United States,Consumer,Post-IPO,927,817,300,,2,04/29/2025,YYYY-00-DD 00:00:SS,Unknown,
layoff_04903,Berkeley Lights,SF Bay Area,United States,Healthcare,Post-IPO,1633,142,13,12%,272,09-Aug-2022,08-09-22,Unknown,
layoff_03981,RenoRun,Montreal,Canada,,Series B,100,1820,240,100,,26-Apr-2023,YYYY-00-DD 00:00:SS,Unknown,
layoff_03930,dbt Labs, philadelphia  ,United States,Data,  SERIES D ,1429,720,325,15,414,"May 18, 2023",YYYY-00-DD 00:00:SS,,
layoff_01798,Meta,Menlo Park,United States,Software Development,Unknown,300,120,50,,1,06-12-24,YYYY-00-DD 00:00:SS,Unknown,
layoff_05410,CASTLIGHT HEALTH ,SF Bay Area,USA,HEALTHCARE ,Post-IPO,185,425,23,13,184,05/04/2020,"May 10, 2020",Unknown,
layoff_02995,  salesforce ,SF Bay Area,United States,Sales,Post-IPO,744,1293,221,,65,"February 09, 2026",YYYY-00-DD 00:00:SS,Unknown,
layoff_03438,Flex,SF Bay Area,USA,Manufacturing,  unknown,80,9300,31,15,1400,12-13-23,YYYY-00-DD 00:00:SS,Unknown,
layoff_03077,Ludeo,Los Angeles,United States,Consumer,,50,,25,50,42,"October 20, 2025",YYYY-00-DD 00:00:SS,Unknown,
layoff_04430,  whoop,Boston,United States,Fitness,Series F,14000,487,784,4,,"January 10, 2023",YYYY-00-DD 00:00:SS,Unknown,
layoff_04285,SoFi,SF Bay Area,United States,Finance,Post-IPO,100,970,50,24%,3000,30-Jan-2023,"January 31, 2023",Unknown,
layoff_01460,SoFi,San Francisco,U.S.,Finance,Post-IPO,1410,61,,4,3,2024-01-10,YYYY-00-DD 00:00:SS,Unknown,
layoff_00617,Doma,Huntington Beach,United States,Finance,Post-IPO,1923,1673,250,13,679,2022-08-04,YYYY-00-DD 00:00:SS,Unknown,
layoff_03022,Meta,SF Bay Area,United States,  consumer,Post-IPO,75000,23,1500,2,26000,13-Jan-2026,01/14/2026,Unknown,
layoff_00769,Iron Ox,Gilroy,United States,Food,Series C,100,50,50,,103,"November 02, 2022",YYYY-00-DD 00:00:SS,Unknown,
layoff_00978,Starry,Boston,,Other,Post-IPO,417,317,100,24,260,2023-01-18,01/18/2023,Public,
layoff_01548,Twig,London,United Kingdom,Finance,Unknown,300,,20,100,41,2024-02-02,YYYY-00-DD 00:00:SS,Unknown,
layoff_00616,10X Genomics,Pleasanton,U.S.A.,Healthcare,Post-IPO,1250,,100,8,242,04-Aug-2022,2022-08-04,Unknown,
layoff_01045,Zoom,San Jose,United States of America,Other,Post-IPO,8667,7367,1300,15,276,2023-02-07,YYYY-00-DD 00:00:SS,Unknown,
layoff_01857,SolarEdge,Tel Aviv,Israel,Energy,Post-IPO,550,345,400,20,155,15-Jul-2024,16-Jul-2024,Unknown,
layoff_03225,  2U ,Washington D.C.,United States,Education,Post-IPO,16667,465,81,20,426,2024-12-04,YYYY-00-DD 00:00:SS,Unknown,
layoff_02944,Enpal,Berlin,Germany,  Energy  ,Series E,515,3150,100,28,3500,27-Mar-2026,YYYY-00-DD 00:00:SS,Unknown,
layoff_03552,LinkedIn,SF Bay Area,United States, Recruiting  ,Acquired,22000,19998,660,3,154,10/16/2023,16-Oct-2023,Unknown,
layoff_03593,Cowbell,SF Bay Area,United States,Finance,Series B,233,35,28,12,123,2023-09-29,YYYY-00-DD 00:00:SS,Unknown,
layoff_04045,Seagate, sf bay area ,United States,  Hardware  ,Post-IPO,0,,480,20,,29-Mar-2023,04/01/2023,Unknown,
layoff_04878,Genesis,New York City,United States of America, CRYPTO ,Series A,260,,52,20,134,2022-08-17,YYYY-00-DD 00:00:SS,Unknown,
layoff_03168,turo ,SF Bay Area,United States,Transportation,Series E,882,17250,150,17,467,16-Apr-2025,YYYY-00-DD 00:00:SS,Unknown,
layoff_05103,Coinbase,SF Bay Area,United States,Crypto,,6111,1100,1100,18,549,2022-06-14,YYYY-00-DD 00:00:SS,Unknown,
layoff_01495,Xendit,Jakarta,Indonesia,Finance,Series D,7143,1600,200,7,,22-Jan-2024,YYYY-00-DD 00:00:SS,Unknown,
layoff_04039, GOODWORKER ,Singapore,Singapore,Recruiting,Acquired,20200,1133,,90,26,2023-03-30,05/02/2023,Unknown,
layoff_04865,Skillshare,New York City,us,Education,Unknown,280,43,1000,5,136,08/23/2022,YYYY-00-DD 00:00:SS,Unknown,
layoff_00732,Leafly,Seattle,United States,Retail,Post-IPO,267,211,56,21%,71,"October 18, 2022",YYYY-00-DD 00:00:SS,Public,
layoff_04980,Just Eat Takeaway,  AMSTERDAM ,Netherlands,Food,Post-IPO,2600,197,390,100,2800,07/20/2022,YYYY-00-DD 00:00:SS,Unknown,
layoff_01015,Glovo,Barcelona,Spain,Food,Acquired,4167,3917,250,,1200,30-Jan-2023,YYYY-00-DD 00:00:SS,,
layoff_01661,CoRover,  bengaluru  ,India, IT Services  ,Unknown,1000,39200,150,15,400,04/03/2024,YYYY-00-DD 00:00:SS,Unknown,
layoff_01492,Google,Mountain View,U.S.A.,Consumer,Post-IPO,1333,465,12,30,26,"January 22, 2024",YYYY-00-DD 00:00:SS,Unknown,
layoff_05217,Trustly,Stockholm,Sweden,Finance,Acquired,1000,213,120,33%,28,17-Feb-2022,05/17/2022,Unknown,
layoff_05268,Remedy, Austin ,USA, healthcare  ,Series A,520,1197,82,,12.5,10-29-20,YYYY-00-DD 00:00:SS,Unknown,
layoff_03212,microsoft ,  Seattle,us,Other, post-ipo ,161538,178,30,20%,,"January 14, 2025",YYYY-00-DD 00:00:SS,Unknown,
layoff_02021,Stoa,Bengaluru,India,Education, Seed,0,0,0,,227,"November 12, 2024",YYYY-00-DD 00:00:SS,Unknown,
layoff_02991,  Clari  ,SF Bay Area,United States,  sales  ,  acquired  ,3750,1063,76,3,496,"February 12, 2026",YYYY-00-DD 00:00:SS,Unknown,
layoff_01286,Point,Palo Alto,U.S.,Real Estate,Series C,218,,61,28,149,07-27-23,"July 27, 2023",Unknown,
layoff_05422,Cohesity,  SF BAY AREA,United States,Data,Series E,1429,95,77,11,660,2020-04-30,YYYY-00-DD 00:00:SS,Unknown,
layoff_02053,Thrive,Mumbai,India,Food,,0,0,0,100,131,12/14/2024,YYYY-00-DD 00:00:SS,Unknown,
layoff_02466,  PAPA  ,Miami,N/A,Elder Care,Unknown,10833,0,0,,11,"July 14, 2022",07/14/2022,Private,
layoff_02445,Intercom,San Franicsco,Unknown,,Unknown,954,,124,13,19,11-14-22,YYYY-00-DD 00:00:SS,Private,
layoff_00112,MediaMath,New York City,us,Marketing,Private Equity,663,610,53,8,607,04/07/2020,YYYY-00-DD 00:00:SS,Unknown,
layoff_00812,Deliveroo Australia,Melbourne,Australia,  FOOD  ,Post-IPO,120,0,120,100,3,15-Nov-2022,11/15/2022,Unknown,
layoff_05401,Segment,SF Bay Area,United States,Data,Series D,500,401,50,10,283,05/06/2020,YYYY-00-DD 00:00:SS,Unknown,
layoff_00754,Recharge,Los Angeles,United States of America,Finance,series b,494,410,84,17,,2022-10-27,YYYY-00-DD 00:00:SS,Private,
layoff_04811,SkipTheDishes ,Winnipeg,Canada, FOOD,Acquired,300,2200,350,100,6,2022-09-09,2022-09-11,,
layoff_03224,Vox Media,Washington D.C.,us,Media,Series F,1000,535,200,,307,12/05/2024,YYYY-00-DD 00:00:SS,Unknown,
layoff_03421,Uber Freight,  SF BAY AREA ,United States,Logistics,Subsidiary,385,277,40,20%,2700,"January 09, 2024",YYYY-00-DD 00:00:SS,Unknown,
layoff_01928,Dozee,Bengaluru,India,Healthcare, series a  ,152,268,40,20,26,2024-09-02,2024-09-04,Unknown,
layoff_05296,Shopify,,Canada,Retail,Post-IPO,1000,850,30,23,122.3,08-14-20,YYYY-00-DD 00:00:SS,Unknown,
layoff_01996,Maven Clinic, NEW YORK CITY ,us,Healthcare,Series F,600,540,60,,,"November 01, 2024",02-Nov-2024,Unknown,
layoff_00298,Dark,San Francisco,U.S.A.,Product,  SEED ,6,0,6,100%,3,23-Jun-2020,YYYY-00-DD 00:00:SS,Unknown,
layoff_00636,Trybe,Sao Paulo,Brazil,Education,Series B,470,423,47,10,40,08-10-22,YYYY-00-DD 00:00:SS,Unknown,
layoff_00717,Momentive,San Mateo,USA,Marketing,Post-IPO,1636,1456,180,,1100,"October 10, 2022",10-Oct-2022,Unknown,
layoff_01406,Checkout.com,LONDON ,United Kingdom,Finance,Series D,1500,351,80,,2,2023-12-18,19-Dec-2023,Unknown,
layoff_05321,kongregate , SF Bay Area  ,United States,Media,Series C,200,111,12,40%,19,07/01/2020,YYYY-00-DD 00:00:SS,Unknown,
layoff_01282,Calendly,Atlanta,USA,Other,Series B,600,540,60,10,351,07/26/2023,YYYY-00-DD 00:00:SS,Unknown,
layoff_02425,Verbit,New York,,Natural Language Processing,,800,145,80,,146,07/05/2022,07-05-22,Private,
layoff_05349,Credit Sesame, SF Bay Area ,United States,Finance,Series F,157,1700,22,14,120,06/03/2020,YYYY-00-DD 00:00:SS,Unknown,
layoff_04649,Voly,,Australia,Food,Seed,150,70,40,,13,11/10/2022,11-17-22,Unknown,
layoff_01402, jellysmack,Paris,France,Media,Series C,93,900,80,,22,2023-12-15,YYYY-00-DD 00:00:SS,Unknown,
layoff_02671,Coursera,"Mountain View, CA",Unknown,Edtech,,1067,920,32,3%,409,09-Nov-2022,YYYY-00-DD 00:00:SS,Public,
layoff_01697,Showpad,Ghent,Belgium,Marketing,Series D,500,450,50,10,159,18-Apr-2024,04-24-24,Unknown,
layoff_00079,Jobcase,Boston,U.S.A.,HR,Private Equity,195,156,39,20,118,2020-04-02,2020-04-02,Unknown,
layoff_00134,Mejuri,Toronto,Canada,Retail,Series B,240,204,36,15,28,2020-04-09,YYYY-00-DD 00:00:SS,Unknown,
layoff_02967,Marketsource,Atlanta,United States,Sales,Unknown,518,0,57,11,536,03/05/2026,YYYY-00-DD 00:00:SS,Unknown,
layoff_04929,Talkwalker,Luxembourg,Luxembourg,Marketing,Private Equity,340,,50,15%,9,"August 03, 2022",YYYY-00-DD 00:00:SS,Unknown,
layoff_02452,Morning Brew, new york  ,Unknown,"Media, news",Unknown,1500,21,180,14,2,2022-11-17,YYYY-00-DD 00:00:SS,Private,
layoff_05469,Food52,New York City,United States,,Acquired,5000,,450,33,96,2020-04-17,04/27/2020,Unknown,
layoff_03801,Trellix,SF Bay Area,United States,  Security  ,Unknown,167,,,15%,35,07-Jul-2023,YYYY-00-DD 00:00:SS,Unknown,
layoff_02336,Porter,BENGALURU  ,India,Logistic,Series F,1944,1594,350,18,357,11-04-25,07-Nov-2025,Unknown,
layoff_05026,Remote,SF Bay Area,United States,HR,,1111,16975,100,,496,2022-07-06,YYYY-00-DD 00:00:SS,Unknown,
layoff_01985,Coursera,Mountain View,,Education,Post-IPO,1500,1350,150,10,458,"October 25, 2024",YYYY-00-DD 00:00:SS,Unknown,
layoff_04895,Pollen,  London  ,United Kingdom,Marketing,Series C,469,319,51,100%,238,2022-08-10,YYYY-00-DD 00:00:SS,Unknown,
layoff_00992,Innovid,New York City,United States,Marketing,Post-IPO,400,360,40,10%,295,2023-01-23,YYYY-00-DD 00:00:SS,Unknown,
layoff_03671,Hypefast,Jakarta,Indonesia,Retail,Series A,600,728,69,30,,22-Aug-2023,YYYY-00-DD 00:00:SS,Unknown,
layoff_02296,Natcast,Las Vegas,United States,Advancement of Semiconductor Technology,Unknown,48,270,64,100%,1700,11-Sep-2025,2025-09-11,Unknown,
layoff_00154,Opendoor,San Francisco,United States,Real Estate, Series E,1714,1114,600,35,1500,04-15-20,04-15-20,Unknown,
layoff_03762,Cameo,Chicago,United States,,Unknown,80,560,80,16,165,"July 18, 2023",2023-07-18,Unknown,
layoff_00380,SEND ,Sydney,Australia,  food ,Seed,300,0,300,100,3,"May 04, 2022","May 09, 2022",Unknown,
layoff_03358,GoPro,SF Bay Area,,consumer ,Post-IPO,105,82,100,4,288,2024-03-26,2024-04-08,Unknown,
layoff_03870,TaxBit,SF Bay Area,United States,Crypto,Unknown,200,63,80,40,253,"June 11, 2023",YYYY-00-DD 00:00:SS,Unknown,
layoff_04019,Workit Health,Ann Arbor,United States,Healthcare,Series C,571,43,100,,138,07-Apr-2023,YYYY-00-DD 00:00:SS,Unknown,
layoff_03455,TuSimple,  San Diego  ,United States,Transportation,Post-IPO,882,2404,150,11,648,"December 04, 2023",YYYY-00-DD 00:00:SS,Unknown,
layoff_00324,NS8,Las Vegas,U.S.A., DATA,Series A,253,13,240,95,158,"September 11, 2020","September 11, 2020",Unknown,
layoff_04478,FreshBooks,Toronto,Canada,Finance,,1167,1395,40,7,331,16-Dec-2022,"March 21, 2023",Unknown,
layoff_03000,Zipcar,Boston,United States,Transportation,  acquired,1375,300,126,,107,02-Feb-2026,10-Feb-2026,Unknown,
layoff_00142,Clearbanc,Toronto,Canada,Finance,Series B,213,196,17,8,,04-13-20,YYYY-00-DD 00:00:SS,Unknown,
layoff_00761,Gem,San Francisco,U.S.A.,HR,Series C,303,203,100,33%,148,"November 01, 2022",YYYY-00-DD 00:00:SS,Unknown,
layoff_03087,Just Eat,Amsterdam,Netherlands,Food,Acquired,9000,4900,450,5,,09-25-25,YYYY-00-DD 00:00:SS,Unknown,
layoff_02515,Homeward,"Austin, TX",n/a,Proptech,,500,1077,180,25%,11,11/16/2022,YYYY-00-DD 00:00:SS,Private,
layoff_02114,Eviation Aircraft,Tel Aviv,Israel,Aerospace,Acquired,160,0,70,25,140,02-14-25,YYYY-00-DD 00:00:SS,Unknown,
layoff_04066,Just Eat,London,United Kingdom,Food,Acquired,22727,0,1700,100%,272,"March 21, 2023",YYYY-00-DD 00:00:SS,Unknown,
layoff_00711,Zoomo,Sydney,Australia,Transportation,Series B,406,341,65,16,,2022-10-04,YYYY-00-DD 00:00:SS,Unknown,
layoff_01308,Dealtale,Tel Aviv,Israel,Sales,Acquired,70,0,70,,2,08-09-23,YYYY-00-DD 00:00:SS,Unknown,
layoff_02670,Freshworks,"San Mateo, CA",Unknown,"CRM, IT",Unknown  ,4500,445,90,2,255,2022-12-15,YYYY-00-DD 00:00:SS,Public,
layoff_02810,CompanyCam,Lincoln,United States,Recruiting,,354,1133,46,1%,38,06/26/2026,YYYY-00-DD 00:00:SS,Unknown,
layoff_04097,RDX Works,London,United Kingdom,Crypto,,1375,647,60,25,6,2023-03-07,YYYY-00-DD 00:00:SS,Unknown,
layoff_05104,Hunty,  Bogota,Colombia,HR,Seed,600,12467,30,,6,14-Jun-2022,"June 15, 2022",Unknown,
layoff_01695,Good Glamm Group  ,New Delhi,India,IT Services,Unknown,1000,850,,,400,2024-04-18,2024-04-18,Unknown,
layoff_05602, CUYANA  ,SF Bay Area,United States,Retail,Series C,500,200,130,25,31,"March 30, 2020",04-10-20,Unknown,
layoff_04143,Poshmark,SF Bay Area,us,Retail,Acquired,310,165,,2,153,2023-02-24,YYYY-00-DD 00:00:SS,Unknown,
layoff_05170,Netflix, SF Bay Area  ,United States,Media,Post-IPO,15000,5173,150,1,,05/17/2022,YYYY-00-DD 00:00:SS,,
layoff_03289,Intel,SF Bay Area,United States,Hardware,Post-IPO,100000,240,15000,15%,,"August 01, 2024",08/01/2024,Unknown,
layoff_00008,Flywheel Sports,  new york city,United States,Fitness,Acquired,800,16,784,98,120,20-Mar-2020,YYYY-00-DD 00:00:SS,Unknown,
layoff_04911,Slync,Dallas,United States,Logistics,Series B,176,266,130,,76,2022-08-05,YYYY-00-DD 00:00:SS,Unknown,
layoff_01668,  Apple  ,Cupertino,U.S.A.,  hardware,Unknown,91,797,614,2,12,"April 05, 2024",04/05/2024,Unknown,
layoff_02909,GeoComply,VANCOUVER,United States of America,  security  ,Private Equity,453,470,68,15%,88,21-Apr-2026,YYYY-00-DD 00:00:SS,Unknown,
layoff_03517,OpenSea,New York City,U.S.,Crypto,,6111,120,80,50,427,11-03-23,11-03-23,Unknown,
layoff_03705,Sendy,Nairobi,Kenya,Logistics,Series B,4286,266,40,,,08/08/2023,YYYY-00-DD 00:00:SS,Unknown,
layoff_05396,  Tally ,SF Bay Area,,Finance, Series C ,122,212,28,23,92,"May 07, 2020",YYYY-00-DD 00:00:SS,Unknown,
layoff_03581,SeekOut,,United States,Recruiting,series c ,229,19998,16,7,154,2023-10-05,YYYY-00-DD 00:00:SS,Unknown,
layoff_00595,Shopify,Ottawa,Canada,Retail,Post-IPO,10000,,1000,10,122,"July 26, 2022",YYYY-00-DD 00:00:SS,Unknown,
layoff_01920,Sandvine,Waterloo,Canada,Infrastructure,Acquired,250,983,96,50%,63,08/23/2024,28-Aug-2024,Unknown,
layoff_01332,Homeday,Berlin,Germany,Real Estate,Unknown,200,160,40,20,71,2023-09-12,YYYY-00-DD 00:00:SS,Unknown,
layoff_00793,Plum,Bengaluru,India,Healthcare,Series A,360,324,36,10,20,"November 09, 2022",YYYY-00-DD 00:00:SS,Unknown,
layoff_01369,Viasat,,U.S.,Other,post-ipo ,8000,7200,800,10,366,11/02/2023,YYYY-00-DD 00:00:SS,Unknown,
layoff_04501,N-able Technologies,Raleigh,United States,Other,Post-IPO,714,1080,18,10,225,12/09/2022,2022-12-09,Unknown,
layoff_03713,Bardee,Melbourne,Australia,Food ,Seed,20000,122,30,,5,"August 03, 2023",YYYY-00-DD 00:00:SS,Unknown,
layoff_02137,Ola Electric,Bengaluru,India,Transportation,Post-IPO,308,3675,1000,6,1700,03/03/2025,YYYY-00-DD 00:00:SS,Unknown,
layoff_02161,Five9,San Ramon,USA,Support,Post-IPO,3075,2952,123,,862,"April 03, 2025",YYYY-00-DD 00:00:SS,Unknown,
layoff_04289,SSense,Montreal,Canada,Retail,Series A,1971,3056,138,,224,27-Jan-2023,YYYY-00-DD 00:00:SS,,
layoff_03860,  Cerner  ,Kansas City,United States,Healthcare,,360,733,135,33,171,15-Jun-2023,YYYY-00-DD 00:00:SS,,
layoff_02543,Iron Ox,San Francisco,Unknown,"AgTech, food and beverage", unknown  ,100,1993,50,50%,40,"November 02, 2022",YYYY-00-DD 00:00:SS,Private,
layoff_03157,Chegg,SF Bay Area,United States,Education,Post-IPO  ,1127,494,248,,227,05-12-25,YYYY-00-DD 00:00:SS,Unknown,
layoff_01387,Analog Devices,San Jose,United States,MANUFACTURING  ,Post-IPO,220,319,111,10,,12-13-23,YYYY-00-DD 00:00:SS,,
layoff_00180,Lending Club, SAN FRANCISCO  ,United States,Finance,,1533,1073,460,,392,04/21/2020,YYYY-00-DD 00:00:SS,Unknown,
layoff_00573,  lusha  ,New York City,United States,  MARKETING,,300,270,30,10,245,"July 18, 2022","July 18, 2022",,
layoff_00462, breathe  ,New Delhi,India,  Healthcare ,Series A,152,102,50,33,,06/14/2022,16-Jun-2022,Unknown,
layoff_05293,Mapify,Berlin,Germany,Travel,Seed,1171,511,80,,1.3,2020-08-19,YYYY-00-DD 00:00:SS,Unknown,
layoff_04161,PeerStreet,Los Angeles,United States,Real Estate,Series C,410,160,82,46,121,02/21/2023,YYYY-00-DD 00:00:SS,Unknown,
layoff_05322, HAVENLY,Denver,United States,Consumer,Series C,1000,63615,5,,,07-01-20,07/02/2020,Unknown,
layoff_04275,Philips,Amsterdam,Netherlands,Healthcare,Post-IPO,46154,81,6000,13,,01/30/2023,YYYY-00-DD 00:00:SS,Unknown,
layoff_04777,Truepill,SF Bay Area,United States,Healthcare,Series D,50,0,13,24%,255,09-30-22,30-Sep-2022,Unknown,
layoff_01471,Playtika,Tel Aviv,Israel,Consumer,Post-IPO,3000,2700,300,10%,425,11-Jan-2024,"January 12, 2024",Unknown,
layoff_00744,Cerebral,Walnut,United States of America,  HEALTHCARE ,Series C,2000,1600,400,20,462,10-24-22,2022-10-24,Unknown,
layoff_01900,Sonos,Santa Barbara,United States,CONSUMER  ,Post-IPO,1667,1567,100,6,455,14-Aug-2024,14-Aug-2024,Unknown,
layoff_02246,  ConsenSys ,New York City,us,Crypto,Series D,671,624,47,7,726,22-Jul-2025,2025-07-22,Unknown,
layoff_04002,Utopia Music,Zug,Switzerland,Other,Series B,2000,810,200,15,92,04-17-23,YYYY-00-DD 00:00:SS,Unknown,
layoff_02720,Metromile,San Francisco,Unknown,"  INSURTECH, TRANSPORTATION  ",Unknown,300,0,60,20,163,29-Jul-2022,YYYY-00-DD 00:00:SS,Public,
layoff_01874,  OrCam,Jerusalem,Israel,Healthcare,unknown  ,650,850,200,12%,86,28-Jul-2024,07-29-24,Unknown,
layoff_04135,Twitter,SF Bay Area,United States,Consumer,Post-IPO,2000,,200,,12900,2023-02-25,YYYY-00-DD 00:00:SS,Unknown,
layoff_03968,PharmEasy,Mumbai,India,Healthcare, UNKNOWN ,23,850,20,13,,"May 01, 2023",YYYY-00-DD 00:00:SS,Unknown,
layoff_00545,Verbit,New York City,United States,Data,,800,,80,10,569,07/05/2022,07-05-22,Unknown,
layoff_03069,Chegg,SF Bay Area,United States,,Post-IPO,862,36,388,45%,227,"October 27, 2025",10-28-25,Unknown,
layoff_00235,Numbrs,Zurich,Switzerland,Finance,Series B,124,62,62,50,78,05/07/2020,YYYY-00-DD 00:00:SS,Unknown,
layoff_02430,80 Acres Farms,"Hamilton, OH",Unknown,"indoor farming, agtech",Unknown,3200,187,99,10,26,01/18/2023,2023-01-18,Private,
layoff_05252,Instacart,SF Bay Area,United States,Food,Unknown,597,0,1877,5,2400,01-21-21,01-21-21,Unknown,
layoff_00564,Wave,Dakar,Senegal,Finance,Series A,2000,,300,,292,2022-07-13,13-Jul-2022,Unknown,
layoff_00585,Clarify Health,San Francisco,United States of America,  healthcare ,,300,285,,5,328,07-22-22,YYYY-00-DD 00:00:SS,Private,
layoff_03221,Cint,Stockholm,Sweden,Data,Post-IPO,7143,277,65,12%,,"December 12, 2024",YYYY-00-DD 00:00:SS,Unknown,
layoff_04925,The Org,"New Delhi, New York City",United States,HR,Series B,88,800,13,9,39,03-Aug-2022,YYYY-00-DD 00:00:SS,Unknown,
layoff_01168,Gloat,New York City,U.S.A.,HR,Series D,292,257,35,12,,"April 20, 2023",YYYY-00-DD 00:00:SS,Unknown,
layoff_04974,Callisto Media,SF Bay Area,,Media,Series D,400,529,140,35%,15,2022-07-21,"July 21, 2022",Unknown,
layoff_01696,Pax8,Greenwood Village,us,IT Services,Unknown,40000,39200,800,5,400,04-18-24,YYYY-00-DD 00:00:SS,Unknown,
layoff_02599,Olive,  columbus  ,,Health Care,Series H,1452,15750,450,31,856,19-Jul-2022,"July 19, 2022",Private,
layoff_00330,  aya,Toronto,Canada,Finance ,Seed,20,15,5,25,3,2020-11-19,19-Nov-2020,Unknown,
layoff_05187,NETFLIX,SF Bay Area,USA,Media,Post-IPO,575,397,25,31,,28-Apr-2022,2022-05-12,Unknown,
layoff_05372,Datera,SF Bay Area,us,Infrastructure,Series C,6750,160,40,,63,05/18/2020,"May 18, 2020",Unknown,
layoff_01856,SadaPay, Islamabad  ,Pakistan,Finance,Acquired,889,1380,123,30%,,07-12-24,YYYY-00-DD 00:00:SS,,
layoff_04398,Jellyfish,Boston,United States,product  ,,320,160,34,9%,,01/13/2023,"January 14, 2023",Unknown,
layoff_03364,Phantom Auto,SF Bay Area,us,,Unknown,100,3675,100,100,86,"March 12, 2024",YYYY-00-DD 00:00:SS,Unknown,
layoff_00995,Uber Freight,San Francisco,United States,  logistics,Subsidiary,5000,,150,3,2700,2023-01-23,YYYY-00-DD 00:00:SS,Unknown,
layoff_01736,Hopin,  London ,United Kingdom,other  ,series d,2635,2625,4800,10%,1000,05/07/2024,YYYY-00-DD 00:00:SS,Unknown,
layoff_01684,TikTok,Dublin,Ireland,Entertainment Providers,Acquired,12000,397,250,5,4100,"April 13, 2024",YYYY-00-DD 00:00:SS,Unknown,
layoff_02119,Zendesk,San Francisco,United States,Support,  Acquired ,980,345,51,7%,85,21-Feb-2025,YYYY-00-DD 00:00:SS,Unknown,
layoff_02622,Autograph,"Santa Monica, CA",Unknown,"cryptocurrency, blockchain",Unknown,50000,1395,150,20,14,16-Dec-2022,"December 16, 2022",,
layoff_02592,Vial,San Francisco,,"health care, clinical trials",,300,771,40,95,,2023-01-13,13-Jan-2023,Private,
layoff_05279,Air,New York City,United States,Marketing,Series A,333,65,60,16,18,09/16/2020,2020-09-21,Unknown,
layoff_02691,BigBear.ai,"Columbia, MD",Unknown,"data analytics, national defense  ",Unknown,150,627,450,7,455,2022-09-08,YYYY-00-DD 00:00:SS,Public,
layoff_03606,Foodpanda,Singapore,Singapore,  FOOD  ,Acquired,3333,3917,3300,30,749,"September 22, 2023",09-24-23,,
layoff_05434,Desktop Metal, boston  ,U.S.,Other,,225,776,284,20%,436,2020-04-28,YYYY-00-DD 00:00:SS,Unknown,
layoff_00175,Movidesk,Blumenau,Brazil,Support,Seed,132,,33,25,1,2020-04-20,04-27-20,Unknown,
layoff_04330,Vox Media,Washington D.C.,U.S.A.,Media,series f,1857,450,130,,307,20-Jan-2023,YYYY-00-DD 00:00:SS,Unknown,
layoff_02676,Amazon,Seattle ,Unknown,"E-commerce, SaaS",Unknown,360000,44,18000,5,47,05-Jan-2023,YYYY-00-DD 00:00:SS,Public,
layoff_00856,Teachmint,Bengaluru,India, EDUCATION ,Series B,900,855,45,,118,2022-11-30,YYYY-00-DD 00:00:SS,Unknown,
layoff_00977,Sophos,Oxford,United Kingdom,Security,,4500,4050,450,10%,,18-Jan-2023,YYYY-00-DD 00:00:SS,Unknown,
layoff_04910,Labelbox,SF Bay Area,United States,Data,Series D,762,683,36,10,188,"August 08, 2022",YYYY-00-DD 00:00:SS,Unknown,
layoff_00238,Cadre,New York City,us,Real Estate,Series C,112,84,28,,133,05/11/2020,05/11/2020,Unknown,
layoff_02633,  amobee  ,"Redwood City, CA",n/a," ADTECH, DIGITAL MARKETING", Unknown  ,1176,222,23,25,20,"November 09, 2022",YYYY-00-DD 00:00:SS,Private,
layoff_05544,Traveloka,,Indonesia,Travel,Unknown,1000,439,100,10,359,04/03/2020,YYYY-00-DD 00:00:SS,Unknown,
layoff_01089,Outreach,Seattle,United States of America,Sales,Series G,1000,930,70,7%,489,27-Feb-2023,YYYY-00-DD 00:00:SS,Unknown,
layoff_04243,Snowplow,London,United Kingdom,Data,Series B,1429,683,40,28,55,02-Feb-2023,YYYY-00-DD 00:00:SS,Unknown,
layoff_05077,StreamElements,Tel Aviv,Israel,Media,Series B,1950,150,85,,111,06/23/2022,06/24/2022,Unknown,
layoff_00150, VSCO,Oakland,U.S.,Consumer,Series B,129,84,45,35,90,04/14/2020,YYYY-00-DD 00:00:SS,Unknown,
layoff_01627, PLANETSCALE,San Francisco,USA,Data,Series C,342,940,200,16.7%,105,06-Mar-2024,YYYY-00-DD 00:00:SS,Unknown,
layoff_03148,Intel,Tel Aviv,Israel,Hardware,Post-IPO,18571,797,614,7,12,06/17/2025,"July 17, 2025",Unknown,
layoff_02591,Balto,St. Louis,us,"Artificial intelligence, machine learning",Series B,100,70,35,76%,51,2022-12-12,2022-12-13,Private,
layoff_01747,Motional,Pittsburgh,U.S.A.,Transportation,Unknown,1375,825,550,40,214,05-10-24,YYYY-00-DD 00:00:SS,Unknown,
layoff_01016,Impossible Foods,Redwood City,United States,Food,Series H,700,560,140,20%,1900,2023-01-30,YYYY-00-DD 00:00:SS,Unknown,
layoff_02507,Hyperscience,New York,N/A,AI,,400,,,25%,304,"March 03, 2022",YYYY-00-DD 00:00:SS,Private,
layoff_03897,Glamyo Health,New Delhi,India,Healthcare,,2000,390,160,20,9,"June 01, 2023",YYYY-00-DD 00:00:SS,Unknown,
layoff_03159,Games 24x7,Mumbai,India,Consumer,Unknown,417,162,180,100%,75,05/07/2025,02-Sep-2025,Unknown,
layoff_02269,F5, SEATTLE  ,United States,networking and security,Post-IPO,5300,7700,106,2,105,13-Aug-2025,08/18/2025,Unknown,
layoff_01090,Palantir,Denver,United States of America,  Data ,Post-IPO,3750,3675,75,,3000,2023-02-27,02-27-23,Unknown,
layoff_01353,Lending Club,San Francisco,United States,Finance,Post-IPO,1229,1057,172,,392,"October 12, 2023",YYYY-00-DD 00:00:SS,Unknown,
layoff_05299,Mozilla,  sf bay area,us,Consumer,Unknown,1000,800,250,25%,2.3,08/11/2020,YYYY-00-DD 00:00:SS,Unknown,
layoff_04956,2U,Washington D.C.,United States,Education,Post-IPO,6667,,90,20,426,07/28/2022,YYYY-00-DD 00:00:SS,,
layoff_03020,Playtika,Tel Aviv,Israel,Consumer,Post-IPO,3333,465,,15,9400,01-14-26,YYYY-00-DD 00:00:SS,Unknown,
layoff_04753, hellofresh  ,SF Bay Area,United States,Food,Post-IPO,570,29,611,,367,10-Oct-2022,10-16-22,Unknown,
layoff_00939,Coinbase,San Francisco,United States,,POST-IPO  ,4750,3800,950,20%,549,2023-01-10,YYYY-00-DD 00:00:SS,Public,
layoff_00502,Ethos Life,San Francisco,United States,Finance,Series D,333,,40,12,406,24-Jun-2022,YYYY-00-DD 00:00:SS,Private,
layoff_02042,Carousell,Singapore,Singapore,Retail, UNKNOWN,1086,1010,76,7,375,12-06-24,YYYY-00-DD 00:00:SS,Unknown,
layoff_04819,GoStudent, VIENNA,Austria,  education,Series D,176,129,200,90,686,08-Sep-2022,2022-09-09,Unknown,
layoff_01197,Shopify,Ottawa,Canada,Retail, post-ipo ,11500,9200,2300,20,122,05/04/2023,05/04/2023,Unknown,
layoff_00989,Vox Media,Washington DC,United States of America,Media,Series F,1857,1727,130,7%,307,20-Jan-2023,YYYY-00-DD 00:00:SS,Unknown,
layoff_02340, axonius  ,New York City,United States,, SERIES E ,909,809,100,,865,2025-11-06,2025-11-07,Unknown,
layoff_02283,Gupshup,San Francisco,U.S.,IT Services and IT Consulting,Unknown,600000,588000,100,3%,375,09-04-25,YYYY-00-DD 00:00:SS,Unknown,
layoff_03638,Better.com,New York City,United States of America,Real Estate,Unknown,300,230,56,10%,905,09/06/2023,YYYY-00-DD 00:00:SS,Unknown,
layoff_01626, Meta ,Menlo Park,,Consumer,Post-IPO,909,560,500,35,26,"March 06, 2024",03-06-24,Unknown,
layoff_02724,2U,"Hyattsville, MD",,Edtech,Unknown,128,647,32,20,,2022-08-01,YYYY-00-DD 00:00:SS,Public,
layoff_02765,ServiceNow,SF Bay Area,United States,Support,Post-IPO,760,0,,9,84,28-Jul-2026,"July 29, 2026",Unknown,
layoff_01750,Mighty Kingdom,adelaide  ,,Gaming,Unknown,140,360,70,,49,13-May-2024,YYYY-00-DD 00:00:SS,Unknown,
layoff_05366,Divvy,Salt Lake City,United States,Finance,Series C,2900,182,15,,252,05/19/2020,YYYY-00-DD 00:00:SS,Unknown,
layoff_03286,Fastly,SF BAY AREA,U.S.,Infrastructure,Post-IPO,100,80750,1000,11,219,08-Aug-2024,YYYY-00-DD 00:00:SS,Unknown,
layoff_02830,Matter Labs,Berlin,Germany,Crypto,Unknown,178,624,,15%,308,"June 16, 2026",YYYY-00-DD 00:00:SS,Unknown,
layoff_00251,Lendingkart,Ahmedabad,India,FINANCE  ,Unknown,1000,500,500,50,200,05/15/2020,05/15/2020,Unknown,
layoff_02344,Deepwatch,Tampa,United States,Cybersecurity,Unknown,909,809,80,5,865,"November 12, 2025",YYYY-00-DD 00:00:SS,Unknown,
layoff_04429,Citrix,Miami,United States,Infrastructure,,60,,15,,20,01-10-23,01/11/2023,Unknown,
layoff_02033,AlphaSense,New York City,us,  OTHER ,Series F,1875,1725,150,8,1,11-27-24,YYYY-00-DD 00:00:SS,Unknown,
layoff_03886, reddit  ,SF Bay Area,U.S.A.,Consumer,Series F,1800,369,90,5%,,2023-06-06,YYYY-00-DD 00:00:SS,Unknown,
layoff_03808,DayTwo,SF Bay Area,United States,,Series B,1900,200,15,18,90,06-Jul-2023,YYYY-00-DD 00:00:SS,Unknown,
layoff_03407,2U,Washington D.C.,us,Education,Post-IPO,1433,50,76,35%,426,01-22-24,YYYY-00-DD 00:00:SS,Unknown,
layoff_05320,Sharethrough,SF Bay Area,United States of America, MARKETING,Series D,4000,,18,5%,38,07/01/2020,02-Jul-2020,Unknown,
layoff_00205,PayJoy,San Francisco,U.S.A.,Finance, series b,108,81,27,,71,04-28-20,YYYY-00-DD 00:00:SS,Unknown,
layoff_02309,Simpl,Bengaluru,India,Consumer Services,Series B,375,708,80,,72,2025-10-01,"October 01, 2025",Unknown,
layoff_04199,Open Co,Sao Paulo,Brazil,Finance,Series D,230,120,75,29,,2023-02-10,YYYY-00-DD 00:00:SS,,
layoff_01819,Wex,,United States,Finance,Post-IPO,7500,7125,375,5,400,06/18/2024,06-23-24,Unknown,
layoff_00538,Bullish,Hong Kong,Hong Kong,Crypto,Unknown,375,345,30,,300,05-Jul-2022,YYYY-00-DD 00:00:SS,Unknown,
layoff_03118,Nextdoor,,us,Consumer,Post-IPO,558,1820,67,12,736,2025-08-07,08/18/2025,Unknown,
layoff_04769,Fivetran,SF Bay Area,United States,Data,Series D,300,189,40,5,114,"October 04, 2022",YYYY-00-DD 00:00:SS,Unknown,
layoff_01515,Swiggy,Bengaluru,India,Food,Unknown,5714,,400,7%,4,2024-01-25,YYYY-00-DD 00:00:SS,Unknown,
layoff_01810,Loop, austin  ,United States,Insurance,Series A,30,7,23,77,34,"June 17, 2024",YYYY-00-DD 00:00:SS,Unknown,
layoff_01013,Chrono24,Karlsruhe,Germany,,Series C,500,435,65,13,205,30-Jan-2023,YYYY-00-DD 00:00:SS,Unknown,
layoff_00737,Loom,  San Francisco  ,United States,Product,Series C,209,186,23,11,203,"October 20, 2022",YYYY-00-DD 00:00:SS,Private,
layoff_03501,OSlash,Bengaluru  ,India,  Other ,Seed,161538,9500,13,100,7,2023-11-09,YYYY-00-DD 00:00:SS,Unknown,
layoff_02066,Wayfair,Berlin,Germany,Retail,Post-IPO,24333,23603,730,3,1700,"January 10, 2025",YYYY-00-DD 00:00:SS,Unknown,
layoff_01057, ree automotive ,Tel Aviv,Israel,  Transportation ,  Post-IPO  ,282,251,31,,,09-Feb-2023,YYYY-00-DD 00:00:SS,Unknown,
layoff_00850,CoinJar,Melbourne,Australia,Crypto,Unknown,50,40,10,,1,11/29/2022,30-Nov-2022,Unknown,
layoff_04025,Finder,Sydney,Australia,,Unknown,1000,,40,50,,04-04-23,YYYY-00-DD 00:00:SS,Unknown,
layoff_03088,Yolo Group,Tallinn,Estonia,Finance,Unknown,667,255,280,23,,09-23-25,05/20/2026,Unknown,
layoff_02266,Bithell Games, SUFFOLK,United Kingdom,Computer Games,Unknown,4000,25,11,50,21,2025-08-11,YYYY-00-DD 00:00:SS,Unknown,
layoff_02531,TruePill,"Hayward, CA",unknown,"pharmaceutical, health care",Unknown,152,494,281,33,12,2022-09-30,YYYY-00-DD 00:00:SS,Private,
layoff_01710,A2Mac1 LLC,Belleville,USA,Software Development,Unknown,20,356,70,20,547,04/26/2024,YYYY-00-DD 00:00:SS,Unknown,
layoff_02436,Tipalti,San Mateo,Unknown,FINTECH  ,Unknown,1118,624,123,11,283,11-Jan-2023,YYYY-00-DD 00:00:SS,Private,
layoff_02082,Moon Active,Tel Aviv,Israel,Consumer,Unknown,13400,933,80,6,425,01/27/2025,YYYY-00-DD 00:00:SS,Unknown,
layoff_00583,RealSelf,Seattle,United States,  HEALTHCARE , SERIES B  ,220,209,11,5,,07/21/2022,YYYY-00-DD 00:00:SS,,
layoff_02193,Hims & Hers,San Francisco,U.S.,Healthcare,Post-IPO,1700,,68,4%,1200,05-20-25,YYYY-00-DD 00:00:SS,Unknown,
layoff_04690, iron ox  ,SF Bay Area,United States,Food,Series C,100,2400,50,50,103,2022-11-02,YYYY-00-DD 00:00:SS,Unknown,
layoff_00645,ALAYACARE ,Montreal,Canada,Healthcare,Series D,571,,80,14,293,08-16-22,08/17/2022,Unknown,
layoff_02434,Carta,,Unknown,Fintech,Unknown,2000,,200,10%,301,01-11-23,YYYY-00-DD 00:00:SS,Private,
layoff_01420,The Messenger,New York City,United States,Media,Unknown,400,,24,3,163,"January 02, 2024",YYYY-00-DD 00:00:SS,Unknown,
layoff_00702, foxtrot  ,Chicago,United States,Food,Series C,650,624,26,4,166,09-23-22,YYYY-00-DD 00:00:SS,Private,
layoff_00263,Stay Alfred,  Spokane ,us,Travel,Series B,221,0,221,100%,62,2020-05-20,YYYY-00-DD 00:00:SS,Unknown,
layoff_04842,Artnight,Berlin,Germany,Retail,  UNKNOWN ,72,990,26,36,269,08/31/2022,YYYY-00-DD 00:00:SS,Unknown,
layoff_00190,Zenefits, SAN FRANCISCO,United States,  HR,Series C,580,493,87,15,583,"April 23, 2020",YYYY-00-DD 00:00:SS,Unknown,
layoff_05016,Apeel Sciences,Santa Barbara,United States,Food, SERIES E  ,1857,50,140,6,640,"July 11, 2022",YYYY-00-DD 00:00:SS,Unknown,
layoff_02231,Eigen Labs,Seattle,United States,Software Development,Unknown,116,190000,29,25,234,08-Jul-2025,YYYY-00-DD 00:00:SS,Unknown,
layoff_04660,Faze Medicines,,United States,Healthcare,Series B,131,93,15,100,81,2022-11-09,YYYY-00-DD 00:00:SS,Unknown,
layoff_00966,Unity,San Francisco,United States,Other,Post-IPO,9467,9183,284,3%,1300,01/17/2023,YYYY-00-DD 00:00:SS,Public,
layoff_04518,Houzz,SF Bay Area,United States,Consumer,,1188,1395,95,8,613,12/07/2022,12/21/2022,Unknown,
layoff_03872,23andMe,SF Bay Area,United States,Healthcare,post-ipo  ,833,405,75,,1100,"June 09, 2023",YYYY-00-DD 00:00:SS,Unknown,
layoff_02125,Flywire,Boston,United States,Finance,Series E,113,1567,,,263,2025-02-26,03-01-25,Unknown,
layoff_01498,eBay,San Francisco,United States,e-commerce,Post-IPO,11111,10111,1000,9%,1,01/23/2024,01/23/2024,Unknown,
layoff_05404, AIRBNB  ,SF Bay Area,United States,Travel,Private Equity,7600,5700,1900,25%,5400,"May 05, 2020",05-May-2020,Unknown,
layoff_04740,Qin1,Noida,India,Education,Seed,750,2544,2500,100%,130,"October 14, 2022",10/15/2022,Unknown,
layoff_03281,DayTwo,SF Bay Area,United States of America,Healthcare,Series B,388,733,180,100%,90,08/13/2024,"August 14, 2024",,
layoff_01031,Workato, MOUNTAIN VIEW ,United States,other  ,Series E,900,810,90,10,415,02/01/2023,YYYY-00-DD 00:00:SS,Unknown,
layoff_02244,Rocket Companies,  detroit,us,Financial Services,Unknown,833,0,100,2,15,2025-07-21,07-21-25,Unknown,
layoff_05182,Vise,New York City,United States,Finance,Series C,7143,,25,18,128,"May 04, 2022",04-May-2022,Unknown,
layoff_00455,Crypto.com, singapore  ,Singapore,Crypto,Unknown,5200,4940,260,,156,06-10-22,2022-06-11,Unknown,
layoff_00341,Treehouse,,us,Education,Series B,46,5,41,90%,12,09-14-21,YYYY-00-DD 00:00:SS,Unknown,
layoff_02565,Haus,"  healdsburg, ca",Unknown,  food and beverage,  UNKNOWN,6154,380,75,,549,2022-08-08,YYYY-00-DD 00:00:SS,Private,
layoff_03381,Instacart,  SF BAY AREA,United States,Food,Post-IPO,3571,0,250,,2900,02-13-24,YYYY-00-DD 00:00:SS,Unknown,
layoff_04377,GoMechanic,Gurugram,India,Transportation,Series C,700,198,100,70,54,"January 17, 2023",18-Jan-2023,Unknown,
layoff_03194,Unity,SF Bay Area,United States,Other,Post-IPO,700,263,200,3%,1300,"February 11, 2025",02-12-25,Unknown,
layoff_00051,PeerStreet,Los Angeles,U.S.,,Series C,170,119,51,30,110,"March 30, 2020",YYYY-00-DD 00:00:SS,Unknown,
layoff_05068,Feather,New York City,United States,Retail,Unknown,667,4320,150,50,76,2022-06-24,06/25/2022,Unknown,
layoff_03303,  Emma Sleep,Frankfurt,,  retail,Acquired,1111,51,200,,,19-Jun-2024,YYYY-00-DD 00:00:SS,Unknown,
layoff_02427,Firework,San Francisco,Unknown,"e-commerce, retail",Unknown,3000,111,150,10,1,11-29-22,YYYY-00-DD 00:00:SS,Private,
layoff_00653,NSO,Tel Aviv,Israel,Security,Seed,714,614,100,14,1,2022-08-21,YYYY-00-DD 00:00:SS,Unknown,
layoff_01497,Cure.fit,Bengaluru,India,Fitness,Series F,4167,546,120,11,625,2024-01-23,YYYY-00-DD 00:00:SS,Unknown,
layoff_03019,Informatica,SF Bay Area,United States,Data,,259,688,35,10,138,15-Jan-2026,YYYY-00-DD 00:00:SS,Unknown,
layoff_05398,UBER  ,SF Bay Area,United States,Transportation,Post-IPO,26429,17250,3700,14,24700,"May 06, 2020","May 06, 2020",Unknown,
layoff_04748,Sketch,The Hague,Netherlands,Other,Series A,119,,80,10,20,"October 11, 2022",YYYY-00-DD 00:00:SS,Unknown,
layoff_03682,CircleCI,SF Bay Area,United States,Product,Series F,300,810,630,9%,315,"August 17, 2023",YYYY-00-DD 00:00:SS,Unknown,
layoff_01042,Openpay,Melbourne,Australia,Finance,Post-IPO,83,0,83,100,,02/07/2023,YYYY-00-DD 00:00:SS,Unknown,
layoff_04969,Arete,Miami,United States,Security,Unknown,300,1216,100,100,52,2022-07-22,YYYY-00-DD 00:00:SS,Unknown,
layoff_04393,Vial,SF Bay Area,United States,  HEALTHCARE,Series B,3000,209,40,10,101,01-13-23,YYYY-00-DD 00:00:SS,Unknown,
layoff_04625,Whispir,Melbourne,Australia,Other,Post-IPO,7200,5130,80,30%,68,15-Nov-2022,YYYY-00-DD 00:00:SS,Unknown,
layoff_02138,Rec Room,Seattle,United States,Consumer,Series F,1428,0,250,16,,03-03-25,YYYY-00-DD 00:00:SS,Unknown,
layoff_04642,InfluxData,SF Bay Area,United States,Data,Series D,241,663,65,27%,119,2022-11-10,YYYY-00-DD 00:00:SS,Unknown,
layoff_01163,Culture Amp,Melbourne,Australia,HR,Series F,1000,910,90,9,257,18-Apr-2023,04-19-23,Unknown,
layoff_01959,FreshBooks,  TORONTO,Canada,Finance,Unknown,1000,970,140,20,331,2024-10-01,YYYY-00-DD 00:00:SS,Unknown,
layoff_00559,Bryter,Berlin,Germany,Product,Series B,333,233,100,30,89,13-Jul-2022,YYYY-00-DD 00:00:SS,Unknown,
layoff_04444,Twitter,SF Bay Area ,United States of America,Consumer,,925,630,40,10%,12900,"January 05, 2023",YYYY-00-DD 00:00:SS,Unknown,
layoff_05046,Toppr,MUMBAI  ,India,Education,,600,558,350,10%,112,29-Jun-2022,YYYY-00-DD 00:00:SS,Unknown,
layoff_02496,Brightline,"Palo Alto, CA",n/a,Health care,Unknown,153,2587,46,20%,72,2022-11-01,"November 01, 2022",Private,
layoff_00407,Klarna,Stockholm,Sweden,Finance,Unknown,7000,,700,10,3700,05/23/2022,YYYY-00-DD 00:00:SS,,
layoff_02507,Hyperscience,New York,N/A,AI,,400,,,25%,304,"March 03, 2022",YYYY-00-DD 00:00:SS,Private,
layoff_01094,PayFit,Paris,France,HR,Series E,1000,800,200,20,,2023-03-01,YYYY-00-DD 00:00:SS,Unknown,
layoff_01553,Meetup,New York City,United States,Consumer,,3500,1140,139,13.6%,18,2024-02-05,YYYY-00-DD 00:00:SS,Unknown,
layoff_03256,Grabango,sf bay area  ,United States,Food,Unknown,5500,120,2500,100%,,"October 09, 2024",YYYY-00-DD 00:00:SS,Unknown,
layoff_00854,Happy Money,Los Angeles,United States,Finance,Series D,465,307,158,34,191,11/30/2022,YYYY-00-DD 00:00:SS,Private,
layoff_01433,Flipkart,Bengaluru,India,Retail,acquired ,22000,20900,,5%,13,01/08/2024,YYYY-00-DD 00:00:SS,Unknown,
layoff_02675,Varonis Systems,New York,unknown,Cybersecurity,Unknown,2200,809,110,5,865,11-06-22,11-06-22,,
layoff_00620,On Deck,San Francisco,U.S.A.,  EDUCATION,Series A,221,148,73,33,,2022-08-04,2022-08-04,Private,
layoff_04724,Sales Boomerang, baltimore ,United States of America,Sales,Private Equity,80000,60,20,7,,"October 20, 2022",YYYY-00-DD 00:00:SS,Unknown,
layoff_03741,Datree,SF Bay Area,U.S.A.,Other,Seed,13,1390,137,100%,11,2023-07-27,YYYY-00-DD 00:00:SS,Unknown,
layoff_00023,  wanderjaunt,San Francisco,United States,Travel,Series B,243,187,56,23%,26,25-Mar-2020,YYYY-00-DD 00:00:SS,Unknown,
layoff_03445,Atmosphere,Austin,U.S.,Other,Series D,1875,1820,13,15,214,2023-12-07,"December 07, 2023",Unknown,
layoff_04527,Koinly,London,United Kingdom,Crypto,,114,63,16,,607,"December 06, 2022",YYYY-00-DD 00:00:SS,Unknown,
layoff_02851,Aleph Farms,Tel Aviv,Israel,Food,Unknown,893,0,10,100,119,2026-06-02,YYYY-00-DD 00:00:SS,Unknown,
layoff_02480, Socure ,"Incline Village, NV",N/A,"cybsersecurity, predictive analytics",Unknown,547,2625,,19,118,"January 05, 2023",YYYY-00-DD 00:00:SS,,
layoff_01174,Rapid,San Francisco,U.S.,Finance,Series D,230,115,115,50%,272,04-25-23,YYYY-00-DD 00:00:SS,Unknown,
layoff_00283,Monzo,London,United Kingdom,Finance,Series F,1500,1380,120,8,324,06-03-20,06/03/2020,Unknown,
layoff_05393,Petal,New York City,us,Finance,Series B,7143,,172,11%,47,2020-05-12,"May 15, 2020",Unknown,
layoff_00058, TURO  ,San Francisco,United States,Transportation,,360,252,108,30,467,31-Mar-2020,03/31/2020,Unknown,
layoff_04149,Messari,  NEW YORK CITY  ,,Crypto,Series B,125,22,74,15,61,02/23/2023,02/23/2023,Unknown,
layoff_02989, Axonius  ,New York City,USA,Security,Series E,1000,4387,40,4,865,02/15/2026,YYYY-00-DD 00:00:SS,Unknown,
layoff_03656,Kenko Health,Mumbai,India,Healthcare,Unknown,250,789,50,20,14,08/29/2023,29-Aug-2023,Unknown,
layoff_01596,Affirm,Pittsburgh,United States of America,finance , post-ipo,6667,1064,60,40,,21-Feb-2024,YYYY-00-DD 00:00:SS,Unknown,
layoff_03014, shopify,Ottawa,Canada,  retail,  Post-IPO  ,1400,348,200,2%,,01/22/2026,26-Jan-2026,Unknown,
layoff_03599,2U,Washington D.C.,United States,Education,Post-IPO,48,,60,30%,426,09/28/2023,09/29/2023,Unknown,
layoff_04168,Digimarc,Portland,United States of America,Other,Post-IPO,750,6360,15,,105,2023-02-17,YYYY-00-DD 00:00:SS,Unknown,
layoff_00444,Truepill,Hayward,United States,Healthcare,Series D,1000,850,150,15%,,06-08-22,YYYY-00-DD 00:00:SS,Unknown,
, BALLY'S INTERACTIVE,Providence,,Consumer,Post-IPO,833,1276,80,,946,01-18-23,"January 21, 2023",Unknown,
layoff_02956,Algorand Foundation,Singapore,Singapore,Crypto,Unknown,6111,360,60,25%,6,18-Mar-2026,YYYY-00-DD 00:00:SS,,
layoff_05169,Skillz,SF Bay Area,,Consumer,Post-IPO,700,465,70,10,287,2022-05-20,2022-05-21,Unknown,
layoff_03821,Stripe,  SF Bay Area ,United States,Finance,Series I,250,99,26,,8700,29-Jun-2023,YYYY-00-DD 00:00:SS,Unknown,
layoff_02323,  META ,Menlo Park,USA,Software Development,Unknown,116,356,600,25,245,22-Oct-2025,YYYY-00-DD 00:00:SS,Unknown,
layoff_02144, D-ID  ,Tel Aviv,Israel,AI,Series B,88,66,,25,48,2025-03-10,YYYY-00-DD 00:00:SS,Unknown,
layoff_00493,Superpedestrian,Boston,United States,Transportation,Series C,500,465,35,7%,261,2022-06-22,23-Jun-2022,Unknown,
layoff_03974,Dropbox,  SF BAY AREA ,USA,Other,POST-IPO,3125,0,500,16,1700,04-27-23,YYYY-00-DD 00:00:SS,Unknown,
layoff_04863,Plato,SF Bay Area,us,HR,Seed,58,144,29,50,3,08/23/2022,2022-08-26,Unknown,
layoff_02783,Polygon,Cayman Islands,Cayman Islands,Crypto,Unknown,5200,,70,12,451,"July 16, 2026",YYYY-00-DD 00:00:SS,Unknown,
layoff_05382,workfront , salt lake city ,United States,Marketing, series c ,500,1456,400,,,05-14-20,05-14-20,Unknown,
layoff_05234,SumUp,,United Kingdom,Finance,unknown ,198,178,100,20,,05/05/2021,"May 06, 2021",Unknown,
layoff_02343,Sonder,San Francisco,United States,,Unknown,6154,5354,800,100%,834,11-10-25,YYYY-00-DD 00:00:SS,Unknown,
layoff_03784,CyberGRX,Denver,U.S.A.,security  ,Acquired,5900,467,100,7,99,"July 12, 2023","July 13, 2023",Unknown,
layoff_04089,Shopee,Jakarta,Indonesia,Food,Unknown,150,0,200,35,1800,09-Mar-2023,10-Mar-2023,Unknown,
layoff_01275,Deepwatch,Tampa Bay,United States,Security, Series C,429,399,30,7,256,2023-07-13,"July 14, 2023",Unknown,
layoff_02489,Lacework ,San Jose,Unknown,Cybersecurity,Unknown,1000,809,200,,,26-May-2022,YYYY-00-DD 00:00:SS,Private,
layoff_02795,PokerStars,Leeds,United Kingdom,Consumer,Acquired,222,84,25,30,26000,07/07/2026,2026-07-08,Unknown,
layoff_04327,Yext,New York City,United States,  Marketing ,Post-IPO,210,1229,30,8,,2023-01-23,YYYY-00-DD 00:00:SS,Unknown,
layoff_02302,Google,MOUNTAIN VIEW ,United States, software development  ,Unknown,175,356,200,5,34,16-Sep-2025,09/16/2025,Unknown,
layoff_01289,Eroad,Auckland,New Zealand,Transportation,Unknown,645,445,200,31,46,2023-07-28,2023-08-01,Unknown,
layoff_02511,Vise,New York,Unknown,Fintech,Unknown,100,1416,25,25,3700,2022-05-04,YYYY-00-DD 00:00:SS,Private,
layoff_01361,StellarAlgo,Calgary,Canada,Data,Series A,75,54,21,28,16,10/19/2023,YYYY-00-DD 00:00:SS,Unknown,
layoff_01104,SiriusXM,New York City,United States,Media,  Post-IPO  ,5938,5463,475,8,,06-Mar-2023,03/07/2023,Unknown,
layoff_02722,Sezzle,Minneapolis,United States,Fintech,Post-IPO,150,50,83,,301,"March 10, 2022",03/11/2022,Public,
layoff_04053,Rackspace,San Antonio,United States,Data,Acquired,380,59,275,5%,17,03-27-23,28-Mar-2023,Unknown,
layoff_04222,Catch.com.au,Melbourne,Australia,Retail,acquired,1111,170,,40,80,02-06-23,YYYY-00-DD 00:00:SS,Unknown,
layoff_03315,Simpl,Bengaluru,India,Finance,Series B,400,1200,30,100,72,06-Jun-2024,YYYY-00-DD 00:00:SS,Unknown,
layoff_01295,Vesttoo,Tel Aviv,Israel,Finance,Series C,200,50,150,75,110,08/01/2023,2023-08-03,Unknown,
layoff_03566,  Neon ,Sao Paulo,Brazil,Finance,Series D,439,1195,180,40,727,2023-10-10,02-16-24,Unknown,
layoff_04096, Catch  ,New York City,United States,Finance,Series A,45,81,30,100,18,"March 07, 2023",YYYY-00-DD 00:00:SS,Unknown,
layoff_04526, Chipper Cash ,SF Bay Area,United States,Finance,Series C,400,360,50,12.5%,302,06-Dec-2022,YYYY-00-DD 00:00:SS,Unknown,
layoff_04978,Mural,SF Bay Area,U.S.A.,Product,Series C,243,1016,19,,192,"July 21, 2022",YYYY-00-DD 00:00:SS,Unknown,
layoff_03340,Freenome,SF Bay Area,United States,Healthcare,Series E,500,0,100,,1400,04-23-24,YYYY-00-DD 00:00:SS,Unknown,
layoff_05550,Avantage Entertainment,Minneapolis,United States,  media  ,,25,114,5,20,174,04-03-20,YYYY-00-DD 00:00:SS,Unknown,
layoff_03324,Silo,SF Bay Area,United States,food,Series C,144,1727,140,30%,272,05-22-24,YYYY-00-DD 00:00:SS,Unknown,
layoff_00278,Stitch Fix,San Francisco,U.S.,Retail,Post-IPO,7778,6378,1400,18%,79,06/01/2020,YYYY-00-DD 00:00:SS,Unknown,
layoff_02960,Loopio,Toronto,Canada,,Private Equity,300,299,36,12,263,03-13-26,YYYY-00-DD 00:00:SS,Unknown,
layoff_05317,funding circle ,SF Bay Area,U.S.A.,Finance,Post-IPO,370,25278,85,4,,07/08/2020,07-09-20,Unknown,
layoff_03697,Bukalapak,Jakarta,Indonesia,Retail,POST-IPO  ,80,402,300,10,925,08-09-23,08/09/2023,Unknown,
layoff_01562,Grammarly,San Francisco,,Consumer,Unknown,1000,900,230,30%,400,2024-02-07,YYYY-00-DD 00:00:SS,Unknown,
layoff_04554,Nexar,New York City,United States,Transportation,Series D,4000,445,25,11,149,"November 30, 2022",YYYY-00-DD 00:00:SS,Unknown,
layoff_02237,Scale AI,San Francisco,United States,Software Development,Unknown,1429,1229,200,14,1,"July 16, 2025",YYYY-00-DD 00:00:SS,Unknown,
layoff_05332,OYO,Dallas,us,Travel,Series F,694,184,20,100,3200,"June 24, 2020",09-Jul-2020,Unknown,
layoff_01380,ZestMoney, bengaluru  ,India, FINANCE,Series C,150,0,150,100,120,"December 05, 2023",YYYY-00-DD 00:00:SS,Unknown,
layoff_01598,Finder, SYDNEY ,Australia,Retail, Unknown,353,,60,17,30,2024-02-21,02/22/2024,Unknown,
layoff_00774,Pleo,Copenhagen,Denmark,Finance,  series c ,1000,,150,15,428,11-03-22,YYYY-00-DD 00:00:SS,Unknown,
layoff_02777,WSC, Tel Aviv,Israel,Media,Series D,700,148,70,,,21-Jul-2026,YYYY-00-DD 00:00:SS,Unknown,
layoff_02590,Citizen,,N/A,Surveillance,,350,,33,10,,2023-01-11,01-11-23,Private,
layoff_04173,Convoy,  ATLANTA  ,United States,Logistics,,1286,570,120,20,1100,02/16/2023,"February 16, 2023",Unknown,
layoff_02606,The Zebra,"Austin, TX",Unknown,"Insurance, fintech",Unknown,375,0,90,30,417,11/15/2022,YYYY-00-DD 00:00:SS,Private,
layoff_03850,Karakuki,London,United Kingdom,Food,Unknown,95,57,68,100,13,06-20-23,YYYY-00-DD 00:00:SS,Unknown,
layoff_05540,MaxMilhas,Belo Horizonte,Brazil,Travel,Unknown,398,50,167,42,686,2020-04-03,06-Apr-2020,Unknown,
layoff_02093,TripAdvisor,Boston,U.S.,Travel,Post-IPO,624,940,75,3,3,2025-02-04,YYYY-00-DD 00:00:SS,Unknown,
layoff_00904,Headspace,Los Angeles,U.S.,Healthcare,  unknown,1250,1200,50,4,215,"December 14, 2022",YYYY-00-DD 00:00:SS,Unknown,
layoff_04264,PayPal,SF Bay Area,United States,Finance,Post-IPO,28571,,2000,7,216,"January 31, 2023",YYYY-00-DD 00:00:SS,Unknown,
layoff_04252,Cyren,Washington D.C.,U.S.,Security,  post-ipo ,778,1567,121,17,161,02-01-23,YYYY-00-DD 00:00:SS,Unknown,
layoff_03232,AppLovin,SF Bay Area,United States,Marketing,Post-IPO,400,319,120,26%,1600,11-13-24,16-Nov-2024,Unknown,
layoff_01367,Splunk,,United States,Data,,7143,6643,500,7,2400,11-01-23,YYYY-00-DD 00:00:SS,Unknown,
layoff_03687,CoinDesk,New York City,United States of America,Crypto,Acquired,233,40,74,25,7,08-14-23,YYYY-00-DD 00:00:SS,Unknown,
layoff_00805,iFit,Logan,United States,Fitness,Private Equity,1500,1200,300,20%,200,11/14/2022,YYYY-00-DD 00:00:SS,Unknown,
layoff_04231,FAREYE,New Delhi,India,Logistics,Series E,4286,3986,90,13%,150,02-03-23,YYYY-00-DD 00:00:SS,Unknown,
layoff_03489,Singular Genomics,San Diego,United States,Healthcare,Post-IPO,3125,18,39,10,176,"November 15, 2023",YYYY-00-DD 00:00:SS,Unknown,
layoff_04419, LIMEADE,Seattle,U.S.,HR,  SERIES C,58,129,100,15%,33,01/11/2023,YYYY-00-DD 00:00:SS,Unknown,
layoff_01942,Amperity,Seattle,United States,Marketing,Series D,267,137,150,,187,12-Sep-2024,"September 13, 2024",Unknown,
layoff_03143,Nayax,Tel Aviv,Israel,Finance,Post-IPO,1167,1470,70,,245,07/07/2025,08-Dec-2025,Unknown,
layoff_04689,Chargebee,SF Bay Area,United States,Finance,Series H,1420,,142,,468,"November 02, 2022",2022-11-03,Unknown,
layoff_03297,Salesforce,SF Bay Area,United States,Sales,Post-IPO,138,,300,10%,65,07-15-24,07-15-24,Unknown,
layoff_01339,  FLEXE  ,  SEATTLE  ,U.S.A., logistics,Series D,397,266,131,33%,263,26-Sep-2023,"September 27, 2023",Unknown,
layoff_01923,Velo3D,Fremont,United States,Manufacturing,Post-IPO,333,1417,42,,305,2024-08-26,YYYY-00-DD 00:00:SS,Unknown,
layoff_02390,C2FO,"Leawood, KS",Unknown,"Fintech, payments",Unknown,1000,1567,20,2,97,2022-12-09,YYYY-00-DD 00:00:SS,Private,
layoff_04829,Medly,New York City,us,Healthcare,Series C,101,540,48,50,,09/07/2022,YYYY-00-DD 00:00:SS,Unknown,
layoff_03446,Navan,SF Bay Area,us,Travel,Unknown,606,5700,145,35,2200,12-06-23,01-03-24,Unknown,
layoff_02987,Cyberark,Boston,United States,  Security ,Acquired,4167,,500,,1700,02-17-26,YYYY-00-DD 00:00:SS,Unknown,
layoff_01939,Nori,Seattle,United States,Energy,Unknown,555,360,,100,19,09-Sep-2024,YYYY-00-DD 00:00:SS,,
layoff_05623,Nativo,Los Angeles,U.S.,Marketing,,137,113,150,40,35,26-Mar-2020,"April 03, 2020",Unknown,
layoff_05421,AirMap,Los Angeles,United States,Aerospace,Unknown,1170,228,150,25,75,04/30/2020,YYYY-00-DD 00:00:SS,Unknown,
layoff_00621,RenoRun,Montreal,Canada,Construction,Series B,583,513,70,12,163,04-Aug-2022,YYYY-00-DD 00:00:SS,,
layoff_04069,Mr Yum,Melbourne,Australia,Food,Series A,95,153,40,25%,101,21-Mar-2023,YYYY-00-DD 00:00:SS,Unknown,
layoff_04537,Bybit,Singapore,Singapore,Crypto,unknown ,450,,26,30,328,03-Dec-2022,YYYY-00-DD 00:00:SS,Unknown,
layoff_05586,KeepTruckin,SF Bay Area,United States,Logistics,Series D,1939,1197,349,18,227,"March 31, 2020",2020-04-01,Unknown,
layoff_01588,Toast,Boston,United States,  Food ,Post-IPO,5500,4950,550,10,962,2024-02-15,YYYY-00-DD 00:00:SS,Unknown,
layoff_03797,Motive,,United States,Transportation,Series F,158,104,140,,567,10-Jul-2023,YYYY-00-DD 00:00:SS,,
layoff_03607,Recast,Edinburgh,United Kingdom,Media,Series A,580,535,7,100,,09/22/2023,YYYY-00-DD 00:00:SS,Unknown,
layoff_00715,peloton ,New York City,United States,Fitness,Post-IPO,4167,3667,500,12,1900,2022-10-06,YYYY-00-DD 00:00:SS,,
layoff_04277,Groupon,Chicago,United States of America,,Post-IPO,833,911,500,10,1400,01/30/2023,01/31/2023,Unknown,
layoff_04012,Mediafly,Chicago,United States of America,Sales,Private Equity,6800,1080,221,100,,13-Apr-2023,YYYY-00-DD 00:00:SS,Unknown,
layoff_03028,Kaseya,  MIAMI ,United States of America,Security,Private Equity,5000,976,250,5,547,08-Jan-2026,YYYY-00-DD 00:00:SS,Unknown,
layoff_01278,AgentSync,Denver,United States,Finance  ,Series B,279,212,67,24,111,07-19-23,YYYY-00-DD 00:00:SS,Unknown,
layoff_03621,R3,New York City,United States,Crypto,Series A,815,0,42,20,112,09-14-23,YYYY-00-DD 00:00:SS,Unknown,
layoff_02647,Fungible,"Santa Clara, CA",-,cryptocurrency, unknown ,500,300,80,,86,29-Aug-2022,"August 29, 2022",Private,
layoff_02656,Modsy,San Francisco,n/a,E-commerce,Unknown,990,1100,19,17%,7,06/29/2022,YYYY-00-DD 00:00:SS,Private,
layoff_03245,Miro, sf bay area ,United States, Other ,Series C,1528,797,275,18,,"October 30, 2024",YYYY-00-DD 00:00:SS,Unknown,
layoff_01543,Zoom,San Jose,United States,Other,Post-IPO,7500,7350,150,2%,276,01-Feb-2024,2024-02-01,Unknown,
layoff_03942,Toothsi,Mumbai,India,HEALTHCARE  ,Series C,1400,323,20,100,87,12-May-2023,YYYY-00-DD 00:00:SS,Unknown,
layoff_00424,Curve,london  ,United Kingdom,Finance,Series C,650,585,65,10,182,2022-06-01,YYYY-00-DD 00:00:SS,Unknown,
layoff_04814, AMBER GROUP,Hong Kong,Hong Kong,Crypto,,260,652,1000,10,,09/09/2022,YYYY-00-DD 00:00:SS,Unknown,
layoff_05058,WhiteHat Jr,Mumbai,India,Education,,67,319,300,4,11,28-Jun-2022,06/29/2022,Unknown,
layoff_01426,VideoAmp,Los Angeles,U.S.,Marketing,Series F,133,570,80,20%,456,"January 04, 2024",2024-01-05,Unknown,
layoff_01954,FreightWaves,Chattanooga,United States,Logistics,Private Equity,1667,2833,16,20%,92,24-Sep-2024,YYYY-00-DD 00:00:SS,Unknown,
layoff_03910,DHI Group,  New York City  ,us,Recruiting,Post-IPO,530,1133,,10%,29,05/26/2023,YYYY-00-DD 00:00:SS,Unknown,
layoff_00895,OneFootball,  berlin  ,Germany,Marketing,SERIES D ,517,455,,,442,2022-12-09,YYYY-00-DD 00:00:SS,Unknown,
layoff_00973,Jumpcloud,Boulder,United States of America,Security, series f,833,733,100,12,416,01-18-23,YYYY-00-DD 00:00:SS,Unknown,
layoff_04675,benitago group  ,New York City,United States,  retail  ,  SERIES A  ,1250,2700,340,14,380,"November 04, 2022","November 05, 2022",Unknown,
layoff_02476, Lithic ,New York,Unknown,Fintech,Unknown,150,1416,27,18,2,2022-12-07,YYYY-00-DD 00:00:SS,Private,
layoff_01799,Paxos,New York City,United States,Finance,Unknown,325,,65,,543,"June 12, 2024",YYYY-00-DD 00:00:SS,Unknown,
layoff_01052,Deliveroo,London,United Kingdom,Food,Post-IPO,3889,3539,350,9%,1700,2023-02-09,YYYY-00-DD 00:00:SS,Unknown,
layoff_03518,OpenSpace,SF Bay Area,United States,Construction,Series D,583,,140,10,200,"November 02, 2023",YYYY-00-DD 00:00:SS,,
layoff_00069,Showpad,Chicago,U.S.,Marketing, Series D ,433,381,52,,159,04/01/2020,YYYY-00-DD 00:00:SS,,
layoff_03437,ForgeRock,SF Bay Area,U.S.,Other,,1700,315,109,8,234,12/13/2023,YYYY-00-DD 00:00:SS,Unknown,
layoff_04423,Informatica,SF Bay Area,USA,Data,Post-IPO,6429,176,450,7%,,01/10/2023,"January 10, 2023",Unknown,
layoff_02732,Vroom,NEW YORK,Unknown,"Auto, E-commerce",Unknown,1961,120,647,33,20,"August 08, 2022",08-Aug-2022,Public,
layoff_01334,Airtable,San Francisco,U.S.,Product, SERIES F ,878,641,237,,,09/14/2023,09/14/2023,Unknown,
layoff_02156,Northvolt,Stockholm,Sweden,Energy,,4516,1716,2800,62,13800,2025-03-31,YYYY-00-DD 00:00:SS,Unknown,
layoff_00047,Hibob,  TEL AVIV ,Israel,  HR,Series A,233,163,70,30%,45,03-30-20,31-Mar-2020,Unknown,
layoff_01021,Tilting Point,New York City,United States,Consumer,Unknown,429,369,60,14%,235,01-31-23,YYYY-00-DD 00:00:SS,Unknown,
layoff_04169,Reserve,SF Bay Area,United States,Crypto,,600,1000,50,20%,149,2023-02-17,YYYY-00-DD 00:00:SS,Unknown,
layoff_02986,Xero,Wellington,New Zealand,Finance,Post-IPO,11638,23,250,10%,681,02-18-26,YYYY-00-DD 00:00:SS,Unknown,
layoff_02173,GupShup,Fremont,India,Other,,2000,842,200,5%,484,"April 25, 2025",YYYY-00-DD 00:00:SS,Unknown,
layoff_03983,  Rapid ,SF Bay Area,United States,Finance,Series D,230,760,115,50,,2023-04-25,04-25-23,Unknown,
layoff_04905,Haus,SF Bay Area,us,Food,Seed,5714,3233,,100,7,08-09-22,YYYY-00-DD 00:00:SS,Unknown,
,  BOUNCE,Bengaluru,India,Transportation,Series D,500,300,200,,214,02/22/2021,YYYY-00-DD 00:00:SS,Unknown,
layoff_02973,Verint Systems,New York City,United States,Security,Acquired,300,340,40,56%,,2026-03-02,YYYY-00-DD 00:00:SS,Unknown,
layoff_02817,Elastic,SF Bay Area,United States,Data,Post-IPO,5000,345,90,7,162,"June 24, 2026",YYYY-00-DD 00:00:SS,Unknown,
layoff_03885,  Coherent  ,SF Bay Area,United States,Manufacturing,Post-IPO,400,1417,196,20%,1400,06-06-23,06-08-23,Unknown,
layoff_02348,Bitdefender,Bucharest,Romania,Cybersecurity,Unknown,625,809,25,7,865,2025-11-13,YYYY-00-DD 00:00:SS,Unknown,
layoff_05071,Vouch,SF Bay Area ,United States,Finance,,214,83,,7%,,2022-06-23,YYYY-00-DD 00:00:SS,Unknown,
layoff_04508,Bakkt,Atlanta,United States of America,Crypto,Post-IPO,6111,345,150,15,,"December 08, 2022",12/11/2022,Unknown,
layoff_01745,CI Gaming,Warsaw,Poland,Gaming,Unknown,140,360,30,100,49,"May 10, 2024",YYYY-00-DD 00:00:SS,Unknown,
layoff_01405,Arm Holdings,Shanghai,China,Hardware,POST-IPO  ,91,47500,70,10,12,2023-12-18,YYYY-00-DD 00:00:SS,Unknown,
layoff_02242,Intel,Santa Clara,U.S.,Semiconductor Manufacturing,Unknown,35000,33600,5000,4,77,2025-07-17,YYYY-00-DD 00:00:SS,Unknown,
layoff_03292,Moxion Power,SF Bay Area,United States,Energy,Unknown,248,368,248,100,124,07/29/2024,07/30/2024,Unknown,
layoff_01689,Tome,San Francisco,United States,ai  ,,60,48,12,20,,16-Apr-2024,04-16-24,Unknown,
layoff_02326,Hootsuite,Vancouver,Canada,Social media management,Series C,2174,1727,30,,300,10/27/2025,YYYY-00-DD 00:00:SS,Unknown,
layoff_01516,Veho,Boulder,us,,Series B,342,277,65,19,299,2024-01-25,YYYY-00-DD 00:00:SS,,
layoff_03686,  easee,Sandnes,Norway,Energy,Unknown,351,17,200,57,116,"August 14, 2023",YYYY-00-DD 00:00:SS,,
layoff_03115,BenchSci,Toronto,Canada,Healthcare,Series D,361,,83,23%,164,12-Aug-2025,YYYY-00-DD 00:00:SS,Unknown,
layoff_01518,Productboard,San Francisco,United States,Product,Series D,833,252,17,,413,26-Jan-2024,YYYY-00-DD 00:00:SS,Unknown,
layoff_02272,Oracle,Bengaluru,India,Cloud technology,Unknown,2000,3780,3000,46,,"August 22, 2025",YYYY-00-DD 00:00:SS,Unknown,
layoff_04868,Stripe,SF Bay Area,United States,Finance,Series H,556,,50,8,,2022-08-19,YYYY-00-DD 00:00:SS,Unknown,
layoff_04205,GitLab,SF Bay Area,United States,Product,  Post-IPO,1857,810,130,7,413,"February 09, 2023",YYYY-00-DD 00:00:SS,Unknown,
layoff_04629,Pear Therapeutics,Boston,United States of America,Healthcare,Post-IPO,268,0,59,22,409,"November 14, 2022",11-17-22,Unknown,
layoff_02088,Sure,New York City,U.S.,Finance,Series C,250,260,70,8,123,02-03-25,YYYY-00-DD 00:00:SS,Unknown,
layoff_04882,Snapdocs,,United States,Real Estate  ,Series D,290,480,62,10%,253,"August 16, 2022","November 05, 2022",Unknown,
layoff_05324,Katerra,SF Bay Area,United States,Construction,Series E,5714,1820,400,7,1300,29-Jun-2020,06-30-20,Unknown,
layoff_00661,Loop,Austin,United States,Finance,,75,60,15,20,24,08/24/2022,YYYY-00-DD 00:00:SS,Unknown,
layoff_03128,ZEEN  ,SF Bay Area,United States,Consumer,Unknown,3000,765,50,100,9,21-Jul-2025,07/22/2025,Unknown,
layoff_03351,Apple,SF Bay Area,U.S.,hardware  ,Post-IPO,100000,85000,614,15,1200,2024-04-04,04/05/2024,Unknown,
layoff_03163,Stem,SF Bay Area,USA,Energy, POST-IPO ,515,2441,111,27,,29-Apr-2025,YYYY-00-DD 00:00:SS,Unknown,
layoff_05647,Zwift,LOS ANGELES,United States,Fitness,Series B,367,1300,170,14,164,23-Mar-2020,YYYY-00-DD 00:00:SS,Unknown,
layoff_00603,Quantcast,San Francisco,us,  MARKETING ,Series C,667,627,,6,65,2022-07-29,YYYY-00-DD 00:00:SS,Unknown,
layoff_02694,Similarweb,New York,Unknown,"AI, analytics ",Unknown,1200,,120,,180,16-Nov-2022,YYYY-00-DD 00:00:SS,Public,
layoff_04953,  laybuy ,Auckland,New Zealand,Finance,Post-IPO,139,62,45,5%,130,2022-07-28,07-29-22,Unknown,
layoff_04005,Calibrate,New York City,United States of America,Healthcare,,121,285,160,18,127,2023-04-14,YYYY-00-DD 00:00:SS,Unknown,
layoff_03743,  Figure  ,SF Bay Area,United States,Crypto,Unknown,450,570,90,,1500,07/26/2023,YYYY-00-DD 00:00:SS,Unknown,
layoff_04119,Orchard,New York City,United States,Real Estate,Series D,300,360,250,,472,03/02/2023,YYYY-00-DD 00:00:SS,Unknown,
layoff_00128,VideoAmp,Los Angeles,United States,Marketing,Series C  ,210,189,21,10,106,04/08/2020,04-10-20,Unknown,
layoff_01311,StreamElements,Tel Aviv,Israel,Media,Series B,171,111,60,35,111,17-Aug-2023,"August 18, 2023",Unknown,
layoff_01115,Boxed,New York City,us,Retail,POST-IPO ,128,,32,25,365,03-15-23,2023-03-17,Unknown,
layoff_02393,Thirty Madison,New York,N/A,Health Care,  unknown,800,30,24,3,856,2022-05-13,YYYY-00-DD 00:00:SS,Private,
layoff_01714,HealthifyMe,Bengaluru,India,Healthcare,Series D,556,406,150,27%,130,2024-04-27,YYYY-00-DD 00:00:SS,Unknown,
layoff_02199,Otipy,New Delhi,India,Food,Series B,300,0,300,100%,44,05/23/2025,2025-05-26,Unknown,
layoff_04042,Unacademy,Bengaluru,India,Education,Series H,1519,400,150,12,838,2023-03-30,YYYY-00-DD 00:00:SS,Unknown,
layoff_03354,New Relic,,United States,Infrastructure,Acquired,2286,235,40,,214,04-03-24,YYYY-00-DD 00:00:SS,Unknown,
layoff_04167,Chipper Cash,SF Bay Area,United States,Finance,Series C,303,647,100,,302,02/17/2023,02-20-23,Unknown,
layoff_02180,Spotter,Los Angeles,United States,Other,Unknown  ,7273,1253,200,,238,28-Apr-2025,YYYY-00-DD 00:00:SS,Unknown,
layoff_00240,Hireology,Chicago,United States,HR,Series D,212,176,36,17,52,05-12-20,05-13-20,Unknown,
layoff_05099,Tonkean,SF Bay Area,United States,Other,Series B,100,145,23,,83,06/15/2022,15-Jun-2022,Unknown,
layoff_00388,Doma,Huntington Beach,us,Finance,Post-IPO,2067,1757,310,15,679,"May 10, 2022",YYYY-00-DD 00:00:SS,Unknown,
layoff_03841,Retool, SF Bay Area ,United States, other  ,Series C,14286,360,45,9,141,06-22-23,YYYY-00-DD 00:00:SS,Unknown,
layoff_02035,Lightspeed Commerce,Montreal,Canada,Retail,Post-IPO,33,198,200,40%,1,12/02/2024,YYYY-00-DD 00:00:SS,Unknown,
layoff_00514,Vezeeta,Dubai,United Arab Emirates,Healthcare,Series D,500,,50,10,71,28-Jun-2022,YYYY-00-DD 00:00:SS,Unknown,
layoff_00891,Swiggy,Bengaluru,India,Food,Unknown,8333,8083,250,3,3600,08-Dec-2022,2022-12-09,Unknown,
layoff_01673,Singularity 6, los angeles,United States of America,Gaming,Series B,140,91,49,35,49,2024-04-08,YYYY-00-DD 00:00:SS,Unknown,
layoff_04357,Pagaya,Tel Aviv,Israel,Finance,Post-IPO,700,335,140,20,,01/18/2023,2023-01-18,Unknown,
layoff_05235,Lambda School,SF Bay Area,United States,Education,Series C,280,1600,65,33,122,2021-04-29,YYYY-00-DD 00:00:SS,Unknown,
layoff_04900,Shogun,SF Bay Area,United States,  retail  ,Series C,160,850,48,30,114,09-Aug-2022,YYYY-00-DD 00:00:SS,Unknown,
layoff_01685,McKinsey & Co,New York City,U.S.A.,Business Consulting and Services,Unknown,12000,11640,360,3%,,2024-04-15,YYYY-00-DD 00:00:SS,Unknown,
layoff_05498,EasyPost,SF Bay Area,United States,Logistics,  series a,200,1367,50,25,12,2020-04-13,YYYY-00-DD 00:00:SS,Unknown,
layoff_03906,Mensa Brands,Bengaluru,India,Retail,Unknown,50,622,30,18%,254,30-May-2023,31-May-2023,Unknown,
layoff_01399,  Solarisbank ,Berlin,Germany,Finance,  unknown ,500,1800,20,8,385,12/14/2023,YYYY-00-DD 00:00:SS,Unknown,
layoff_02504, LOKALISE,"Dover, DE",unknown,"Saas, APIs",Unknown,330,,76,23,78,"November 16, 2022",16-Nov-2022,Private,
layoff_03350,Intel, SF Bay Area ,U.S.A.,Hardware,Post-IPO,48000,307,62,,12,"April 09, 2024",12-Apr-2024,Unknown,
layoff_04115,CNET,SF Bay Area,United States of America,Media,Acquired,120,192,12,10,20,"March 02, 2023",YYYY-00-DD 00:00:SS,Unknown,
layoff_03611,Akudo,BENGALURU  ,India,  FINANCE  ,Seed  ,76,1100,90,,4,20-Sep-2023,2023-12-04,,
layoff_03432,Cruise,SF Bay Area,us,Transportation,Acquired,3750,104,900,24%,15000,"December 14, 2023",YYYY-00-DD 00:00:SS,Unknown,
layoff_02351,Playtika,Herzliya,Israel,Computer Games,Unknown,4000,3200,800,,62,11-17-25,17-Nov-2025,Unknown,
layoff_05395,SalesLoft,Atlanta,United States,Sales,,200,69300,55,2,145,07-May-2020,YYYY-00-DD 00:00:SS,Unknown,
layoff_03758,Saarthi.ai,Bengaluru,,Support,Unknown,132,931,320,,85,"July 20, 2023","July 22, 2023",Unknown,
layoff_00673,Innovaccer,San Francisco,United States, HEALTHCARE ,Series E,1125,1035,90,8,379,09/01/2022,YYYY-00-DD 00:00:SS,Private,
layoff_00797,GoTo Group,Jakarta,Indonesia,Transportation,Post-IPO,10833,9533,1300,12%,1300,2022-11-10,YYYY-00-DD 00:00:SS,Unknown,
layoff_02290,Oracle,Austin,United States,IT Services and IT Consulting,Unknown,600000,588000,3000,2,,09-Sep-2025,YYYY-00-DD 00:00:SS,,
layoff_01230,Edgio,,United States,Infrastructure,  Post-IPO ,1117,983,134,12%,462,"June 06, 2023",YYYY-00-DD 00:00:SS,Unknown,
layoff_00116,Button ,New York City,United States,Marketing,,137,89,48,35,64,04/08/2020,04-10-20,Unknown,
layoff_01274,AudioCodes,Tel Aviv,Israel,Other,Post-IPO,1333,1253,80,6%,91,13-Jul-2023,2023-07-17,Unknown,
layoff_04079,Course Hero,SF Bay Area,U.S.,Education,Series C,280,6467,42,15,477,03-16-23,YYYY-00-DD 00:00:SS,Unknown,
layoff_01640,  flock freight,San Diego,United States,Logistics,,750,161,54,10,399,16-Mar-2024,YYYY-00-DD 00:00:SS,Unknown,
layoff_02131,Digimarc,Portland,United States,Other,  post-ipo,225,,90,40,,02-27-25,YYYY-00-DD 00:00:SS,Unknown,
layoff_02914,Shutterfly,Haifa,U.S.,Manufacturing,Post-IPO,400,64,80,50,50,16-Apr-2026,YYYY-00-DD 00:00:SS,Unknown,
layoff_04282,Oyster,  CHARLOTTE ,,HR,Series C,200,17,26,100,224,2023-01-30,YYYY-00-DD 00:00:SS,Unknown,
layoff_00108,BRANCH METRICS,Palo Alto,United States,Marketing, series e ,500,400,100,20,367,04-07-20,YYYY-00-DD 00:00:SS,Unknown,
layoff_00525,Enjoy,Mountain View,United States,Retail,,2222,1822,400,,310,2022-06-30,YYYY-00-DD 00:00:SS,Unknown,
layoff_02403,Canoo,"Torrance, California",Unknown,Transportation,Unknown,967,5922,58,6,10700,07/01/2022,01-Jul-2022,Private,
layoff_00822,  TWIGA  ,Nairobi,Kenya,Food, SERIES C,1005,,211,21,157,11/16/2022,YYYY-00-DD 00:00:SS,Unknown,
layoff_00390,Pollen,London,United Kingdom,Travel,Series C,606,406,200,33,238,10-May-2022,YYYY-00-DD 00:00:SS,Unknown,
layoff_02916,Snap,Los Angeles,United States,Consumer,Post-IPO,6250,,1000,16,4900,15-Apr-2026,YYYY-00-DD 00:00:SS,Unknown,
layoff_00767,Chime,  san francisco,United States,Finance,Series G,1300,1144,156,12,2300,2022-11-02,11/02/2022,Private,
layoff_00516, CLUTCH  ,Toronto,Canada,Transportation,Series B,345,269,76,22%,153,29-Jun-2022,"June 30, 2022",Unknown,
layoff_02539,Ocavu,"Lehi, UT",n/a,Cryptocurrency,Unknown,42,399,20,48,450,11-10-22,YYYY-00-DD 00:00:SS,Private,
layoff_03054,Culture Amp,Melbourne  ,Australia,HR,Series F,1000,20125,60,6,257,"November 18, 2025",YYYY-00-DD 00:00:SS,Unknown,
layoff_00823,Wayflyer,Dublin,Ireland,Marketing,Unknown,500,300,200,,889,11/16/2022,YYYY-00-DD 00:00:SS,Unknown,
layoff_02540,Better.com,  New York  ,N/A,Fintech,Unknown,10000,50,5000,,2,04/19/2022,YYYY-00-DD 00:00:SS,Private,
layoff_03090,Zupee,New Delhi,India,Consumer,  Series B  ,567,560,170,30%,121,09-11-25,YYYY-00-DD 00:00:SS,Unknown,
layoff_00193,Horizn Studios,  Berlin  ,Germany,Travel,Series B,60,45,15,25,30,04-24-20,YYYY-00-DD 00:00:SS,Unknown,
layoff_04992,Elemy,SF BAY AREA,United States,Healthcare,Series B,645,2875,77,15%,323,2022-07-18,YYYY-00-DD 00:00:SS,Unknown,
layoff_03382,Redesign Health,New York City,United States,Healthcare,Unknown,1250,0,77,8%,,2024-02-13,02-14-24,Unknown,
layoff_02050,OFFERUP,Seattle,United States,Retail,Unknown,0,0,0,22%,381,12/11/2024,YYYY-00-DD 00:00:SS,Unknown,
layoff_04431,Century Therapeutics,Philadelphia,United States,Healthcare,Post-IPO,180,1727,,100%,560,01-09-23,01/20/2023,Unknown,
layoff_03333,Cue Health,San Diego,United States,Healthcare,Post-IPO,469,0,,49%,899,03-May-2024,YYYY-00-DD 00:00:SS,Unknown,
layoff_03990,Insider,New York City,United States,Media,Unknown,333,266,39,10,4,04-20-23,04/20/2023,Unknown,
layoff_05120,Memmo,Stockholm,Sweden,Consumer,Unknown,1214,4288,100,,24,06-08-22,YYYY-00-DD 00:00:SS,Unknown,
layoff_02843,Zencity,Tel Aviv,Israel,Other,Unknown,350,313,15,7%,51,06-07-26,YYYY-00-DD 00:00:SS,Unknown,
layoff_04291,Synopsys  ,SF Bay Area,United States of America,Other,  Post-IPO,0,150,100,22,238,"January 27, 2023",YYYY-00-DD 00:00:SS,Unknown,
layoff_03107,TikTok,London,United Kingdom,Consumer,  ACQUIRED  ,1200,928,100,13,240,"August 22, 2025",YYYY-00-DD 00:00:SS,,
layoff_03577,Yuga Labs,Miami,United States,Crypto,Unknown,815,0,68,25%,450,"October 06, 2023",YYYY-00-DD 00:00:SS,Unknown,
layoff_03574,Brave,SF Bay Area,United States,Consumer,Series B,13400,33,155,9,42,"October 06, 2023",YYYY-00-DD 00:00:SS,Unknown,
layoff_02536,Rasa,San Francisco,n/a,Artificial Intelligence,Unknown,148,572,59,40,1000,04/04/2022,YYYY-00-DD 00:00:SS,Private,
layoff_00487,Community,Los Angeles,United States,Marketing,Unknown,133,93,40,30,40,21-Jun-2022,YYYY-00-DD 00:00:SS,Unknown,
layoff_01752,Atmosphere,Austin,United States,Entertainment Providers, SERIES D ,12000,11400,100,5%,214,15-May-2024,YYYY-00-DD 00:00:SS,Unknown,
layoff_04730,Side,SF Bay Area,United States,Real Estate,,200,518,80,20,313,2022-10-19,2022-11-07,Unknown,
layoff_04462,Gousto,London,United Kingdom,Food,Unknown,746,197,211,14,675,12/31/2022,03/14/2023,,
layoff_00119,GetNinjas  ,sao paulo  ,Brazil,Consumer,Series B,110,99,11,10,16,"April 08, 2020",YYYY-00-DD 00:00:SS,,
layoff_02264,KALTURA  ,New York City,United States,Media,Post-IPO,700,630,70,10,166,08-07-25,YYYY-00-DD 00:00:SS,Unknown,
layoff_00637,Calm,San Francisco,us,Healthcare,Series C,450,,90,20,218,11-Aug-2022,YYYY-00-DD 00:00:SS,Private,
layoff_02071,Advisor Credit Exchange,Philadelphia,United States,Finance,Unknown,685,64,40,100,31,01-14-25,YYYY-00-DD 00:00:SS,Unknown,
layoff_04075,Candor Technology,  Atlanta  ,United States,Real Estate,,2545,360,40,30,23,17-Mar-2023,YYYY-00-DD 00:00:SS,Unknown,
layoff_01253,Ritual,  Toronto,Canada,Food,Series C,95,57,38,40,134,2023-06-21,YYYY-00-DD 00:00:SS,Unknown,
layoff_02454, Juniper Square  ,San Francisco,unknown,Proptech,unknown ,778,2000,180,14%,11,2022-09-06,YYYY-00-DD 00:00:SS,Private,
layoff_03924,FemTech Health,,United States,healthcare ,Unknown,1250,425,245,100,325,2023-05-22,2023-05-22,,
layoff_04210,Affirm,SF Bay Area,USA,FINANCE  ,Post-IPO,2632,1673,500,19,1500,02/08/2023,YYYY-00-DD 00:00:SS,Unknown,
layoff_02981,TrueCar,Los Angeles,United States,  TRANSPORTATION,Post-IPO,333,61,100,30,340,2026-02-24,02/25/2026,Unknown,
layoff_05374,Lattice,SF Bay Area,U.S.A.,HR,Series C,160,203,16,,49,05/15/2020,YYYY-00-DD 00:00:SS,Unknown,
layoff_03307,LOOP,Austin,United States,Finance,Series A,30,10707,23,77,34,2024-06-16,YYYY-00-DD 00:00:SS,Unknown,
layoff_05344,The Athletic, sf bay area,us,Media, series d,575,1727,46,8%,139,05-Jun-2020,YYYY-00-DD 00:00:SS,Unknown,
layoff_01720,Google, mountain view,United States,Consumer,  POST-IPO,193,750,10000,14,26,30-Apr-2024,YYYY-00-DD 00:00:SS,Unknown,
layoff_04696,Oracle,SF Bay Area,United States,Other,Post-IPO,1756,,200,10,277,11-01-22,YYYY-00-DD 00:00:SS,Unknown,
layoff_00597,Rivian,Detroit,U.S.A.,Transportation,Post-IPO,14000,13160,840,6,10700,07-27-22,"July 28, 2022",Unknown,
layoff_00913,Briza, Toronto  ,Canada,Finance,Series A,65,39,26,40,10,20-Dec-2022,20-Dec-2022,Unknown,
layoff_03718,Gem,SF Bay Area,U.S.A.,  recruiting  ,Series C,20200,19998,70,30,148,2023-08-02,03-Aug-2023,Unknown,
layoff_02443, gofundme  ,"Redwood City, CA",Unknown,Crowdfunding,Unknown  ,783,1820,94,12,,26-Oct-2022,YYYY-00-DD 00:00:SS,Private,
layoff_01869,Humble Games,San Francisco,United States,Media,Acquired,36,0,36,100,4,"July 23, 2024",YYYY-00-DD 00:00:SS,Unknown,
layoff_01184,Cue Health,San Diego,United States,Healthcare,Post-IPO,1087,761,326,30,899,"April 28, 2023",YYYY-00-DD 00:00:SS,Unknown,
layoff_05455,Houzz,SF Bay Area,,Consumer,Series E,1550,1727,155,10,613,21-Apr-2020,04-21-20,Unknown,
layoff_00543,Thimble,New York City,United States,Finance,Series A,61,41,20,,28,07-05-22,YYYY-00-DD 00:00:SS,Unknown,
layoff_00517,Niantic,San Francisco,us,Consumer,Series D,1063,,85,,770,29-Jun-2022,06-29-22,Private,
layoff_02520,Veev,San Mateo,-,PropTech,Unknown,333,1053,100,30%,,"November 11, 2022",YYYY-00-DD 00:00:SS,Private,
layoff_00684,Checkout.com,London,United Kingdom, finance ,Series D,2000,1900,100,5%,1800,09-13-22,YYYY-00-DD 00:00:SS,Unknown,
layoff_04059,Glovo,Barcelona,Spain,Food,Acquired,1053,290,140,100,1200,03/23/2023,YYYY-00-DD 00:00:SS,Unknown,
layoff_03263,Marin Software,SF Bay Area,United States,Marketing,Post-IPO,104,189,27,26,99,09/30/2024,YYYY-00-DD 00:00:SS,Unknown,
layoff_00492,Ritual,Toronto,Canada,Food,Series C,144,121,23,16,134,22-Jun-2022,YYYY-00-DD 00:00:SS,Unknown,
layoff_03726,TripAdvisor,Boston,us,Travel, post-ipo  ,1600,1007,200,25%,3,02-Aug-2023,YYYY-00-DD 00:00:SS,Unknown,
layoff_02175,TURO,San Francisco,United States,Transportation,Series E,882,732,150,17,,2025-04-26,YYYY-00-DD 00:00:SS,Unknown,
layoff_04862,Skedulo,SF Bay Area,United States,  hr  ,Series C,388,177,31,8%,114,2022-08-23,"August 29, 2022",Unknown,
layoff_02121,Ibotta,Denver,us,Retail,  Post-IPO ,875,,70,8,93,02-22-25,YYYY-00-DD 00:00:SS,Unknown,
layoff_04766,Spotify,Stockholm,Sweden,Media,Post-IPO,2000,,30,33,2100,"October 06, 2022","October 07, 2022",Unknown,
layoff_02006,Opendoor,San Francisco,United States,Real Estate,Post-IPO,1765,1465,300,17,1,11/07/2024,YYYY-00-DD 00:00:SS,Unknown,
layoff_05270,CodeCombat,SF Bay Area,United States of America,Education,Series A,1500,109,8,18%,8,2020-10-23,10/23/2020,Unknown,
layoff_02655,LetsGetChecked,New York,N/A,Health Care,Unknown,800,260,450,,,07-02-22,YYYY-00-DD 00:00:SS,Private,
layoff_01576, MOZILLA  ,,United States,Consumer,Unknown,1200,1140,60,5,2,"February 13, 2024",YYYY-00-DD 00:00:SS,Unknown,
layoff_03496,Ping Identity,Denver,U.S.A., security,Acquired,45,399,50,3,128,2023-11-14,YYYY-00-DD 00:00:SS,Unknown,
layoff_04176,Divvy Homes, SF Bay Area ,U.S.A.,,Series B,333,73,113,,180,"February 15, 2023",YYYY-00-DD 00:00:SS,,
layoff_04181,Tackle,Boise,United States,, SERIES C,900,950,50,15,148,"February 15, 2023",2023-02-15,,
layoff_04048,OnePipe,Lagos,Nigeria,Finance,Seed,127,1380,40,20,9,"March 29, 2023",YYYY-00-DD 00:00:SS,Unknown,
layoff_05525,Zola,New York City,United States,Retail,,3286,1960,119,20,140,"April 08, 2020",YYYY-00-DD 00:00:SS,Unknown,
layoff_01780,Tropic  ,New York City,United States,Finance,Series B,124,79,40,,67,31-May-2024,YYYY-00-DD 00:00:SS,Unknown,
layoff_02397,New Relic,"Bay Area, CA",Unknown,"productivity, enterprise software",Unknown,2200,1455,110,5,271,"August 18, 2022","August 18, 2022",Private,
layoff_00276,Loftium, seattle ,United States of America,Real Estate,Series A,53,21,32,60,17,29-May-2020,YYYY-00-DD 00:00:SS,Unknown,
layoff_00041,Textio,Seattle,United States,HR,Unknown,150,120,30,20,41,27-Mar-2020,YYYY-00-DD 00:00:SS,Unknown,
layoff_05613,Opal, Portland  ,United States,Marketing,Series B,21,65,20,,25,2020-03-27,YYYY-00-DD 00:00:SS,Unknown,
layoff_01490,SolarEdge,Tel Aviv,Israel,Energy,Post-IPO,5625,4725,900,16,,01-21-24,YYYY-00-DD 00:00:SS,Unknown,
layoff_00532,WanderJaunt,  san francisco ,United States,Travel,Series B,85,0,85,100,,2022-07-01,YYYY-00-DD 00:00:SS,Private,
layoff_01191,Unity,San Francisco,United States,Other,Post-IPO,7500,6900,600,8,1300,"May 03, 2023",YYYY-00-DD 00:00:SS,Unknown,
layoff_04047,Anyline,Vienna,Austria,Other,Series B,450,1390,180,25%,,2023-03-29,03-31-23,Unknown,
layoff_04564,Lazerpay,Lagos,,Crypto,Unknown,200,22,950,7,10,11-29-22,YYYY-00-DD 00:00:SS,Unknown,
layoff_00580,Blockchain.com,London,United Kingdom,Crypto,Series D,600,450,150,25%,490,07/21/2022,21-Jul-2022,Unknown,
layoff_04779,Mux,SF Bay Area,United States,Infrastructure,,200,855,40,,173,09-29-22,YYYY-00-DD 00:00:SS,Unknown,
layoff_04880,Crypto.com,Singapore,Singapore,Crypto, unknown ,4750,5011,33,25,156,"August 16, 2022",YYYY-00-DD 00:00:SS,Unknown,
layoff_02207,VerSe Innovation copy, bengaluru,India,Media,Series J,11,38,350,15,1700,28-May-2025,YYYY-00-DD 00:00:SS,Unknown,
layoff_05151,Truck It In,Karachi,Pakistan,Logistics,Seed,3200,690,10,30,,06/01/2022,YYYY-00-DD 00:00:SS,Unknown,
layoff_05310,  Curefit,Bengaluru,India,Fitness,Series D,700,11200,120,14,404.6,"July 17, 2020",YYYY-00-DD 00:00:SS,Unknown,
layoff_03321,Lucid Motors,  sf bay area ,us,Transportation, Post-IPO  ,6667,22729,400,6%,8300,"May 24, 2024",YYYY-00-DD 00:00:SS,,
layoff_02359,ezCater,Boston,United States,Business catering,Series D,1000,89,40,4,319,2025-11-21,23-Nov-2025,Unknown,
layoff_02792,Mews,Amsterdam,Netherlands,Travel,Series D,1333,135,200,,817,07-07-26,YYYY-00-DD 00:00:SS,Unknown,
layoff_00694,Clear,Bengaluru,India,Finance,Series C,950,760,,20,140,2022-09-16,YYYY-00-DD 00:00:SS,Unknown,
layoff_02602,Chili Piper,New York,Unknown," enterprise software, productivity ",Unknown,85,800,58,13,406,11/17/2022,YYYY-00-DD 00:00:SS,Private,
layoff_03553,CityMall,GURUGRAM ,India,Retail,Series C,2000,96,90,17%,112,2023-10-16,YYYY-00-DD 00:00:SS,Unknown,
layoff_05603,Polarr,SF Bay Area,United States,Consumer,Series A,200000,1129,10,16,13,29-Mar-2020,04-08-20,Unknown,
layoff_00941,ForeScout,Tel Aviv,Israel,Security,Acquired,1000,900,100,10%,125,01/10/2023,YYYY-00-DD 00:00:SS,Unknown,
layoff_01110,Anchorage Digital,San Francisco,U.S.,  Crypto ,Series D,375,300,75,20,487,2023-03-14,14-Mar-2023,Unknown,
layoff_05338,Conga,Denver,United States,  Data  ,Acquired,7000,304,90,11,117,15-Jun-2020,23-Jun-2020,Unknown,
layoff_00394,Kry,Stockholm,Sweden,  Healthcare  ,Series D,1000,900,100,10,568,"May 17, 2022","May 17, 2022",Unknown,
layoff_02305,  Gameskraft,Bengaluru,India,Online gaming,Unknown,780,95,120,10%,700,2025-09-18,YYYY-00-DD 00:00:SS,Unknown,
layoff_01158,Community Gaming,New York City,United States,Crypto,Series A,100,83,17,17,18,"April 14, 2023",04-17-23,Unknown,
layoff_02401,CoinDCX,"Mumbai, India",Unknown,"Blockchain, cryptocurrency",Unknown,1667,2175,100,6%,169,01-11-23,YYYY-00-DD 00:00:SS,,
layoff_03313,VRChat,SF Bay Area,United States,Consumer,Series D,8000,,400,,95,06/12/2024,YYYY-00-DD 00:00:SS,Unknown,
layoff_00284,SpotHero,Chicago,United States,Transportation,Series D,190,150,40,21,117,"June 03, 2020",YYYY-00-DD 00:00:SS,Unknown,
layoff_04611,Productboard,SF Bay Area,United States of America,Product,Series D,500,180,100,20%,233,15-Nov-2022,YYYY-00-DD 00:00:SS,,
layoff_05084,Voly,Sydney,Australia,Food,  SEED ,300,70,100,50,13,22-Jun-2022,YYYY-00-DD 00:00:SS,Unknown,
layoff_00785,Zendesk,San Francisco,U.S.,,,7000,6650,350,5,85,"November 07, 2022",YYYY-00-DD 00:00:SS,Public,
layoff_05352,MakerBot,new york city ,us,Consumer,Acquired,1200,75,12,25,10,2020-06-02,YYYY-00-DD 00:00:SS,Unknown,
layoff_02213,ZoomInfo,Vancouver,U.S.A.,Sales,Post-IPO,3750,3600,,4,7,2025-06-09,YYYY-00-DD 00:00:SS,Unknown,
layoff_00943,Parler,Nashville,United States,Consumer,SERIES B,80,20,60,75,36,2023-01-10,YYYY-00-DD 00:00:SS,,
layoff_02412,Personetics, new york  ,unknown,"Fintech, analytics",Unknown,375,978,30,,,"January 05, 2023",YYYY-00-DD 00:00:SS,Private,
layoff_01601,Carbon Health,San Francisco,United States,Healthcare,Series D,30,593,56,35,522,2024-02-23,02/23/2024,Unknown,
layoff_00507,Udaan,Bengaluru,India,Retail,,4500,4320,180,4,1500,06-27-22,YYYY-00-DD 00:00:SS,Unknown,
layoff_04024,FOUNDATION MEDICINE  ,,United States,Healthcare,Acquired,278,65,135,5,,04-Apr-2023,YYYY-00-DD 00:00:SS,Unknown,
layoff_01839,RealPage,Dallas  ,United States,Real Estate,Acquired,500,480,20,4%,105,06-27-24,YYYY-00-DD 00:00:SS,Unknown,
layoff_03037,PowerSchool,  Sacramento  ,U.S.,Education,Acquired,4,1920,31,50,31,12-12-25,YYYY-00-DD 00:00:SS,Unknown,
layoff_00829,Roku, San Jose,United States,Media,Post-IPO,2857,2657,200,7,,11-17-22,YYYY-00-DD 00:00:SS,Unknown,
layoff_02338,MyBambu, MEMPHIS ,United States,Financial Services,,141,0,141,,15,11-05-25,YYYY-00-DD 00:00:SS,Unknown,
layoff_02407,Gemini,New York,Unknown,Crypto,  unknown ,971,345,68,7,451,2022-07-18,YYYY-00-DD 00:00:SS,Private,
layoff_02997,Rewire,,Israel,Finance,Acquired,800,333,110,25%,57,04-Feb-2026,YYYY-00-DD 00:00:SS,Unknown,
layoff_01035,Eightfold AI,Santa Clara,United States,HR,Series E,600,510,90,15,396,"February 03, 2023",YYYY-00-DD 00:00:SS,Unknown,
layoff_02286,Bobble AI,Gurugram,India,Conversation Media Platform,Unknown,141,291,50,20,168,09/04/2025,YYYY-00-DD 00:00:SS,Unknown,
layoff_04179,Religion of Sports,Los Angeles,United States,Media,Series B,3000,460,50,9,63,15-Feb-2023,YYYY-00-DD 00:00:SS,Unknown,
layoff_01064,iRobot,Boston,United States,Consumer,Acquired,1214,1129,85,7%,30,"February 13, 2023",YYYY-00-DD 00:00:SS,Unknown,
layoff_01767,Lucid Motors,Newark,United States,Transportation,,6667,6267,400,,,05-24-24,YYYY-00-DD 00:00:SS,Unknown,
layoff_03950,LinkedIn,SF BAY AREA,United States,Recruiting,Acquired,17900,19998,716,4,154,"May 08, 2023",05/09/2023,Unknown,
layoff_01050,Gong,San Francisco,United States,Sales,Series E,1143,1063,80,7,583,2023-02-08,YYYY-00-DD 00:00:SS,Unknown,
layoff_02049,  canoo ,Los Angeles,United States,Transportation,Post-IPO,23077,,20,11,300,12-11-24,YYYY-00-DD 00:00:SS,Unknown,
layoff_00561,Fabric,NEW YORK CITY,United States, Logistics  ,Series C,300,180,120,40%,336,07/13/2022,YYYY-00-DD 00:00:SS,Unknown,
layoff_04768,8x8,SF Bay Area,United States,Support,Post-IPO,2222,149,200,9%,253,04-Oct-2022,YYYY-00-DD 00:00:SS,Unknown,
layoff_00902,Thumbtack,San Francisco,United States,Consumer,Series I,1143,983,160,14,698,"December 13, 2022",YYYY-00-DD 00:00:SS,Unknown,
layoff_02862,Groupon,Chicago,United States,Retail,Post-IPO,1600,732,400,25,1400,"May 26, 2026",2026-05-26,Unknown,
layoff_04433,Scale AI,SF Bay Area,United States,Data,,133,6930,77,20,602,"January 09, 2023",YYYY-00-DD 00:00:SS,Unknown,
layoff_00631,MadeiraMadeira,Curitiba,Brazil,Retail,Series E,2000,1940,60,3,338,08/09/2022,YYYY-00-DD 00:00:SS,Unknown,
layoff_03796,Latch,New York City,USA,Security,Post-IPO,500,35,63,59,342,10-Jul-2023,2023-07-11,Unknown,
layoff_05247,Limelight,New York City,United States of America,Recruiting,Unknown,13,1133,13,100,153,02-04-21,YYYY-00-DD 00:00:SS,Unknown,
layoff_04474,Xiaomi,Beijing,China,Consumer, POST-IPO,1000,983,5,30,7400,12-19-22,YYYY-00-DD 00:00:SS,Unknown,
layoff_01384,Sunfolding,San Francisco,United States,Energy,Series B,248,4725,500,,,2023-12-09,YYYY-00-DD 00:00:SS,Unknown,
layoff_02221,Klue,Vancouver,United States,  Sales  ,Series B,213,128,85,40%,83,06-25-25,YYYY-00-DD 00:00:SS,Unknown,
layoff_04672,Practically,Hyderabad,India,Education,Unknown,600,3150,79,17,14,2022-11-06,YYYY-00-DD 00:00:SS,Unknown,
layoff_05273,OLX India,New Delhi,India,Marketing,Acquired,354,450,250,100,28,10-Oct-2020,YYYY-00-DD 00:00:SS,Unknown,
layoff_00184,Ike,San Francisco,United States, TRANSPORTATION ,Series A,71,61,10,14%,52,22-Apr-2020,YYYY-00-DD 00:00:SS,Unknown,
layoff_00179,Houzz,Palo Alto,United States,Consumer,Series E,1550,1395,155,10,613,04-21-20,04-21-20,Unknown,
layoff_03975,Rebellion Defense,WASHINGTON D.C.,USA,Data,Series B,108,58800,90,34,150,"April 27, 2023",YYYY-00-DD 00:00:SS,Unknown,
layoff_00087,TripleLift,New York City,U.S.A.,Marketing,Series B,329,,23,7,,"April 02, 2020",YYYY-00-DD 00:00:SS,Unknown,
layoff_03176,Five9,SF Bay Area,United States of America,Support,Post-IPO,3075,2833,123,4%,862,2025-04-03,YYYY-00-DD 00:00:SS,Unknown,
layoff_00149,TouchBistro,Toronto,Canada,Food,Series E,570,439,131,23%,224,04/14/2020,04-14-20,Unknown,
layoff_02332,Luminar,Orlando,United States,Automotive Technology,,200,1140,300,,36,10/31/2025,YYYY-00-DD 00:00:SS,Unknown,
layoff_05592,Claravine,Salt Lake City,USA,marketing,Seed,112,31,200,7%,4,2020-03-31,YYYY-00-DD 00:00:SS,,
layoff_01527,PayPal,San Jose,United States,Finance,post-ipo  ,27778,25278,2500,9%,,01-30-24,YYYY-00-DD 00:00:SS,Unknown,
layoff_05214,iFit,Logan,United States,Fitness,Private Equity,800,2267,50,28,200,02-25-22,YYYY-00-DD 00:00:SS,,
layoff_02495,Redesign Health,New York,-,health care,Unknown,335,15750,,20,332,10-Oct-2022,YYYY-00-DD 00:00:SS,Private,
layoff_04014, medtronic,SF Bay Area,United States,Healthcare,Post-IPO,1000,0,59,,5900,04/12/2023,YYYY-00-DD 00:00:SS,Unknown,
layoff_00871,Doma,Huntington Beach,United States,Finance,Post-IPO,1288,,515,40,679,12/06/2022,12/06/2022,Unknown,
layoff_00584,  whoop,Boston,U.S.A.,  Fitness ,Series F,633,538,95,15%,404,07/21/2022,YYYY-00-DD 00:00:SS,Private,
layoff_00171,GumGum,Los Angeles,United States,Marketing,Series D,360,270,90,,58,20-Apr-2020,04/24/2020,Unknown,
layoff_01915, ReshaMandi,Bengaluru,India,Food, UNKNOWN ,1857,,,,54,08-20-24,YYYY-00-DD 00:00:SS,Unknown,
layoff_03178,zomato,Gurugram,India,Food,,100,246,600,21,914,2025-04-01,YYYY-00-DD 00:00:SS,Unknown,
layoff_03231,AMD,SF Bay Area,U.S.,Hardware,Post-IPO,25000,,1000,4,106,11/13/2024,13-Nov-2024,Unknown,
layoff_00126,Unbabel,Lisbon,Portugal,Support,Series C,229,,80,35,91,"April 08, 2020",YYYY-00-DD 00:00:SS,Unknown,
layoff_04488,Komodo Health,SF Bay Area,United States,Healthcare,Series E,867,789,78,9,514,13-Dec-2022,YYYY-00-DD 00:00:SS,Unknown,
layoff_04828,Firebolt,Tel Aviv,Israel,  DATA ,Series C,567,54,100,7,264,"September 07, 2022",YYYY-00-DD 00:00:SS,Unknown,
layoff_01663,Lightspeed Commerce,Montreal,Canada,Retail,Post-IPO,2800,2520,,10%,1200,04/03/2024,YYYY-00-DD 00:00:SS,Unknown,
layoff_00873, stash,New York City,United States,FINANCE,  UNKNOWN,400,368,32,8,,2022-12-06,2022-12-07,Unknown,
layoff_04703,Equitybee,SF Bay Area,,Finance,Series B,125,146,25,20,,10/31/2022,YYYY-00-DD 00:00:SS,,
layoff_02681,Spotify,"Stockholm, Sweden",unknown,  music,Unknown,9800,104,,6,5,24-Jan-2023,YYYY-00-DD 00:00:SS,Public,
layoff_00984,Citrine Informatics,Redwood City,United States,Data, Series C,81,59,22,27,64,"January 20, 2023",2023-01-20,Unknown,
layoff_02638,Noodle,New York,N/A,EdTech, Unknown ,667,119,40,20,,10/18/2022,"October 18, 2022",Private,
layoff_00776,Stripe,San Francisco,United States,Finance,Series H,7143,6143,1000,14,2300,"November 03, 2022",YYYY-00-DD 00:00:SS,Private,
layoff_02198,Chegg,Santa Clara,United States,Education,Post-IPO,1127,879,248,,227,05/22/2025,2025-05-22,Unknown,
layoff_03727,Planet,SF Bay Area,United States,Aerospace,Post-IPO,1170,163,,10,574,"August 01, 2023",YYYY-00-DD 00:00:SS,Unknown,
layoff_02928,CARS.COM ,Chicago,United States,Transportation,Acquired,250,2600,17,,4900,04/09/2026,YYYY-00-DD 00:00:SS,Unknown,
layoff_00212,Culture Trip,London,United Kingdom,Media,Series B,297,202,95,32,102,05-01-20,YYYY-00-DD 00:00:SS,Unknown,
layoff_04067,marvell,SF Bay Area,United States,Hardware,Post-IPO,8000,0,320,,,03-21-23,03-21-23,,
layoff_03964,Brightline,SF Bay Area,United States,Healthcare,Series C,530,1727,200,20,212,05/03/2023,05/03/2023,Unknown,
layoff_02733,Stitch Fix,San Francisco,-,,Unknown,600,64,63,35,535,01-05-23,YYYY-00-DD 00:00:SS,Public,
layoff_01860,ON,San Francisco,United States,Retail,Unknown,60,0,60,100,,"July 16, 2024",YYYY-00-DD 00:00:SS,Unknown,
layoff_00796,Blend,  SAN FRANCISCO ,United States,, Post-IPO  ,1667,,100,6,665,11-10-22,11/10/2022,Unknown,
layoff_05357,Acorns,Portland,United States,,,1229,9499,50,13,207,05-26-20,YYYY-00-DD 00:00:SS,Unknown,
layoff_04771,ActiveCampaign,Chicago,United States,Marketing,Series C,1000,113,97,15%,360,03-Oct-2022,YYYY-00-DD 00:00:SS,Unknown,
layoff_01342,Cowbell,Pleasanton,United States,Finance, SERIES B,233,205,28,12,123,09/29/2023,YYYY-00-DD 00:00:SS,Unknown,
layoff_05341,ScaleFocus,Sofia,Bulgaria,Infrastructure,Unknown,1200,268,120,10%,173,11-Jun-2020,YYYY-00-DD 00:00:SS,Unknown,
layoff_00333,Pocketmath,Singapore,,Marketing,Unknown,21,,21,100,20,01-20-21,YYYY-00-DD 00:00:SS,Unknown,
layoff_05061,  NOVA BENEFITS  ,Bengaluru,India,Healthcare,series b  ,450,,68,,41,"June 28, 2022",30-Jun-2022,Unknown,
layoff_00909,Workmotion, BERLIN,Germany, HR ,Series B,300,,60,20%,76,2022-12-15,YYYY-00-DD 00:00:SS,Unknown,
layoff_00518,Oye Rickshaw,New Delhi,India,Transportation,Unknown,200,,40,20,13,"June 29, 2022",YYYY-00-DD 00:00:SS,,
layoff_02556,Lora DiCarlo Inc.,"Bend, OR",n/a,"  wellness, consumer goods  ",,3333,,17,100%,65,12-02-22,YYYY-00-DD 00:00:SS,,
layoff_02280, DREAMHAVEN  ,Irvine,United States of America,Computer Games ,Unknown,4000,3200,9,20,134,"September 03, 2025","September 03, 2025",Unknown,
layoff_03172,Sonder,SF Bay Area,United States,,Post-IPO,7333,184,216,100,839,"April 14, 2025",YYYY-00-DD 00:00:SS,Unknown,
layoff_05624,TripActions,SF Bay Area,United States,travel ,series d ,1200,461,300,25,981,"March 25, 2020",28-Mar-2020,Unknown,
layoff_03166,Katana,Tallinn,Estonia,Other,Series B,750,,75,25,67,2025-04-24,YYYY-00-DD 00:00:SS,,
layoff_02056,Lilium,Munich,Germany,Aerospace,Post-IPO,1000,0,1000,100%,1,12/23/2024,YYYY-00-DD 00:00:SS,Unknown,
layoff_04610,Deliveroo Australia,"Melbourne, Victoria",Australia,Food,Post-IPO,120,319,120,100,1700,11-15-22,YYYY-00-DD 00:00:SS,Unknown,
layoff_05388,Zymergen,SF Bay Area,United States,Other,Series C,538,178,242,10,574,05-13-20,29-May-2020,Unknown,
layoff_03913,Jellysmack,Paris,France,Media,  Series C  ,3333,1900,13,14,22,05/25/2023,YYYY-00-DD 00:00:SS,Unknown,
layoff_03298,Intuit,SF Bay Area,U.S.,Finance,Post-IPO,18000,6143,1800,10,18,2024-07-10,YYYY-00-DD 00:00:SS,Unknown,
layoff_01641,Longi,Xi'an,China,Energy,Unknown,4516,6400,111,,628,2024-03-18,YYYY-00-DD 00:00:SS,,
layoff_04734,Microsoft,  seattle,U.S.A., Other ,Post-IPO,15000,97000,400,13%,1,10-17-22,15-Nov-2022,,
layoff_05000,alto pharmacy  ,,United States,Healthcare,Series E,1125,1197,16,50,560,07-14-22,YYYY-00-DD 00:00:SS,Unknown,
layoff_00252,Zomato,Gurugram,India,Food,Series J,4000,3480,520,13,914,05-15-20,YYYY-00-DD 00:00:SS,Unknown,
layoff_02834,ServiceNow,SF Bay Area,United States,Support, Post-IPO,33333,99,54,8,84,"June 11, 2026",YYYY-00-DD 00:00:SS,Unknown,
layoff_03602,Talkdesk,SF Bay Area,United States of America,Support,series d ,650,85,39,14%,497,26-Sep-2023,YYYY-00-DD 00:00:SS,Unknown,
layoff_00546,Anodot,Tel Aviv,Israel,data ,Series C,130,95,35,27%,64,07-06-22,YYYY-00-DD 00:00:SS,Unknown,
layoff_01256,Robinhood,Menlo Park,United States,Finance,Post-IPO,2143,1993,150,7,5600,06/26/2023,YYYY-00-DD 00:00:SS,Unknown,
layoff_03101,Oracle,Kansas City,U.S.,Other,Post-IPO,11580,42,60,16,484,02-Sep-2025,YYYY-00-DD 00:00:SS,Unknown,
layoff_03732, outreach  ,Seattle  ,United States,Sales,Series G,70,152,140,5%,489,"August 01, 2023",YYYY-00-DD 00:00:SS,Unknown,
layoff_01479,ALI Technologies,Tokyo,Japan,,Unknown,338,600,150,100%,74,16-Jan-2024,YYYY-00-DD 00:00:SS,Unknown,
layoff_00387,Carvana,Phoenix,United States,Transportation,Post-IPO,20833,18333,2500,12,1600,2022-05-10,YYYY-00-DD 00:00:SS,Unknown,
layoff_02700,Blue Apron,New York,,"Grocery, e-commerce, delivery service",  Unknown,893,0,50,,230,"December 08, 2022",2022-12-08,Public,
layoff_01594,Meati,Boulder,United States,  food ,Series C,299,43,40,30,274,02-20-24,YYYY-00-DD 00:00:SS,Unknown,
layoff_04602,Cisco,SF Bay Area,United States,Infrastructure,Post-IPO,82000,7333,4100,5%,2,11/16/2022,"November 17, 2022",Unknown,
layoff_03928,Pie Insurance,Washington D.C.,United States,Finance,Series D,450,146,63,14,,05/18/2023,YYYY-00-DD 00:00:SS,Unknown,
layoff_05198,Ahead,SF Bay Area,United States,Healthcare,Unknown,44,300,44,,9,04-14-22,YYYY-00-DD 00:00:SS,Unknown,
layoff_00910,Revelate,,Canada,data ,Series A,80,56,24,30%,26,16-Dec-2022,"December 19, 2022",Unknown,
layoff_02542,Notarize,Boston,United States,Legal Tech,Series D,340,0,170,50,213,31-Oct-2022,YYYY-00-DD 00:00:SS,Private,
layoff_05565,FiscalNote,Washington D.C.,United States,,Series D,200,7700,30,100,50,04/02/2020,YYYY-00-DD 00:00:SS,Unknown,
layoff_05515,Lever,SF Bay Area,United States,Recruiting,Series C,215,1133,86,40%,72,"April 08, 2020",YYYY-00-DD 00:00:SS,Unknown,
layoff_04566,Plerk,guadalajara  ,Mexico,Finance,Series A,2000,117,20,40,13,29-Nov-2022,11-30-22,Unknown,
layoff_01940,Udemy,San Francisco,United States,Education,Post-IPO,172,1410,280,25,311,09/11/2024,YYYY-00-DD 00:00:SS,Unknown,
layoff_00321,MakeMyTrip,New Delhi,India,Travel, post-ipo,3500,3150,350,10,548,08-31-20,YYYY-00-DD 00:00:SS,Unknown,
layoff_04037,  answerlab  ,SF Bay Area,United States,Marketing,Unknown,300,134,50,17,27,"March 30, 2023",YYYY-00-DD 00:00:SS,Unknown,
layoff_00874,Grover,Berlin,Germany,Retail,,400,360,40,10,2300,07-Dec-2022,YYYY-00-DD 00:00:SS,Unknown,
layoff_03979,Rad Power Bikes,Seattle,United States,Transportation,Series D,20077,93,130,33,329,"April 27, 2023",YYYY-00-DD 00:00:SS,Unknown,
layoff_02584, Orchard ,,Unknown,Proptech,Unknown,371,,180,46%,11,17-Nov-2022,YYYY-00-DD 00:00:SS,Private,
layoff_05570,Modsy,SF Bay Area,United States,,Series C,0,,90,8,70,"April 02, 2020",04/02/2020,Unknown,
layoff_05254,Aura Financial,SF Bay Area,United States of America,Finance,,1825,300,282,100,584,11-Jan-2021,01-28-21,Unknown,
layoff_01391,FourKites ,Chicago,United States,Logistics,Unknown,4286,4850,2000,15,241,12-13-23,"January 08, 2024",Unknown,
layoff_04725,Arrival,London,United Kingdom,Transportation,Post-IPO,800,9400,430,100,629,"October 20, 2022",YYYY-00-DD 00:00:SS,Unknown,
layoff_04587,  Devo  ,Boston,United States,Security,Series F,176,2144,623,15,,2022-11-21,YYYY-00-DD 00:00:SS,Unknown,
layoff_04816,CommonBond,New York City,United States of America,Finance,Series D,346,713,150,100%,125,09-Sep-2022,YYYY-00-DD 00:00:SS,Unknown,
layoff_01155,Redfin,Seattle,United States,Real Estate,Post-IPO,5025,,201,4%,320,2023-04-11,YYYY-00-DD 00:00:SS,Unknown,
layoff_00835,jumia ,Lagos,Nigeria,Retail,Post-IPO,4500,3600,900,20%,1200,21-Nov-2022,12/21/2022,Unknown,
layoff_00329,Bridge Connector,Nashville,United States,Healthcare,Series B,154,,154,100,45,11-17-20,YYYY-00-DD 00:00:SS,Unknown,
layoff_00206,Shipsi,  Los Angeles ,United States of America,Retail,,40,20,20,50,2,04/28/2020,YYYY-00-DD 00:00:SS,Unknown,
layoff_01541,  OKTA,San Francisco,United States,Security,Post-IPO,5714,5314,400,7,1,2024-02-01,YYYY-00-DD 00:00:SS,Unknown,
layoff_00893,Alice,,Brazil,Healthcare,  Series C  ,706,,113,16%,174,"December 09, 2022",YYYY-00-DD 00:00:SS,Unknown,
layoff_03406,Riot Games,Los Angeles,United States,Consumer,Acquired,4818,,530,11%,21,"January 22, 2024",YYYY-00-DD 00:00:SS,Unknown,
layoff_01620,Edgio,Phoenix,United States,,  post-ipo,800,720,80,10,462,2024-03-04,YYYY-00-DD 00:00:SS,Unknown,
layoff_03053,UKG,Montevideo,Uruguay,HR,  unknown,58,,300,25,230,18-Nov-2025,YYYY-00-DD 00:00:SS,,
layoff_03334,Luminar,,United States,transportation  ,Post-IPO,700,2600,140,20,780,03-May-2024,YYYY-00-DD 00:00:SS,Unknown,
layoff_05029,Outschool,  SF BAY AREA ,United States of America,education  ,Series D,172,338,31,18%,,07-05-22,"July 05, 2022",Unknown,
layoff_01392,Invitae,San Francisco,us,  healthcare ,Post-IPO ,1567,1332,235,15,94,12/13/2023,13-Dec-2023,Unknown,
layoff_01868,Bluelearn,Bengaluru,India,Education,,500,,81,100,4,07-22-24,YYYY-00-DD 00:00:SS,Unknown,
layoff_01037,Lightico,Tel Aviv,,Finance,Series B,80,60,20,25%,42,2023-02-05,YYYY-00-DD 00:00:SS,Unknown,
layoff_01056,Oportun,  San Carlos,United States,Finance,post-ipo  ,1550,1395,155,10,566,09-Feb-2023,YYYY-00-DD 00:00:SS,Unknown,
layoff_04312, Innovaccer ,SF Bay Area,United States of America,Healthcare,Series E,1633,1150,245,15,379,2023-01-24,YYYY-00-DD 00:00:SS,Unknown,
layoff_00710,Homie,Salt Lake City,U.S.A.,Real Estate,Series B,308,268,40,13,35,2022-10-04,YYYY-00-DD 00:00:SS,,
layoff_03932,Nextbite,Denver,United States,Food,Series C,667,5314,34,20,150,"May 18, 2023",YYYY-00-DD 00:00:SS,Unknown,
layoff_04603,D2L,Waterloo,Canada,Education,Post-IPO,1917,238,100,5,168,11/16/2022,2022-11-17,Unknown,
layoff_02459,SonderMind,Denver,us,telehealth,Series C,3000,461,2000,,183,2022-12-16,YYYY-00-DD 00:00:SS,Private,
layoff_00144,Groupon,  Chicago,United States, RETAIL  ,Post-IPO,6364,3564,2800,44,1400,2020-04-13,YYYY-00-DD 00:00:SS,Unknown,
layoff_02827,Robinhood,,United States,  finance ,  Post-IPO  ,2900,1860,290,,,16-Jun-2026,YYYY-00-DD 00:00:SS,Unknown,
layoff_01468,Discord,San Francisco,United States,Consumer,Series H,1000,830,170,17%,995,01-11-24,YYYY-00-DD 00:00:SS,Unknown,
layoff_00401,Skillz,San Francisco,U.S.,Consumer,,700,,70,10,287,"May 20, 2022",YYYY-00-DD 00:00:SS,Public,
layoff_03408,Google,SF Bay Area,United States,Consumer,Post-IPO,3850,978,780,35,26,22-Jan-2024,YYYY-00-DD 00:00:SS,Unknown,
layoff_04791,kitty hawk ,SF Bay Area,United States,,  Unknown ,100,0,100,100,1,"September 21, 2022",YYYY-00-DD 00:00:SS,,
layoff_00817,Cisco,San Jose,United States,Infrastructure,,82000,77900,4100,5,,2022-11-16,YYYY-00-DD 00:00:SS,Unknown,
layoff_01653,Rezi,New York City,United States,Real Estate,Series B,0,1012,136,100,,04-01-24,"April 02, 2024",Unknown,
layoff_02849,Uber,,United States,Transportation,,630,1063,130,1,25200,2026-06-03,YYYY-00-DD 00:00:SS,Unknown,
layoff_02018,Forward,San Francisco,United States,Healthcare,Series E,200,0,200,100%,,12-Nov-2024,12-Nov-2024,Unknown,
layoff_00735,InfoSum,London,United Kingdom,Security,Series B,167,147,20,12,88,10-19-22,"November 10, 2022",Unknown,
layoff_00527,Nate,New York City,United States,Retail,,150,120,30,20,47,"June 30, 2022",YYYY-00-DD 00:00:SS,Unknown,
layoff_01023,Wish,San Francisco,United States,Retail,Post-IPO,882,732,150,17,1600,2023-01-31,YYYY-00-DD 00:00:SS,Unknown,
layoff_03658,COINSWITCH ,Bengaluru,India,Crypto,,900,256,44,12%,301,"August 28, 2023",YYYY-00-DD 00:00:SS,Unknown,
layoff_04406,Crypto.com,Singapore,Singapore,Crypto, UNKNOWN,6667,1100,20,20,112,"January 12, 2023",2023-01-13,Unknown,
layoff_03078,Zepto,Mumbai,India,Retail,series h,6000,,300,5,2600,10/18/2025,YYYY-00-DD 00:00:SS,Unknown,
layoff_02282,2K,Novato,United States,Computer Games,Unknown,4000,25,60,20,,09/04/2025,04-Sep-2025,Unknown,
layoff_01796,  LIONBRIDGE,Waltham,U.S.,Translation and Localization,Unknown,27273,261,160,10,234,06-11-24,YYYY-00-DD 00:00:SS,Unknown,
layoff_03752,Bundle Africa,Lagos,Nigeria,Crypto,Seed,600,40,22,100,1,2023-07-21,YYYY-00-DD 00:00:SS,Unknown,
layoff_01450,Twitch,SAN FRANCISCO ,,  consumer ,acquired  ,1428,928,500,35,35,"January 09, 2024",01/09/2024,Unknown,
layoff_01678,Scaler,Bengaluru,India, Education  ,Series B,12000,400,150,3,55,04-10-24,YYYY-00-DD 00:00:SS,Unknown,
layoff_05449,Airy Rooms,Jakarta,Indonesia,Travel,Unknown,6400,45,175,70,4000,"April 22, 2020",YYYY-00-DD 00:00:SS,Unknown,
layoff_03550,Expedia,Seattle,United States,Travel,Post-IPO,606,1840,100,17%,3300,2023-10-17,YYYY-00-DD 00:00:SS,,
layoff_05197,Halcyon Health,New York City,United States,Healthcare,Unknown,121,302,20,100,,2022-04-15,YYYY-00-DD 00:00:SS,Unknown,
layoff_01699,the good glamour , New Delhi  ,India,,Unknown,1000,850,150,15,180,2024-04-18,2024-04-18,Unknown,
layoff_02388,Yellow.ai,San Mateo,United States,  conversational chatbot tools,Unknown,667,736,100,100%,106,12/23/2025,YYYY-00-DD 00:00:SS,Unknown,
layoff_04340,Capital One,Washington D.C.,United States,Finance, post-ipo ,400,,1100,14%,1300,01/19/2023,2023-01-20,Unknown,
layoff_01151,Nori,Seattle,United States,Energy,  Unknown  ,27,17,10,37%,13,10-Apr-2023,YYYY-00-DD 00:00:SS,Unknown,
layoff_03141,  indeed + glassdoor,Austin,United States,HR,Acquired,1000,414,1300,3,,"July 10, 2025",YYYY-00-DD 00:00:SS,Unknown,
layoff_01302,Top Hat, Toronto ,Canada,Education,Series E,600,558,42,7,234,08/04/2023,YYYY-00-DD 00:00:SS,Unknown,
layoff_02693,Shopify,"Ottawa, Canada",Unknown,E-commerce,Unknown,10000,240,1000,,194,2022-07-26,26-Jul-2022,Public,
layoff_01768,Satellogic,Montevideo,Uruguay,,Post-IPO,262,228,,13,424,05/24/2024,YYYY-00-DD 00:00:SS,Unknown,
layoff_01404, EBAY , san francisco  ,U.S.A.,e-commerce,Post-IPO,12500,10111,20,,1,12/17/2023,YYYY-00-DD 00:00:SS,Unknown,
layoff_04544,Netlify,SF Bay Area,United States,Product,Series D,300,252,48,16,,2022-12-01,2022-12-08,Unknown,
layoff_02731,Playtika,Tel Aviv,Israel,Gaming,Post-IPO,758,91,250,33,39,31-May-2022,YYYY-00-DD 00:00:SS,Public,
layoff_04305,Clear Capital, reno  ,United States,Real Estate,Unknown,1000,2125,250,25%,149,01/25/2023,YYYY-00-DD 00:00:SS,Unknown,
layoff_05361,Kapten / Free Now,Paris,France,Transportation,Acquired,333,600,45,,100,05/21/2020,YYYY-00-DD 00:00:SS,Unknown,
layoff_05125,CyberCube,SF Bay Area,U.S.,Finance,Series B,2667,41,400,,35,06-07-22,YYYY-00-DD 00:00:SS,Unknown,
layoff_02281,theGist,Tel Aviv,Israel,AI startup,Seed,1000,5700,57,100%,7,09/03/2025,YYYY-00-DD 00:00:SS,Unknown,
layoff_03183,HelloFresh,  SF Bay Area,USA,Food,,68,119,273,33%,367,03-17-25,YYYY-00-DD 00:00:SS,Unknown,
layoff_01886,Axios Media,Washington DC,United States,Media  ,ACQUIRED ,500,450,50,10%,57,08-06-24,08/06/2024,Unknown,
layoff_03545,WeTransfer,Amsterdam,Netherlands,Other,Series A,350,106286,35,,64,2023-10-18,YYYY-00-DD 00:00:SS,Unknown,
layoff_04124,Sonder,SF Bay Area,United States,Travel,Post-IPO,714,940,100,14,839,"March 01, 2023",YYYY-00-DD 00:00:SS,Unknown,
layoff_01893,Branch.io,palo alto ,United States,Marketing,  SERIES F ,588,91,100,12,667,08/09/2024,YYYY-00-DD 00:00:SS,Unknown,
layoff_05417,Automatic,SF Bay Area,United States,  transportation ,Acquired,1375,825,200,100,24,"May 01, 2020",YYYY-00-DD 00:00:SS,Unknown,
layoff_03016,polygon  ,Cayman Islands,Cayman Islands,  crypto,Unknown,42,783,60,7%,451,16-Jan-2026,YYYY-00-DD 00:00:SS,Unknown,
layoff_05539,Sojern  ,SF Bay Area,U.S.,Marketing,Series D,600,300,300,50,162,2020-04-03,YYYY-00-DD 00:00:SS,Unknown,
layoff_02169,INTEL ,Sacramento,United States,Hardware,,110000,88000,22000,,12,2025-04-23,YYYY-00-DD 00:00:SS,Unknown,
layoff_03812,Lunya,Los Angeles,U.S.A.,Retail,Unknown,500,15750,122,100%,101.6,30-Jun-2023,YYYY-00-DD 00:00:SS,Unknown,
layoff_03639,Blue Origin,Seattle,United States,Aerospace,Unknown,160,879,100,100,167,"September 06, 2023",YYYY-00-DD 00:00:SS,Unknown,
layoff_02404,  Wonder,New York,Unknown,"Food delivery, ecommerce", Unknown  ,1857,252,130,7%,120,2022-11-30,YYYY-00-DD 00:00:SS,Private,
layoff_05006,Nuro,SF Bay Area,United States,Transportation,Series D,23077,1000,7,11,2100,2022-07-13,16-Jul-2022,,
layoff_00088,Arrive Logistics,Austin,United States of America,Logistics,Series B,1071,996,75,7,35,"April 03, 2020",YYYY-00-DD 00:00:SS,Unknown,
layoff_04695,  BOOKING.COM  ,,United States,Travel, acquired,623,17250,226,25,5.1,2022-11-01,YYYY-00-DD 00:00:SS,Unknown,
layoff_03063,Sonder,SF Bay Area,United States,Travel,Post-IPO,1600,,80,,839,10-Nov-2025,YYYY-00-DD 00:00:SS,Unknown,
layoff_00490,IronNet,Washington DC,us,Security,Post-IPO,257,,90,35%,410,"June 22, 2022",YYYY-00-DD 00:00:SS,Unknown,
layoff_02899,Coinbase,SF Bay Area,United States,Crypto,Post-IPO,5000,356,700,14,549,2026-05-05,05-05-26,Unknown,
layoff_05533,Metromile,SF Bay Area,United States, finance,Series E,303,89,100,33%,293,04/06/2020,YYYY-00-DD 00:00:SS,Unknown,
layoff_05032,  Gorillas,Berlin,Germany,Food, Series C  ,8333,837,540,,1300,07/03/2022,YYYY-00-DD 00:00:SS,Unknown,
layoff_00282,Credit Sesame,Mountain View,United States,Finance,Series F,157,135,22,,120,06-03-20,YYYY-00-DD 00:00:SS,Unknown,
layoff_01029,TheSkimm,New York City,U.S.,Media,Series C,170,153,17,,28,01-Feb-2023,02/03/2023,Unknown,
layoff_05578,Pana,Denver,United States,Travel,Series A,221,406,18,10,11,04-01-20,YYYY-00-DD 00:00:SS,Unknown,
layoff_02870,Kraken,SF Bay Area,United States,Crypto,,168,900,150,10,134,"May 15, 2026",YYYY-00-DD 00:00:SS,Unknown,
layoff_03816,Candy Digital,New York City,United States,Crypto,Series A,750,216,30,12,138,29-Jun-2023,YYYY-00-DD 00:00:SS,Unknown,
layoff_02135,Automattic,San Francisco,United States,Other,,1756,1475,281,16%,986,03/02/2025,YYYY-00-DD 00:00:SS,Unknown,
layoff_05056,Modsy,SF Bay Area,United States,,Series C,128,1010,55,14%,72,06/29/2022,YYYY-00-DD 00:00:SS,Unknown,
layoff_02965,Flipkart,Bengaluru,India,Retail,,120,30,500,100,12900,03/06/2026,YYYY-00-DD 00:00:SS,Unknown,
layoff_04083,Hometap,Boston,United States,Real Estate,Unknown,200,80,29,27,172,15-Mar-2023,"March 18, 2023",Unknown,
layoff_02773,Amazon,Port St. Lucie,United States,Retail,Post-IPO,500,911,1110,18%,8100,07/22/2026,YYYY-00-DD 00:00:SS,Unknown,
layoff_05614,ThirdLove,New York City,U.S.A.,Retail,series b ,45,493,10,,68,03-27-20,02-Apr-2020,Unknown,
layoff_03208, aurora labs ,Tel Aviv,Israel,Transportation,Series C,75,3713,45,60%,97,"January 27, 2025",YYYY-00-DD 00:00:SS,Unknown,
layoff_01792,Kissflow,Chennai,India,SaaS,Unknown,409,364,45,,1,10-Jun-2024,YYYY-00-DD 00:00:SS,Unknown,
layoff_04934,The Predictive Index,Boston,United States,HR,Acquired,429,90,40,3,,"August 02, 2022",YYYY-00-DD 00:00:SS,Unknown,
layoff_05037,Bamboo Health,Louisville,United States,Healthcare,Unknown,1857,38,52,,97,2022-07-01,YYYY-00-DD 00:00:SS,Unknown,
layoff_03169,AppLovin, SF BAY AREA  ,USA,Marketing,Post-IPO,433,340,97,10,1600,16-Apr-2025,04/19/2025,Unknown,
layoff_00986,Google,Mountain View,United States,Consumer,Post-IPO,200000,188000,12000,6%,,20-Jan-2023,01-20-23,Unknown,
layoff_05537,Mapbox,Washington D.C.,us,Data,Series C,80,2542,99,,227,"April 06, 2020",YYYY-00-DD 00:00:SS,Unknown,
layoff_05615,Bcredi,Curitiba,Brazil, finance  ,Series A,100,333,81,33,1500,03/27/2020,YYYY-00-DD 00:00:SS,Unknown,
layoff_03547,Belora Paris,Gurugram,India,Retail,  SEED,4500,,1000,,1400,18-Oct-2023,YYYY-00-DD 00:00:SS,Unknown,
layoff_02077,Pocket FM,Bengaluru,India,Media,Series D,231,153,75,7,212,16-Jan-2025,YYYY-00-DD 00:00:SS,Unknown,
layoff_03188,Grubhub,SF Bay Area,United States,  Food  ,Acquired,2174,837,500,,284,02-28-25,YYYY-00-DD 00:00:SS,Unknown,
layoff_03681,Intel,SF Bay Area,United States,hardware ,Post-IPO,357,24000,140,5%,,"August 17, 2023",YYYY-00-DD 00:00:SS,Unknown,
layoff_05114,Jellysmack,New York City,U.S.,Media,Series C,93,0,23,8,22,06/09/2022,YYYY-00-DD 00:00:SS,Unknown,
layoff_00135,Omie,Sao Paulo,Brazil,Finance,Series B,439,303,136,31,26,04/09/2020,YYYY-00-DD 00:00:SS,Unknown,
layoff_00395,Netflix,Los Gatos,United States,Media, POST-IPO  ,15000,,150,1,121900,17-May-2022,YYYY-00-DD 00:00:SS,Unknown,
layoff_02270,Amdocs,Ra'anana,Israel,Software Development,Unknown,4500,0,4500,100%,34,"August 13, 2025",YYYY-00-DD 00:00:SS,Unknown,
layoff_00480,BitOasis,Dubai,United Arab Emirates,Crypto,Series B,180,171,9,5,30,2022-06-19,YYYY-00-DD 00:00:SS,Unknown,
layoff_03384,Pure Storage,SF Bay Area,United States of America,Data,Post-IPO,167,,275,30%,529,08-Feb-2024,YYYY-00-DD 00:00:SS,Unknown,
layoff_04874,  MALWAREBYTES  ,SF Bay Area,United States,  security ,Series B,893,0,125,14%,80,08/17/2022,2022-08-17,Unknown,
layoff_01832,BeReal,Paris,France,Consumer,Acquired,1350,,400,40,288,"June 25, 2024",YYYY-00-DD 00:00:SS,Unknown,
layoff_03595,Andgo,Saskatoon,Canada,HR, Series A  ,17900,793,9,8,5,2023-09-29,YYYY-00-DD 00:00:SS,Unknown,
layoff_03375,Apple, SF BAY AREA,us,Transportation, post-ipo ,5776,210,120,100,1200,02-27-24,YYYY-00-DD 00:00:SS,Unknown,
layoff_02146,ActiveFence,New York City,U.S.,  SECURITY ,Series B,314,292,22,,100,03-13-25,03/14/2025,,
layoff_02273,BeepKart,Bengaluru,India,Automotive,  Series A  ,150,490,150,100%,19,23-Aug-2025,YYYY-00-DD 00:00:SS,Unknown,
layoff_00399,Latch,New York City,United States,Security,Post-IPO,464,334,130,,342,05/20/2022,YYYY-00-DD 00:00:SS,Unknown,
layoff_04884,Blend,SF Bay Area,United States,Finance,Post-IPO,1833,203,,12%,665,08/15/2022,YYYY-00-DD 00:00:SS,,
layoff_05346,Lastline,SF Bay Area,us,Security,  series c,125,342,50,40,52,"June 04, 2020","June 04, 2020",Unknown,
layoff_03605,Roblox,New York City,United States,Consumer,Post-IPO,1667,20,30,7,,"September 22, 2023",YYYY-00-DD 00:00:SS,Unknown,
layoff_05524,TechAdvance,Lagos,Nigeria,Finance,Unknown,520,58,140,20%,1,04/08/2020,YYYY-00-DD 00:00:SS,Unknown,
layoff_00122,Meesho,Bengaluru,India,Retail,Series D,714,514,200,28,215,2020-04-08,"April 10, 2020",Unknown,
layoff_02022,AMD,Santa Clara,United States of America,Hardware,Post-IPO,25000,,1000,4,50,2024-11-13,YYYY-00-DD 00:00:SS,Unknown,
layoff_05232,Pagarbook,Bengaluru,India,HR,Series A,15714,29,80,25,17,26-Jul-2021,07-29-21,Unknown,
layoff_04413,CoinDCX,  Mumbai  ,India,Crypto,,4750,63,80,15,244,01-11-23,YYYY-00-DD 00:00:SS,Unknown,
layoff_02757,LivePerson,  New York  ,n/a,Customer service,Unknown,152,89,120,17,200,2022-09-15,YYYY-00-DD 00:00:SS,Public,
layoff_02847,Dandy,New York City,U.S.,Healthcare,Series D,2000,70,160,50,172,"June 03, 2026",YYYY-00-DD 00:00:SS,Unknown,
layoff_00052,RigUp, Austin,United States,Energy,Series D,480,360,120,25%,423,2020-03-30,31-Mar-2020,Unknown,
layoff_00682,Pomelo Fashion,Bangkok,Thailand,  RETAIL ,Unknown,688,633,55,8%,120,09-08-22,YYYY-00-DD 00:00:SS,Unknown,
layoff_04818,Lido Learning,Mumbai ,India,Education,  series c ,43,3150,88,100,20,"September 09, 2022","September 10, 2022",Unknown,
layoff_03956,Teachmint,Bengaluru,India,Education,Series B,400,178,,20,118,05-05-23,YYYY-00-DD 00:00:SS,Unknown,
layoff_01118,Course Hero,Redwood City,United States of America,Education,Series C,280,238,42,15,477,03-16-23,YYYY-00-DD 00:00:SS,,
layoff_03419,Twitch,SF Bay Area,United States,Consumer,Acquired,1429,261,500,35,35,"January 09, 2024","January 09, 2024",Unknown,
layoff_03058,Flipkart,Bengaluru,India,Retail,Acquired,200,1338,40,35,12900,16-Nov-2025,17-Nov-2025,Unknown,
layoff_05274,Chef, SEATTLE ,United States, Infrastructure  ,Acquired,100,93,95,,,08-Oct-2020,YYYY-00-DD 00:00:SS,Unknown,
layoff_02610,StubHub,San Francisco,-,"E-commerce, ticketing",Unknown,75,5769,115,,100,"August 04, 2022",YYYY-00-DD 00:00:SS,Private,
layoff_03646,Clearcover,Chicago,United States,Finance,Series D,300,,155,28,304,09/01/2023,YYYY-00-DD 00:00:SS,Unknown,
layoff_05130,Sendoso,SF Bay Area,United States,Marketing,Series C,667,188,21,14%,,2022-06-06,"June 06, 2022",Unknown,
layoff_02310,Smartsheet,BELLEVUE ,United States of America,Software Development,Unknown,2500,356,,25,1,2025-10-01,YYYY-00-DD 00:00:SS,Unknown,
layoff_02184,  beam  ,Bristol,United Kingdom, other ,Unknown,200,0,200,100,,05-01-25,YYYY-00-DD 00:00:SS,Unknown,
layoff_00999,PartnerStack,Toronto,Canada,Sales,  Series B ,200,,40,20,,"January 24, 2023",YYYY-00-DD 00:00:SS,Unknown,
layoff_03698,Podium,Lehi,United States,Support,Series D,2222,147,190,5,419,09-Aug-2023,YYYY-00-DD 00:00:SS,Unknown,
layoff_03838, Robinhood  ,SF Bay Area,United States,Finance,Post-IPO,2143,2132,150,7,5600,06-26-23,YYYY-00-DD 00:00:SS,Unknown,
layoff_03594,N26,Berlin,Germany,Finance,Series E,75,117,14,14,1700,2023-09-29,YYYY-00-DD 00:00:SS,Unknown,
layoff_00127,Unison,San Francisco,us,Finance,Series B,198,109,89,45,40,04-08-20,YYYY-00-DD 00:00:SS,Unknown,
layoff_05619,  FAREPORTAL,Gurugram,India,  travel,Unknown,1190,6080,200,14,4000,2020-03-26,2020-03-30,Unknown,
layoff_02503,Tonkean,San Francisco,-,Software,Unknown,100,,23,23%,338,06/15/2022,YYYY-00-DD 00:00:SS,Private,
layoff_03722,ConnectedH,Gurugram,India,Healthcare,,530,450,36,100,2,02-Aug-2023,YYYY-00-DD 00:00:SS,,
layoff_03184,Welltech,Limassol,Cyprus,Fitness,Unknown,800,546,80,10,450,07-Mar-2025,YYYY-00-DD 00:00:SS,Unknown,
layoff_03030,Foretellix,Tel Aviv,Israel,Transportation,Series C,161,400,29,18%,132,01-08-26,YYYY-00-DD 00:00:SS,Unknown,
layoff_05224,  Ozy Media  ,SF Bay Area,United States of America,Media,Series C,297,0,100,100,70,"October 01, 2021",01-Oct-2021,,
layoff_05637,Zeus Living,SF Bay Area,United States,Real Estate, SERIES B ,267,233,80,30%,79,24-Mar-2020,YYYY-00-DD 00:00:SS,Unknown,
layoff_01660,Amazon,Seattle,United States,IT Services,Unknown,40000,39200,150,15,108,04/03/2024,03-Apr-2024,Unknown,
layoff_03393,CircleCI,SF Bay Area,us,Product,Series F,77,276,100,,315,01/31/2024,YYYY-00-DD 00:00:SS,Unknown,
layoff_03917,Brainly,,Poland,EDUCATION  ,Series D,1519,2544,31,30%,148,24-May-2023,2023-05-24,Unknown,
layoff_04126,Electronic Arts,Baton Rouge,U.S.A.,Consumer,Post-IPO,100,23,200,75,,02/28/2023,YYYY-00-DD 00:00:SS,Unknown,
layoff_05191,Clyde, NEW YORK CITY ,United States,MARKETING  ,Series B,167,330,22,100,58,2022-04-25,YYYY-00-DD 00:00:SS,Unknown,
layoff_01762,Exscientia,Oxford,United Kingdom,Biotechnology Research,Unknown,156,106,184,25%,87,2024-05-21,YYYY-00-DD 00:00:SS,Unknown,
layoff_04735,Nuri,Berlin,Germany,Crypto,series b,352,44,1100,100,,"October 17, 2022",YYYY-00-DD 00:00:SS,Unknown,
layoff_04063,  Copper ,London,United Kingdom,Crypto,Series C,2667,1100,60,15,281,2023-03-22,05-Jul-2023,Unknown,
layoff_04981,Varo,SF Bay Area,United States,Finance,Series E,215,60,75,7,992,07-20-22,YYYY-00-DD 00:00:SS,Unknown,
layoff_02041,Vox Media,Washington DC,,  media ,,93,147,1000,17,,12/05/2024,2024-12-05,Unknown,
layoff_02239,CDW,VERNON HILLS ,United States,IT Services and IT Consulting,Unknown,600000,588000,100,3,229,"July 16, 2025",YYYY-00-DD 00:00:SS,Unknown,
layoff_05038,Teleport,SF Bay Area,United States,Infrastructure,Series C,250,235,15,6,169,07-01-22,YYYY-00-DD 00:00:SS,Unknown,
layoff_01335, videoamp,Los Angeles,United States of America,Marketing,Series F,400,360,40,10,456,09/14/2023,YYYY-00-DD 00:00:SS,Unknown,
layoff_02134,Grubhub,San Francisco,United States,Food,  Acquired  ,2174,1674,,23,284,"February 28, 2025",YYYY-00-DD 00:00:SS,Unknown,
layoff_04376,Fishbrain,Stockholm,Sweden,Consumer,,400,1276,60,8%,59,01-17-23,"January 21, 2023",Unknown,
layoff_04722,Zeus Living,SF Bay Area,United States,  REAL ESTATE ,Series C,139,80,,46,151,2022-10-20,10/21/2022,Unknown,
layoff_04284,Quantum SI,New Haven,United States,Healthcare,,143,735,450,12,425,01-30-23,YYYY-00-DD 00:00:SS,Unknown,
layoff_03299,upside foods ,SF Bay Area,United States,Food,Unknown,15100,70,26,100%,598,01-Jul-2024,YYYY-00-DD 00:00:SS,Unknown,
layoff_03357,Synctera,SF Bay Area,U.S.,,SERIES A,113,9700,17,15%,79,"March 26, 2024",2024-03-26,Unknown,
layoff_05330,Sprinklr,New York City,United States,  Support,Series F,3075,198,124,,228,"June 25, 2020",YYYY-00-DD 00:00:SS,Unknown,
layoff_05556,The Wing,New York City,U.S.A.,Real Estate,Series C,1100,228,170,50%,117,04/03/2020,YYYY-00-DD 00:00:SS,Unknown,
layoff_05113,Boozt,Malmo,Sweden,Retail,  POST-IPO  ,1400,546,70,5,56,"June 09, 2022",25-Jul-2022,Unknown,
layoff_04719,Cerebral,SF Bay Area,United States of America,Healthcare,Series C  ,2000,1026,400,20,462,"October 24, 2022",24-Oct-2022,Unknown,
layoff_04203,Misfits Market,Philadelphia,United States,Food,Series C,1967,153,649,33,526,2023-02-09,YYYY-00-DD 00:00:SS,Unknown,
layoff_05559,ThirdLove,SF Bay Area,United States,Retail,,217,728,65,30%,68,04-02-20,02-Apr-2020,Unknown,
layoff_04150,Vibrent Health,Washington D.C.,USA,Healthcare,Unknown,200,400,70,13%,522,02-23-23,26-Feb-2023,Unknown,
layoff_04262,Picnic,Seattle,United States,Food,Unknown,299,759,800,6,52,2023-02-01,YYYY-00-DD 00:00:SS,Unknown,
layoff_04159,Bolt,Lagos,Nigeria,Transportation, SERIES F ,967,300,17,20%,39,02/21/2023,YYYY-00-DD 00:00:SS,Unknown,
layoff_04598,Homepoint, Phoenix  ,United States,Real Estate,Post-IPO,140,233,113,22,117,17-Nov-2022,YYYY-00-DD 00:00:SS,Unknown,
layoff_03259,AppLovin,SF Bay Area,United States,Marketing,Post-IPO,571,240,65,30,1600,"October 03, 2024",YYYY-00-DD 00:00:SS,Unknown,
layoff_00016,Foodsby,Minneapolis,United States,Food,Series B,130,43,87,,20,03-24-20,03/28/2020,Unknown,
layoff_02826,Optimove,Tel Aviv,Israel,MARKETING,Series A,469,720,100,10,20,06-17-26,YYYY-00-DD 00:00:SS,Unknown,
layoff_01677,Cornershop,Santiago,Chile,,Acquired,930,3233,200,90,,"April 10, 2024",YYYY-00-DD 00:00:SS,Unknown,
layoff_02267,Micron Technology, shanghai,China,Computer memory,Unknown,667,,52,8,850,"August 12, 2025",2025-08-12,Unknown,
layoff_01882,ShareChat,Bengaluru,India,,Series D,600,570,30,5,222,2024-08-03,YYYY-00-DD 00:00:SS,Unknown,
layoff_02355,PitchBook,Seattle,United States,Venture Capital and Private Equity Principals,Unknown,233,49,100,12%,23,11/18/2025,11/18/2025,Unknown,
layoff_04729,Collibra,Brussels,Belgium,Data,Series G,2909,54,,7,596,10/19/2022,YYYY-00-DD 00:00:SS,Unknown,
layoff_04164,HP,Tel Aviv,Israel, HARDWARE  ,Post-IPO,857,24000,100,3,4200,02-19-23,YYYY-00-DD 00:00:SS,Unknown,
layoff_02109,Getaround,San Francisco,United States,Transportation,Series D,3000,384,1400,6,403,"February 12, 2025",YYYY-00-DD 00:00:SS,Unknown,
layoff_01545,Cue Health,San Diego,United States of America,Healthcare,Post-IPO,817,572,245,30%,899,02-Feb-2024,02-05-24,Unknown,
layoff_03441,Sunfolding,SF Bay Area,us,Energy,Series B,3500,17,100,100%,32,12/09/2023,YYYY-00-DD 00:00:SS,Unknown,
layoff_05487,SweetEscape,Jakarta,Indonesia,Consumer,Series A,1188,162,10000,,999999,"April 15, 2020",YYYY-00-DD 00:00:SS,Unknown,
layoff_04057,Cimpress,Paris,France,Retail,Post-IPO,167,1422,500,20,300,2023-03-23,YYYY-00-DD 00:00:SS,Unknown,
layoff_04623,Tencent,Shenzen,China,Consumer,Post-IPO,925,188000,150,100,12600,2022-11-15,YYYY-00-DD 00:00:SS,Unknown,
layoff_01210,  LEMONADE,,United States,Finance,Post-IPO,1500,1455,45,3%,481,2023-05-16,2023-05-16,Unknown,
layoff_01764,Guild,Denver,U.S.,Education, series f ,1200,900,300,,643,05/22/2024,05/23/2024,Unknown,
layoff_04957,Bikayi,Bengaluru,India,  RETAIL,Series A,400000,0,70,10,12,"July 28, 2022",2022-07-29,Unknown,
layoff_01789,revel  ,New York City,United States,Transportation,Unknown,5000,737,1000,25,214,2024-06-06,YYYY-00-DD 00:00:SS,,
layoff_01341,Epic Gaming,Raleigh,United States,Consumer,Unknown,5438,4568,870,16,3,09-28-23,YYYY-00-DD 00:00:SS,Unknown,
layoff_03244,Kraken,SF Bay Area,United States,  Crypto ,Unknown,2667,95,400,,134,10/30/2024,YYYY-00-DD 00:00:SS,,
layoff_01797,Sumo Group,Sheffield,United States,Gaming,Unknown,140,91,100,15,49,"June 11, 2024",2024-06-11,Unknown,
layoff_02487,Turntide,"Sunnyvale, CA",-,"CleanTech, energy",Unknown,650,,130,,297,28-Jul-2022,YYYY-00-DD 00:00:SS,Private,
layoff_00063,Crayon,Boston,United States,Marketing,Series A,100,80,20,20,16,04/01/2020,YYYY-00-DD 00:00:SS,Unknown,
layoff_04879,Warren,Porto Alegre,Brazil,Finance,Series C,346,,50,33,104,08-17-22,YYYY-00-DD 00:00:SS,Unknown,
layoff_00884,Airtable,San Francisco,U.S.A.,Product,Series F,1270,1016,254,,1400,"December 08, 2022",12/08/2022,Private,
layoff_02589,Eaze,San Francisco,Unknown,Cannabis,,700,36,25,15,77,02-Jun-2022,YYYY-00-DD 00:00:SS,Private,
layoff_01486,amazon ,Seattle,United States,Retail,Post-IPO,2222,204,30,5%,108,18-Jan-2024,YYYY-00-DD 00:00:SS,Unknown,
layoff_05376,Cruise,SF Bay Area,U.S.A.,Transportation,Acquired,1875,8091,150,8,5300,"May 14, 2020",2020-05-14,Unknown,
layoff_01771,Apeks,Oslo,Norway,E-sport, Unknown ,16667,1195,103,30,306,2024-05-29,YYYY-00-DD 00:00:SS,Unknown,
layoff_02111,Blue Origin,Seattle,United States of America,Aerospace,Unknown,10000,9000,1000,10,167,13-Feb-2025,YYYY-00-DD 00:00:SS,Unknown,
layoff_00354,Virgin Hyperloop,Los Angeles,United States,TRANSPORTATION  ,  unknown  ,222,111,111,50,368,"February 21, 2022",02/22/2022,Unknown,
layoff_03433,Bolt,SF Bay Area,us,Finance,Series E,600,995,30,29,1300,12-14-23,YYYY-00-DD 00:00:SS,Unknown,
layoff_05457,Lambda School,SF Bay Area,USA, Education,Series B,600,5,19,100,48,2020-04-21,YYYY-00-DD 00:00:SS,Unknown,
layoff_05203,Fast,SF Bay Area,United States,Finance,Series B,10214,1393,50,,124,04/05/2022,"April 05, 2022",Unknown,
layoff_05557,Katerra,SF Bay Area,United States,Construction,Series D,8000,140,240,3%,1200,04-02-20,YYYY-00-DD 00:00:SS,Unknown,
layoff_03657,123Milhas,belo horizonte  ,Brazil,travel ,Unknown,60,0,85,20,,08/29/2023,06-Oct-2023,Unknown,
layoff_01759,Wefox,Berlin,Germany,Finance,Series D,85,335,60,28,1300,2024-05-16,YYYY-00-DD 00:00:SS,,
layoff_05069,Give Legacy,Boston,United States,Healthcare,Series B,388,450,150,31%,45,"June 24, 2022",YYYY-00-DD 00:00:SS,Unknown,
layoff_01662,Kaseya  ,Miami,United States,Software Development,Unknown,300,190000,150,6%,,04-03-24,2024-04-05,Unknown,
layoff_02133,HP,Palo Alto,United States of America,HARDWARE  ,Post-IPO,48000,114000,2000,10,200,02-28-25,YYYY-00-DD 00:00:SS,Unknown,
layoff_00124,Scoop,San Francisco,U.S.,Transportation,Series C,279,,92,33%,95,04-08-20,YYYY-00-DD 00:00:SS,Unknown,
layoff_00065,Highsnobiety,Berlin,Germany,Media,Series A,204,153,51,25,9,2020-04-01,YYYY-00-DD 00:00:SS,Unknown,
layoff_03094,GupShup,SF Bay Area,India,Other,,7200,842,100,21,484,2025-09-04,YYYY-00-DD 00:00:SS,Unknown,
layoff_05502,Rhumbix,SF Bay Area,United States,Construction,Series B ,59,5314,16,27,35,04/10/2020,YYYY-00-DD 00:00:SS,Unknown,
layoff_01725,Google,Mountain View,United States,Consumer,Post-IPO,583,611,200,40,26,05-01-24,YYYY-00-DD 00:00:SS,Unknown,
layoff_02055,BionicHIVE,Sderot,Israel,Hardware, unknown  ,0,0,,100,12,2024-12-22,12/28/2024,Unknown,
layoff_04223,VinFast US,Los Angeles,United States,Transportation,Subsidiary,158,4685,,,314,06-Feb-2023,02/08/2023,Unknown,
layoff_04388,Captain Fresh,BENGALURU ,India,Food,Series C,2273,51,120,3%,126,15-Jan-2023,YYYY-00-DD 00:00:SS,Unknown,
layoff_04802,Bitrise,Budapest,Hungary,Infrastructure,Series C,6,0,134,14,83,"September 14, 2022",YYYY-00-DD 00:00:SS,Unknown,
layoff_04006,OpenClassrooms,Paris,France,Education,Series C,180,,140,25,150,"April 14, 2023",02-08-24,Unknown,
layoff_02148,Otorio,Tel Aviv,Israel,Security,Acquired ,80,35,45,56%,61,03/17/2025,18-Mar-2025,Unknown,
layoff_04667,NanoString, Seattle,United States,Healthcare,,553,27,,10,731,11-08-22,YYYY-00-DD 00:00:SS,Unknown,
layoff_03502,Snap,Los Angeles,United States,Consumer,Post-IPO,1000,920,20,7,4900,"November 08, 2023",YYYY-00-DD 00:00:SS,Unknown,
layoff_04636,Veev, sf bay area ,United States,Real Estate,Series D,333,1927,100,30,597,11-11-22,YYYY-00-DD 00:00:SS,Unknown,
layoff_05146,TomTom,amsterdam ,Netherlands,Transportation, post-ipo,5000,732,500,10,,2022-06-01,YYYY-00-DD 00:00:SS,Unknown,
layoff_01170, benchling ,San Francisco,United States,  OTHER  ,Series F,822,748,74,9,411,21-Apr-2023,YYYY-00-DD 00:00:SS,Unknown,
layoff_01557,Zwift,  LOS ANGELES,us,Fitness,Series C,1415,408,70,22,619,2024-02-05,YYYY-00-DD 00:00:SS,Unknown,
layoff_00759,equityzen  ,New York City,us, Finance,Series B,111,,30,,,10-31-22,11-01-22,Unknown,
layoff_02854,Credit Karma,SF Bay Area,United States, Finance ,Acquired,413,900,117,27,,05-30-26,06-03-26,Unknown,
layoff_00017,Sonder,San Francisco,U.S.A.,Travel,Series D,1212,812,400,33%,359,03/24/2020,YYYY-00-DD 00:00:SS,Unknown,
layoff_02937,Meta,SF Bay Area,United States,Consumer,Post-IPO,927,1567,,13.6,26000,04/02/2026,07-Apr-2026,Unknown,
layoff_05462,Hipcamp,  SF Bay Area ,United States of America,Travel,Series B,200,3150,200,60%,40.5,2020-04-20,"August 27, 2020",Unknown,
layoff_00553,Calibrate,New York City,United States,Healthcare  ,Series B,650,494,156,24,127,07-08-22,YYYY-00-DD 00:00:SS,Unknown,
layoff_02566,BlockFi,Jersey City,N/A,Crypto,Unknown,375,261,2000,100,549,11/28/2022,YYYY-00-DD 00:00:SS,Private,
layoff_01323, nexar  ,New York City,United States,Transportation,Series D,121,104,17,14,149,09/04/2023,"September 04, 2023",,
layoff_04663,EverBridge,  boston  ,United States,Other,Post-IPO,450,748,200,5%,476,11/08/2022,YYYY-00-DD 00:00:SS,,
layoff_03794, rad power bikes,Seattle,us,Transportation,Series D,6667,760,40,5,329,07-10-23,YYYY-00-DD 00:00:SS,Unknown,
layoff_04032,Airbyte,SF Bay Area,United States,Data,Series B,3750,,150,11,181,2023-03-31,12-Apr-2023,,
layoff_05545,D2iQ,SF Bay Area,us,  Infrastructure ,Series D,262,450,34,13,247,04/03/2020,YYYY-00-DD 00:00:SS,Unknown,
layoff_00456,FarEye,,India, LOGISTICS ,Series E,833,583,250,30,150,06/10/2022,YYYY-00-DD 00:00:SS,,
layoff_04022,Amplitude,SF Bay Area,United States,Data,Post-IPO,762,663,99,,,2023-04-05,"April 05, 2023",Unknown,
layoff_01459,Instagram,Palo Alto,United States,Consumer,,1000,99,60,22,57,"January 10, 2024",YYYY-00-DD 00:00:SS,Unknown,
layoff_02863,BigID,New York City,USA,Security,Series E,425,495,,20,306,05/26/2026,YYYY-00-DD 00:00:SS,Unknown,
layoff_01159,Drip Capital,PALO ALTO ,United States,Finance,Series C,375,300,75,20,85,2023-04-14,14-Apr-2023,Unknown,
layoff_01634,IBM,New York City,USA,Hardware,POST-IPO,0,85000,130,33,12,2024-03-12,17-Mar-2024,,
layoff_01346,Hopper,,Canada,,Unknown,833,,250,30,730,2023-10-04,YYYY-00-DD 00:00:SS,Unknown,
layoff_04319,PagerDuty  ,,United States,Product,Post-IPO,106,228,24,7%,173,2023-01-24,01-24-23,,
layoff_02742, ALPHABET ,"  Mountain View, CA",n/a,"Big tech, internet services",Unknown,111,855,12000,13.6,428,"January 20, 2023",01/20/2023,Public,
layoff_00931,UpScalio,Gurugram,India,Retail,Series B,167,142,25,15,62,05-Jan-2023,YYYY-00-DD 00:00:SS,Unknown,
layoff_00780,Twitter,San Francisco,U.S.,Consumer,Post-IPO,7400,3700,3700,50,12900,"November 04, 2022",11-04-22,,
layoff_00332,Dropbox,,us,Other,Post-IPO,2100,1785,315,,1700,13-Jan-2021,YYYY-00-DD 00:00:SS,Unknown,
layoff_00440,Cazoo,London,United Kingdom,Transportation,POST-IPO,5000,4250,750,15,,"June 07, 2022",YYYY-00-DD 00:00:SS,Unknown,
layoff_04604,Dance,Berlin,Germany,Transportation,,14000,323,40,16,63,11-16-22,11-17-22,Unknown,
layoff_02900,Freshworks,sf bay area,,Support,Post-IPO,4545,6650,500,11%,484,05-05-26,YYYY-00-DD 00:00:SS,Unknown,
layoff_04093,Neoleukin Therapeutics,Seattle,United States,Healthcare,Post-IPO,642,19,50,70,157,2023-03-09,YYYY-00-DD 00:00:SS,Unknown,
layoff_04797,WorkRamp,  sf bay area  ,United States,HR,Series C,175,800,35,20%,67,15-Sep-2022,YYYY-00-DD 00:00:SS,Unknown,
layoff_01462,7Shifts,Saskatoon,Canada,Food,  SERIES C  ,358,290,68,19,131,01-11-24,18-Jan-2024,Unknown,
layoff_04542,Lora DiCarlo,Bend,United States,Consumer,Unknown,312,1140,30,100%,9,02-Dec-2022,YYYY-00-DD 00:00:SS,Unknown,
layoff_01068,Neon,sao paulo,Brazil,Finance,,2333,,210,9%,720,02/15/2023,02/15/2023,Unknown,